id	wikidata
https://ehkultura.wikibase.cloud/entity/Q37345	http://www.wikidata.org/entity/Q9032901
https://ehkultura.wikibase.cloud/entity/Q24398	http://www.wikidata.org/entity/Q12260248
https://ehkultura.wikibase.cloud/entity/Q29676	http://www.wikidata.org/entity/Q109937072
https://ehkultura.wikibase.cloud/entity/Q34848	http://www.wikidata.org/entity/Q180374
https://ehkultura.wikibase.cloud/entity/Q29034	http://www.wikidata.org/entity/Q12257834
https://ehkultura.wikibase.cloud/entity/Q37471	http://www.wikidata.org/entity/Q5950147
https://ehkultura.wikibase.cloud/entity/Q30788	http://www.wikidata.org/entity/Q12259454
https://ehkultura.wikibase.cloud/entity/Q29607	http://www.wikidata.org/entity/Q38595903
https://ehkultura.wikibase.cloud/entity/Q25167	http://www.wikidata.org/entity/Q11680211
https://ehkultura.wikibase.cloud/entity/Q25450	http://www.wikidata.org/entity/Q12253444
https://ehkultura.wikibase.cloud/entity/Q35159	http://www.wikidata.org/entity/Q460198
https://ehkultura.wikibase.cloud/entity/Q32880	http://www.wikidata.org/entity/Q59779855
https://ehkultura.wikibase.cloud/entity/Q23873	http://www.wikidata.org/entity/Q9065896
https://ehkultura.wikibase.cloud/entity/Q24316	http://www.wikidata.org/entity/Q86593
https://ehkultura.wikibase.cloud/entity/Q24456	http://www.wikidata.org/entity/Q67547
https://ehkultura.wikibase.cloud/entity/Q24448	http://www.wikidata.org/entity/Q167683
https://ehkultura.wikibase.cloud/entity/Q24384	http://www.wikidata.org/entity/Q234279
https://ehkultura.wikibase.cloud/entity/Q24450	http://www.wikidata.org/entity/Q263324
https://ehkultura.wikibase.cloud/entity/Q24310	http://www.wikidata.org/entity/Q306403
https://ehkultura.wikibase.cloud/entity/Q24446	http://www.wikidata.org/entity/Q316051
https://ehkultura.wikibase.cloud/entity/Q24414	http://www.wikidata.org/entity/Q329849
https://ehkultura.wikibase.cloud/entity/Q24453	http://www.wikidata.org/entity/Q326067
https://ehkultura.wikibase.cloud/entity/Q24424	http://www.wikidata.org/entity/Q352465
https://ehkultura.wikibase.cloud/entity/Q24457	http://www.wikidata.org/entity/Q343055
https://ehkultura.wikibase.cloud/entity/Q24409	http://www.wikidata.org/entity/Q360371
https://ehkultura.wikibase.cloud/entity/Q24315	http://www.wikidata.org/entity/Q442841
https://ehkultura.wikibase.cloud/entity/Q24429	http://www.wikidata.org/entity/Q461050
https://ehkultura.wikibase.cloud/entity/Q24406	http://www.wikidata.org/entity/Q508285
https://ehkultura.wikibase.cloud/entity/Q24385	http://www.wikidata.org/entity/Q541868
https://ehkultura.wikibase.cloud/entity/Q24318	http://www.wikidata.org/entity/Q685040
https://ehkultura.wikibase.cloud/entity/Q24412	http://www.wikidata.org/entity/Q698436
https://ehkultura.wikibase.cloud/entity/Q24324	http://www.wikidata.org/entity/Q725773
https://ehkultura.wikibase.cloud/entity/Q24434	http://www.wikidata.org/entity/Q722461
https://ehkultura.wikibase.cloud/entity/Q24374	http://www.wikidata.org/entity/Q828254
https://ehkultura.wikibase.cloud/entity/Q24328	http://www.wikidata.org/entity/Q944163
https://ehkultura.wikibase.cloud/entity/Q24359	http://www.wikidata.org/entity/Q973127
https://ehkultura.wikibase.cloud/entity/Q24462	http://www.wikidata.org/entity/Q980351
https://ehkultura.wikibase.cloud/entity/Q24455	http://www.wikidata.org/entity/Q1064751
https://ehkultura.wikibase.cloud/entity/Q24442	http://www.wikidata.org/entity/Q1276954
https://ehkultura.wikibase.cloud/entity/Q24403	http://www.wikidata.org/entity/Q1288359
https://ehkultura.wikibase.cloud/entity/Q24443	http://www.wikidata.org/entity/Q1367568
https://ehkultura.wikibase.cloud/entity/Q24444	http://www.wikidata.org/entity/Q1570107
https://ehkultura.wikibase.cloud/entity/Q24410	http://www.wikidata.org/entity/Q1640234
https://ehkultura.wikibase.cloud/entity/Q24325	http://www.wikidata.org/entity/Q1769472
https://ehkultura.wikibase.cloud/entity/Q24445	http://www.wikidata.org/entity/Q1811812
https://ehkultura.wikibase.cloud/entity/Q24375	http://www.wikidata.org/entity/Q1907638
https://ehkultura.wikibase.cloud/entity/Q24322	http://www.wikidata.org/entity/Q2369210
https://ehkultura.wikibase.cloud/entity/Q24368	http://www.wikidata.org/entity/Q2396324
https://ehkultura.wikibase.cloud/entity/Q24366	http://www.wikidata.org/entity/Q2443720
https://ehkultura.wikibase.cloud/entity/Q24336	http://www.wikidata.org/entity/Q2558727
https://ehkultura.wikibase.cloud/entity/Q24461	http://www.wikidata.org/entity/Q2913386
https://ehkultura.wikibase.cloud/entity/Q24400	http://www.wikidata.org/entity/Q3035204
https://ehkultura.wikibase.cloud/entity/Q24428	http://www.wikidata.org/entity/Q3083192
https://ehkultura.wikibase.cloud/entity/Q24426	http://www.wikidata.org/entity/Q3084802
https://ehkultura.wikibase.cloud/entity/Q24371	http://www.wikidata.org/entity/Q3170390
https://ehkultura.wikibase.cloud/entity/Q24309	http://www.wikidata.org/entity/Q3309677
https://ehkultura.wikibase.cloud/entity/Q24372	http://www.wikidata.org/entity/Q3295094
https://ehkultura.wikibase.cloud/entity/Q24430	http://www.wikidata.org/entity/Q3530737
https://ehkultura.wikibase.cloud/entity/Q24407	http://www.wikidata.org/entity/Q3751089
https://ehkultura.wikibase.cloud/entity/Q24425	http://www.wikidata.org/entity/Q3822596
https://ehkultura.wikibase.cloud/entity/Q24329	http://www.wikidata.org/entity/Q4719897
https://ehkultura.wikibase.cloud/entity/Q24454	http://www.wikidata.org/entity/Q5552777
https://ehkultura.wikibase.cloud/entity/Q24382	http://www.wikidata.org/entity/Q5882966
https://ehkultura.wikibase.cloud/entity/Q24333	http://www.wikidata.org/entity/Q5920748
https://ehkultura.wikibase.cloud/entity/Q24358	http://www.wikidata.org/entity/Q5983539
https://ehkultura.wikibase.cloud/entity/Q24317	http://www.wikidata.org/entity/Q7831734
https://ehkultura.wikibase.cloud/entity/Q24394	http://www.wikidata.org/entity/Q8002826
https://ehkultura.wikibase.cloud/entity/Q24321	http://www.wikidata.org/entity/Q12263689
https://ehkultura.wikibase.cloud/entity/Q24331	http://www.wikidata.org/entity/Q12269021
https://ehkultura.wikibase.cloud/entity/Q24357	http://www.wikidata.org/entity/Q12260928
https://ehkultura.wikibase.cloud/entity/Q24422	http://www.wikidata.org/entity/Q13843338
https://ehkultura.wikibase.cloud/entity/Q24342	http://www.wikidata.org/entity/Q17364327
https://ehkultura.wikibase.cloud/entity/Q24379	http://www.wikidata.org/entity/Q18608198
https://ehkultura.wikibase.cloud/entity/Q24427	http://www.wikidata.org/entity/Q19594515
https://ehkultura.wikibase.cloud/entity/Q24437	http://www.wikidata.org/entity/Q24567407
https://ehkultura.wikibase.cloud/entity/Q24345	http://www.wikidata.org/entity/Q24941300
https://ehkultura.wikibase.cloud/entity/Q24441	http://www.wikidata.org/entity/Q25341255
https://ehkultura.wikibase.cloud/entity/Q24389	http://www.wikidata.org/entity/Q25917270
https://ehkultura.wikibase.cloud/entity/Q24447	http://www.wikidata.org/entity/Q26159926
https://ehkultura.wikibase.cloud/entity/Q24356	http://www.wikidata.org/entity/Q34743831
https://ehkultura.wikibase.cloud/entity/Q24413	http://www.wikidata.org/entity/Q42827398
https://ehkultura.wikibase.cloud/entity/Q24340	http://www.wikidata.org/entity/Q47490645
https://ehkultura.wikibase.cloud/entity/Q24390	http://www.wikidata.org/entity/Q47538760
https://ehkultura.wikibase.cloud/entity/Q24365	http://www.wikidata.org/entity/Q47581191
https://ehkultura.wikibase.cloud/entity/Q24440	http://www.wikidata.org/entity/Q55688781
https://ehkultura.wikibase.cloud/entity/Q24378	http://www.wikidata.org/entity/Q59167373
https://ehkultura.wikibase.cloud/entity/Q24347	http://www.wikidata.org/entity/Q60685416
https://ehkultura.wikibase.cloud/entity/Q24314	http://www.wikidata.org/entity/Q82817225
https://ehkultura.wikibase.cloud/entity/Q24348	http://www.wikidata.org/entity/Q93373137
https://ehkultura.wikibase.cloud/entity/Q24404	http://www.wikidata.org/entity/Q93371358
https://ehkultura.wikibase.cloud/entity/Q24391	http://www.wikidata.org/entity/Q93428493
https://ehkultura.wikibase.cloud/entity/Q24388	http://www.wikidata.org/entity/Q93432529
https://ehkultura.wikibase.cloud/entity/Q24396	http://www.wikidata.org/entity/Q93429743
https://ehkultura.wikibase.cloud/entity/Q24386	http://www.wikidata.org/entity/Q93434748
https://ehkultura.wikibase.cloud/entity/Q24332	http://www.wikidata.org/entity/Q94098754
https://ehkultura.wikibase.cloud/entity/Q24431	http://www.wikidata.org/entity/Q94412333
https://ehkultura.wikibase.cloud/entity/Q24460	http://www.wikidata.org/entity/Q95395461
https://ehkultura.wikibase.cloud/entity/Q24341	http://www.wikidata.org/entity/Q95911904
https://ehkultura.wikibase.cloud/entity/Q24381	http://www.wikidata.org/entity/Q96096753
https://ehkultura.wikibase.cloud/entity/Q24401	http://www.wikidata.org/entity/Q108697914
https://ehkultura.wikibase.cloud/entity/Q24432	http://www.wikidata.org/entity/Q112451877
https://ehkultura.wikibase.cloud/entity/Q24451	http://www.wikidata.org/entity/Q112448357
https://ehkultura.wikibase.cloud/entity/Q24452	http://www.wikidata.org/entity/Q119580790
https://ehkultura.wikibase.cloud/entity/Q24387	http://www.wikidata.org/entity/Q120358239
https://ehkultura.wikibase.cloud/entity/Q24346	http://www.wikidata.org/entity/Q122500094
https://ehkultura.wikibase.cloud/entity/Q24370	http://www.wikidata.org/entity/Q131302813
https://ehkultura.wikibase.cloud/entity/Q24312	http://www.wikidata.org/entity/Q41131
https://ehkultura.wikibase.cloud/entity/Q24349	http://www.wikidata.org/entity/Q41408
https://ehkultura.wikibase.cloud/entity/Q23986	http://www.wikidata.org/entity/Q72883
https://ehkultura.wikibase.cloud/entity/Q23997	http://www.wikidata.org/entity/Q104266
https://ehkultura.wikibase.cloud/entity/Q24045	http://www.wikidata.org/entity/Q152524
https://ehkultura.wikibase.cloud/entity/Q24057	http://www.wikidata.org/entity/Q156567
https://ehkultura.wikibase.cloud/entity/Q24089	http://www.wikidata.org/entity/Q156736
https://ehkultura.wikibase.cloud/entity/Q24029	http://www.wikidata.org/entity/Q218686
https://ehkultura.wikibase.cloud/entity/Q24101	http://www.wikidata.org/entity/Q232273
https://ehkultura.wikibase.cloud/entity/Q24080	http://www.wikidata.org/entity/Q259348
https://ehkultura.wikibase.cloud/entity/Q24018	http://www.wikidata.org/entity/Q309716
https://ehkultura.wikibase.cloud/entity/Q24027	http://www.wikidata.org/entity/Q375386
https://ehkultura.wikibase.cloud/entity/Q24007	http://www.wikidata.org/entity/Q450764
https://ehkultura.wikibase.cloud/entity/Q23998	http://www.wikidata.org/entity/Q466607
https://ehkultura.wikibase.cloud/entity/Q24114	http://www.wikidata.org/entity/Q446427
https://ehkultura.wikibase.cloud/entity/Q24006	http://www.wikidata.org/entity/Q487546
https://ehkultura.wikibase.cloud/entity/Q24052	http://www.wikidata.org/entity/Q551429
https://ehkultura.wikibase.cloud/entity/Q23989	http://www.wikidata.org/entity/Q589698
https://ehkultura.wikibase.cloud/entity/Q24049	http://www.wikidata.org/entity/Q649627
https://ehkultura.wikibase.cloud/entity/Q24117	http://www.wikidata.org/entity/Q633809
https://ehkultura.wikibase.cloud/entity/Q24135	http://www.wikidata.org/entity/Q727753
https://ehkultura.wikibase.cloud/entity/Q23995	http://www.wikidata.org/entity/Q834926
https://ehkultura.wikibase.cloud/entity/Q24084	http://www.wikidata.org/entity/Q930619
https://ehkultura.wikibase.cloud/entity/Q24072	http://www.wikidata.org/entity/Q1241761
https://ehkultura.wikibase.cloud/entity/Q24113	http://www.wikidata.org/entity/Q1252116
https://ehkultura.wikibase.cloud/entity/Q24134	http://www.wikidata.org/entity/Q1347062
https://ehkultura.wikibase.cloud/entity/Q24085	http://www.wikidata.org/entity/Q1518141
https://ehkultura.wikibase.cloud/entity/Q24010	http://www.wikidata.org/entity/Q1578900
https://ehkultura.wikibase.cloud/entity/Q24136	http://www.wikidata.org/entity/Q2677363
https://ehkultura.wikibase.cloud/entity/Q24034	http://www.wikidata.org/entity/Q3013828
https://ehkultura.wikibase.cloud/entity/Q24036	http://www.wikidata.org/entity/Q3081821
https://ehkultura.wikibase.cloud/entity/Q24042	http://www.wikidata.org/entity/Q3434729
https://ehkultura.wikibase.cloud/entity/Q24076	http://www.wikidata.org/entity/Q5448539
https://ehkultura.wikibase.cloud/entity/Q24118	http://www.wikidata.org/entity/Q5662945
https://ehkultura.wikibase.cloud/entity/Q24103	http://www.wikidata.org/entity/Q5833176
https://ehkultura.wikibase.cloud/entity/Q24020	http://www.wikidata.org/entity/Q5858970
https://ehkultura.wikibase.cloud/entity/Q24068	http://www.wikidata.org/entity/Q5859367
https://ehkultura.wikibase.cloud/entity/Q24127	http://www.wikidata.org/entity/Q5934268
https://ehkultura.wikibase.cloud/entity/Q24122	http://www.wikidata.org/entity/Q6109667
https://ehkultura.wikibase.cloud/entity/Q24096	http://www.wikidata.org/entity/Q6120865
https://ehkultura.wikibase.cloud/entity/Q24100	http://www.wikidata.org/entity/Q6177037
https://ehkultura.wikibase.cloud/entity/Q24112	http://www.wikidata.org/entity/Q6709343
https://ehkultura.wikibase.cloud/entity/Q24086	http://www.wikidata.org/entity/Q7815261
https://ehkultura.wikibase.cloud/entity/Q24107	http://www.wikidata.org/entity/Q8386273
https://ehkultura.wikibase.cloud/entity/Q23992	http://www.wikidata.org/entity/Q9032662
https://ehkultura.wikibase.cloud/entity/Q24063	http://www.wikidata.org/entity/Q9048504
https://ehkultura.wikibase.cloud/entity/Q24043	http://www.wikidata.org/entity/Q12162865
https://ehkultura.wikibase.cloud/entity/Q24031	http://www.wikidata.org/entity/Q12392860
https://ehkultura.wikibase.cloud/entity/Q24033	http://www.wikidata.org/entity/Q16298703
https://ehkultura.wikibase.cloud/entity/Q23999	http://www.wikidata.org/entity/Q16992392
https://ehkultura.wikibase.cloud/entity/Q24038	http://www.wikidata.org/entity/Q19609832
https://ehkultura.wikibase.cloud/entity/Q24022	http://www.wikidata.org/entity/Q19938922
https://ehkultura.wikibase.cloud/entity/Q24075	http://www.wikidata.org/entity/Q20005312
https://ehkultura.wikibase.cloud/entity/Q24126	http://www.wikidata.org/entity/Q22569814
https://ehkultura.wikibase.cloud/entity/Q24088	http://www.wikidata.org/entity/Q24353931
https://ehkultura.wikibase.cloud/entity/Q24074	http://www.wikidata.org/entity/Q25272208
https://ehkultura.wikibase.cloud/entity/Q24019	http://www.wikidata.org/entity/Q25509946
https://ehkultura.wikibase.cloud/entity/Q24123	http://www.wikidata.org/entity/Q28735831
https://ehkultura.wikibase.cloud/entity/Q24053	http://www.wikidata.org/entity/Q29345272
https://ehkultura.wikibase.cloud/entity/Q24044	http://www.wikidata.org/entity/Q30038491
https://ehkultura.wikibase.cloud/entity/Q24060	http://www.wikidata.org/entity/Q33319243
https://ehkultura.wikibase.cloud/entity/Q24051	http://www.wikidata.org/entity/Q37828646
https://ehkultura.wikibase.cloud/entity/Q24082	http://www.wikidata.org/entity/Q53450609
https://ehkultura.wikibase.cloud/entity/Q24058	http://www.wikidata.org/entity/Q53551496
https://ehkultura.wikibase.cloud/entity/Q24067	http://www.wikidata.org/entity/Q53549597
https://ehkultura.wikibase.cloud/entity/Q24064	http://www.wikidata.org/entity/Q53553554
https://ehkultura.wikibase.cloud/entity/Q24011	http://www.wikidata.org/entity/Q56651172
https://ehkultura.wikibase.cloud/entity/Q24056	http://www.wikidata.org/entity/Q56744172
https://ehkultura.wikibase.cloud/entity/Q24104	http://www.wikidata.org/entity/Q58197520
https://ehkultura.wikibase.cloud/entity/Q24090	http://www.wikidata.org/entity/Q59533636
https://ehkultura.wikibase.cloud/entity/Q24070	http://www.wikidata.org/entity/Q59549084
https://ehkultura.wikibase.cloud/entity/Q24124	http://www.wikidata.org/entity/Q74405156
https://ehkultura.wikibase.cloud/entity/Q24119	http://www.wikidata.org/entity/Q85867215
https://ehkultura.wikibase.cloud/entity/Q24092	http://www.wikidata.org/entity/Q86593336
https://ehkultura.wikibase.cloud/entity/Q24102	http://www.wikidata.org/entity/Q90160365
https://ehkultura.wikibase.cloud/entity/Q24061	http://www.wikidata.org/entity/Q93230585
https://ehkultura.wikibase.cloud/entity/Q24041	http://www.wikidata.org/entity/Q93387832
https://ehkultura.wikibase.cloud/entity/Q24003	http://www.wikidata.org/entity/Q94684676
https://ehkultura.wikibase.cloud/entity/Q24087	http://www.wikidata.org/entity/Q95703249
https://ehkultura.wikibase.cloud/entity/Q24023	http://www.wikidata.org/entity/Q96756748
https://ehkultura.wikibase.cloud/entity/Q24037	http://www.wikidata.org/entity/Q96754761
https://ehkultura.wikibase.cloud/entity/Q24017	http://www.wikidata.org/entity/Q99438428
https://ehkultura.wikibase.cloud/entity/Q24108	http://www.wikidata.org/entity/Q103851516
https://ehkultura.wikibase.cloud/entity/Q24028	http://www.wikidata.org/entity/Q110037811
https://ehkultura.wikibase.cloud/entity/Q24015	http://www.wikidata.org/entity/Q111077250
https://ehkultura.wikibase.cloud/entity/Q24009	http://www.wikidata.org/entity/Q112324769
https://ehkultura.wikibase.cloud/entity/Q24137	http://www.wikidata.org/entity/Q113781188
https://ehkultura.wikibase.cloud/entity/Q24094	http://www.wikidata.org/entity/Q113804364
https://ehkultura.wikibase.cloud/entity/Q24097	http://www.wikidata.org/entity/Q114678577
https://ehkultura.wikibase.cloud/entity/Q24040	http://www.wikidata.org/entity/Q116292082
https://ehkultura.wikibase.cloud/entity/Q24046	http://www.wikidata.org/entity/Q117406355
https://ehkultura.wikibase.cloud/entity/Q24005	http://www.wikidata.org/entity/Q118829409
https://ehkultura.wikibase.cloud/entity/Q24081	http://www.wikidata.org/entity/Q118818678
https://ehkultura.wikibase.cloud/entity/Q24109	http://www.wikidata.org/entity/Q118828977
https://ehkultura.wikibase.cloud/entity/Q24004	http://www.wikidata.org/entity/Q123358193
https://ehkultura.wikibase.cloud/entity/Q24125	http://www.wikidata.org/entity/Q124211967
https://ehkultura.wikibase.cloud/entity/Q24035	http://www.wikidata.org/entity/Q124381977
https://ehkultura.wikibase.cloud/entity/Q24105	http://www.wikidata.org/entity/Q130239081
https://ehkultura.wikibase.cloud/entity/Q24132	http://www.wikidata.org/entity/Q131932876
https://ehkultura.wikibase.cloud/entity/Q24083	http://www.wikidata.org/entity/Q882
https://ehkultura.wikibase.cloud/entity/Q24078	http://www.wikidata.org/entity/Q35548
https://ehkultura.wikibase.cloud/entity/Q24013	http://www.wikidata.org/entity/Q56008
https://ehkultura.wikibase.cloud/entity/Q23929	http://www.wikidata.org/entity/Q66209
https://ehkultura.wikibase.cloud/entity/Q23902	http://www.wikidata.org/entity/Q83326
https://ehkultura.wikibase.cloud/entity/Q23854	http://www.wikidata.org/entity/Q105221
https://ehkultura.wikibase.cloud/entity/Q23910	http://www.wikidata.org/entity/Q158092
https://ehkultura.wikibase.cloud/entity/Q23984	http://www.wikidata.org/entity/Q156193
https://ehkultura.wikibase.cloud/entity/Q23909	http://www.wikidata.org/entity/Q182847
https://ehkultura.wikibase.cloud/entity/Q23884	http://www.wikidata.org/entity/Q190373
https://ehkultura.wikibase.cloud/entity/Q23850	http://www.wikidata.org/entity/Q215919
https://ehkultura.wikibase.cloud/entity/Q23848	http://www.wikidata.org/entity/Q221771
https://ehkultura.wikibase.cloud/entity/Q23893	http://www.wikidata.org/entity/Q234721
https://ehkultura.wikibase.cloud/entity/Q23859	http://www.wikidata.org/entity/Q270800
https://ehkultura.wikibase.cloud/entity/Q23875	http://www.wikidata.org/entity/Q274415
https://ehkultura.wikibase.cloud/entity/Q23861	http://www.wikidata.org/entity/Q311005
https://ehkultura.wikibase.cloud/entity/Q23911	http://www.wikidata.org/entity/Q362544
https://ehkultura.wikibase.cloud/entity/Q23931	http://www.wikidata.org/entity/Q495813
https://ehkultura.wikibase.cloud/entity/Q23927	http://www.wikidata.org/entity/Q628136
https://ehkultura.wikibase.cloud/entity/Q23878	http://www.wikidata.org/entity/Q647075
https://ehkultura.wikibase.cloud/entity/Q23896	http://www.wikidata.org/entity/Q642942
https://ehkultura.wikibase.cloud/entity/Q23852	http://www.wikidata.org/entity/Q706078
https://ehkultura.wikibase.cloud/entity/Q23968	http://www.wikidata.org/entity/Q705225
https://ehkultura.wikibase.cloud/entity/Q23974	http://www.wikidata.org/entity/Q822322
https://ehkultura.wikibase.cloud/entity/Q23913	http://www.wikidata.org/entity/Q931009
https://ehkultura.wikibase.cloud/entity/Q23953	http://www.wikidata.org/entity/Q955912
https://ehkultura.wikibase.cloud/entity/Q23990	http://www.wikidata.org/entity/Q1351142
https://ehkultura.wikibase.cloud/entity/Q23945	http://www.wikidata.org/entity/Q1522417
https://ehkultura.wikibase.cloud/entity/Q23960	http://www.wikidata.org/entity/Q1711445
https://ehkultura.wikibase.cloud/entity/Q23888	http://www.wikidata.org/entity/Q1947131
https://ehkultura.wikibase.cloud/entity/Q23985	http://www.wikidata.org/entity/Q1979892
https://ehkultura.wikibase.cloud/entity/Q23891	http://www.wikidata.org/entity/Q2062387
https://ehkultura.wikibase.cloud/entity/Q23976	http://www.wikidata.org/entity/Q2837877
https://ehkultura.wikibase.cloud/entity/Q23962	http://www.wikidata.org/entity/Q2897554
https://ehkultura.wikibase.cloud/entity/Q23988	http://www.wikidata.org/entity/Q3084095
https://ehkultura.wikibase.cloud/entity/Q23939	http://www.wikidata.org/entity/Q3170712
https://ehkultura.wikibase.cloud/entity/Q23847	http://www.wikidata.org/entity/Q3312335
https://ehkultura.wikibase.cloud/entity/Q23944	http://www.wikidata.org/entity/Q3335555
https://ehkultura.wikibase.cloud/entity/Q23923	http://www.wikidata.org/entity/Q3554232
https://ehkultura.wikibase.cloud/entity/Q23937	http://www.wikidata.org/entity/Q3634934
https://ehkultura.wikibase.cloud/entity/Q23894	http://www.wikidata.org/entity/Q3754176
https://ehkultura.wikibase.cloud/entity/Q23978	http://www.wikidata.org/entity/Q3763457
https://ehkultura.wikibase.cloud/entity/Q23871	http://www.wikidata.org/entity/Q3816164
https://ehkultura.wikibase.cloud/entity/Q23971	http://www.wikidata.org/entity/Q3821080
https://ehkultura.wikibase.cloud/entity/Q23954	http://www.wikidata.org/entity/Q3852075
https://ehkultura.wikibase.cloud/entity/Q23943	http://www.wikidata.org/entity/Q3893775
https://ehkultura.wikibase.cloud/entity/Q23917	http://www.wikidata.org/entity/Q4080599
https://ehkultura.wikibase.cloud/entity/Q23949	http://www.wikidata.org/entity/Q4443200
https://ehkultura.wikibase.cloud/entity/Q23991	http://www.wikidata.org/entity/Q4963662
https://ehkultura.wikibase.cloud/entity/Q23867	http://www.wikidata.org/entity/Q6301617
https://ehkultura.wikibase.cloud/entity/Q23912	http://www.wikidata.org/entity/Q6384043
https://ehkultura.wikibase.cloud/entity/Q23946	http://www.wikidata.org/entity/Q6755398
https://ehkultura.wikibase.cloud/entity/Q23967	http://www.wikidata.org/entity/Q7814999
https://ehkultura.wikibase.cloud/entity/Q23934	http://www.wikidata.org/entity/Q9016844
https://ehkultura.wikibase.cloud/entity/Q23979	http://www.wikidata.org/entity/Q11690562
https://ehkultura.wikibase.cloud/entity/Q23866	http://www.wikidata.org/entity/Q12256485
https://ehkultura.wikibase.cloud/entity/Q23856	http://www.wikidata.org/entity/Q12263269
https://ehkultura.wikibase.cloud/entity/Q23857	http://www.wikidata.org/entity/Q12268926
https://ehkultura.wikibase.cloud/entity/Q23942	http://www.wikidata.org/entity/Q12257838
https://ehkultura.wikibase.cloud/entity/Q23890	http://www.wikidata.org/entity/Q15176626
https://ehkultura.wikibase.cloud/entity/Q23889	http://www.wikidata.org/entity/Q16174932
https://ehkultura.wikibase.cloud/entity/Q23883	http://www.wikidata.org/entity/Q16637185
https://ehkultura.wikibase.cloud/entity/Q23970	http://www.wikidata.org/entity/Q17029545
https://ehkultura.wikibase.cloud/entity/Q23956	http://www.wikidata.org/entity/Q19079499
https://ehkultura.wikibase.cloud/entity/Q23982	http://www.wikidata.org/entity/Q19290615
https://ehkultura.wikibase.cloud/entity/Q23951	http://www.wikidata.org/entity/Q19666872
https://ehkultura.wikibase.cloud/entity/Q23957	http://www.wikidata.org/entity/Q21506180
https://ehkultura.wikibase.cloud/entity/Q23940	http://www.wikidata.org/entity/Q21964326
https://ehkultura.wikibase.cloud/entity/Q23947	http://www.wikidata.org/entity/Q27735308
https://ehkultura.wikibase.cloud/entity/Q23980	http://www.wikidata.org/entity/Q29177394
https://ehkultura.wikibase.cloud/entity/Q23833	http://www.wikidata.org/entity/Q51360267
https://ehkultura.wikibase.cloud/entity/Q23981	http://www.wikidata.org/entity/Q53617958
https://ehkultura.wikibase.cloud/entity/Q23834	http://www.wikidata.org/entity/Q54270835
https://ehkultura.wikibase.cloud/entity/Q23925	http://www.wikidata.org/entity/Q55231135
https://ehkultura.wikibase.cloud/entity/Q23892	http://www.wikidata.org/entity/Q55638916
https://ehkultura.wikibase.cloud/entity/Q23864	http://www.wikidata.org/entity/Q56737227
https://ehkultura.wikibase.cloud/entity/Q23837	http://www.wikidata.org/entity/Q57083968
https://ehkultura.wikibase.cloud/entity/Q23919	http://www.wikidata.org/entity/Q59870567
https://ehkultura.wikibase.cloud/entity/Q23863	http://www.wikidata.org/entity/Q60438844
https://ehkultura.wikibase.cloud/entity/Q23865	http://www.wikidata.org/entity/Q63411229
https://ehkultura.wikibase.cloud/entity/Q23916	http://www.wikidata.org/entity/Q63989888
https://ehkultura.wikibase.cloud/entity/Q23882	http://www.wikidata.org/entity/Q93221457
https://ehkultura.wikibase.cloud/entity/Q23880	http://www.wikidata.org/entity/Q93431437
https://ehkultura.wikibase.cloud/entity/Q23965	http://www.wikidata.org/entity/Q93431154
https://ehkultura.wikibase.cloud/entity/Q23851	http://www.wikidata.org/entity/Q94904798
https://ehkultura.wikibase.cloud/entity/Q23870	http://www.wikidata.org/entity/Q95217555
https://ehkultura.wikibase.cloud/entity/Q23950	http://www.wikidata.org/entity/Q95870128
https://ehkultura.wikibase.cloud/entity/Q23899	http://www.wikidata.org/entity/Q101541303
https://ehkultura.wikibase.cloud/entity/Q23855	http://www.wikidata.org/entity/Q107901517
https://ehkultura.wikibase.cloud/entity/Q23845	http://www.wikidata.org/entity/Q112424724
https://ehkultura.wikibase.cloud/entity/Q23963	http://www.wikidata.org/entity/Q112468023
https://ehkultura.wikibase.cloud/entity/Q23872	http://www.wikidata.org/entity/Q132167112
https://ehkultura.wikibase.cloud/entity/Q23921	http://www.wikidata.org/entity/Q132167054
https://ehkultura.wikibase.cloud/entity/Q23860	http://www.wikidata.org/entity/Q1339
https://ehkultura.wikibase.cloud/entity/Q23849	http://www.wikidata.org/entity/Q7122
https://ehkultura.wikibase.cloud/entity/Q23877	http://www.wikidata.org/entity/Q9711
https://ehkultura.wikibase.cloud/entity/Q23977	http://www.wikidata.org/entity/Q909
https://ehkultura.wikibase.cloud/entity/Q23987	http://www.wikidata.org/entity/Q5383
https://ehkultura.wikibase.cloud/entity/Q23915	http://www.wikidata.org/entity/Q37327
https://ehkultura.wikibase.cloud/entity/Q23938	http://www.wikidata.org/entity/Q42156
https://ehkultura.wikibase.cloud/entity/Q23932	http://www.wikidata.org/entity/Q61078
https://ehkultura.wikibase.cloud/entity/Q23748	http://www.wikidata.org/entity/Q77061
https://ehkultura.wikibase.cloud/entity/Q23753	http://www.wikidata.org/entity/Q170071
https://ehkultura.wikibase.cloud/entity/Q23780	http://www.wikidata.org/entity/Q184169
https://ehkultura.wikibase.cloud/entity/Q23842	http://www.wikidata.org/entity/Q187166
https://ehkultura.wikibase.cloud/entity/Q23747	http://www.wikidata.org/entity/Q239823
https://ehkultura.wikibase.cloud/entity/Q23796	http://www.wikidata.org/entity/Q235066
https://ehkultura.wikibase.cloud/entity/Q23825	http://www.wikidata.org/entity/Q325184
https://ehkultura.wikibase.cloud/entity/Q23730	http://www.wikidata.org/entity/Q448604
https://ehkultura.wikibase.cloud/entity/Q23804	http://www.wikidata.org/entity/Q440493
https://ehkultura.wikibase.cloud/entity/Q23764	http://www.wikidata.org/entity/Q738795
https://ehkultura.wikibase.cloud/entity/Q23818	http://www.wikidata.org/entity/Q1125695
https://ehkultura.wikibase.cloud/entity/Q23743	http://www.wikidata.org/entity/Q1366385
https://ehkultura.wikibase.cloud/entity/Q23770	http://www.wikidata.org/entity/Q1521973
https://ehkultura.wikibase.cloud/entity/Q23781	http://www.wikidata.org/entity/Q1571111
https://ehkultura.wikibase.cloud/entity/Q23772	http://www.wikidata.org/entity/Q2273512
https://ehkultura.wikibase.cloud/entity/Q23817	http://www.wikidata.org/entity/Q2382294
https://ehkultura.wikibase.cloud/entity/Q23754	http://www.wikidata.org/entity/Q2422285
https://ehkultura.wikibase.cloud/entity/Q23826	http://www.wikidata.org/entity/Q2991034
https://ehkultura.wikibase.cloud/entity/Q23740	http://www.wikidata.org/entity/Q3163127
https://ehkultura.wikibase.cloud/entity/Q23820	http://www.wikidata.org/entity/Q3156061
https://ehkultura.wikibase.cloud/entity/Q23733	http://www.wikidata.org/entity/Q3307976
https://ehkultura.wikibase.cloud/entity/Q23766	http://www.wikidata.org/entity/Q4722002
https://ehkultura.wikibase.cloud/entity/Q23738	http://www.wikidata.org/entity/Q5041676
https://ehkultura.wikibase.cloud/entity/Q23793	http://www.wikidata.org/entity/Q5041755
https://ehkultura.wikibase.cloud/entity/Q23791	http://www.wikidata.org/entity/Q5075109
https://ehkultura.wikibase.cloud/entity/Q23827	http://www.wikidata.org/entity/Q5650578
https://ehkultura.wikibase.cloud/entity/Q23787	http://www.wikidata.org/entity/Q5668146
https://ehkultura.wikibase.cloud/entity/Q23765	http://www.wikidata.org/entity/Q5927362
https://ehkultura.wikibase.cloud/entity/Q23731	http://www.wikidata.org/entity/Q6003272
https://ehkultura.wikibase.cloud/entity/Q23832	http://www.wikidata.org/entity/Q6153158
https://ehkultura.wikibase.cloud/entity/Q23767	http://www.wikidata.org/entity/Q6301133
https://ehkultura.wikibase.cloud/entity/Q23737	http://www.wikidata.org/entity/Q7173496
https://ehkultura.wikibase.cloud/entity/Q23822	http://www.wikidata.org/entity/Q8196934
https://ehkultura.wikibase.cloud/entity/Q34891	http://www.wikidata.org/entity/Q5978519
https://ehkultura.wikibase.cloud/entity/Q23726	http://www.wikidata.org/entity/Q9007866
https://ehkultura.wikibase.cloud/entity/Q23824	http://www.wikidata.org/entity/Q11939802
https://ehkultura.wikibase.cloud/entity/Q23779	http://www.wikidata.org/entity/Q11954658
https://ehkultura.wikibase.cloud/entity/Q23736	http://www.wikidata.org/entity/Q12261379
https://ehkultura.wikibase.cloud/entity/Q23782	http://www.wikidata.org/entity/Q12254274
https://ehkultura.wikibase.cloud/entity/Q23752	http://www.wikidata.org/entity/Q12265661
https://ehkultura.wikibase.cloud/entity/Q23775	http://www.wikidata.org/entity/Q12260494
https://ehkultura.wikibase.cloud/entity/Q23771	http://www.wikidata.org/entity/Q12261539
https://ehkultura.wikibase.cloud/entity/Q23838	http://www.wikidata.org/entity/Q12261096
https://ehkultura.wikibase.cloud/entity/Q23811	http://www.wikidata.org/entity/Q16518507
https://ehkultura.wikibase.cloud/entity/Q23799	http://www.wikidata.org/entity/Q17418380
https://ehkultura.wikibase.cloud/entity/Q23830	http://www.wikidata.org/entity/Q20016249
https://ehkultura.wikibase.cloud/entity/Q23807	http://www.wikidata.org/entity/Q23954778
https://ehkultura.wikibase.cloud/entity/Q23761	http://www.wikidata.org/entity/Q27119654
https://ehkultura.wikibase.cloud/entity/Q23746	http://www.wikidata.org/entity/Q28226201
https://ehkultura.wikibase.cloud/entity/Q23828	http://www.wikidata.org/entity/Q29028450
https://ehkultura.wikibase.cloud/entity/Q23803	http://www.wikidata.org/entity/Q41671667
https://ehkultura.wikibase.cloud/entity/Q23841	http://www.wikidata.org/entity/Q44172896
https://ehkultura.wikibase.cloud/entity/Q23732	http://www.wikidata.org/entity/Q52990710
https://ehkultura.wikibase.cloud/entity/Q23755	http://www.wikidata.org/entity/Q53544299
https://ehkultura.wikibase.cloud/entity/Q23776	http://www.wikidata.org/entity/Q53545552
https://ehkultura.wikibase.cloud/entity/Q23794	http://www.wikidata.org/entity/Q53551756
https://ehkultura.wikibase.cloud/entity/Q23758	http://www.wikidata.org/entity/Q57837367
https://ehkultura.wikibase.cloud/entity/Q23784	http://www.wikidata.org/entity/Q63208393
https://ehkultura.wikibase.cloud/entity/Q23788	http://www.wikidata.org/entity/Q93381535
https://ehkultura.wikibase.cloud/entity/Q23792	http://www.wikidata.org/entity/Q93429709
https://ehkultura.wikibase.cloud/entity/Q23819	http://www.wikidata.org/entity/Q93435349
https://ehkultura.wikibase.cloud/entity/Q23813	http://www.wikidata.org/entity/Q94409337
https://ehkultura.wikibase.cloud/entity/Q23800	http://www.wikidata.org/entity/Q96756753
https://ehkultura.wikibase.cloud/entity/Q23816	http://www.wikidata.org/entity/Q99456452
https://ehkultura.wikibase.cloud/entity/Q23728	http://www.wikidata.org/entity/Q108618202
https://ehkultura.wikibase.cloud/entity/Q23786	http://www.wikidata.org/entity/Q110037793
https://ehkultura.wikibase.cloud/entity/Q23785	http://www.wikidata.org/entity/Q110813571
https://ehkultura.wikibase.cloud/entity/Q23769	http://www.wikidata.org/entity/Q112473553
https://ehkultura.wikibase.cloud/entity/Q23774	http://www.wikidata.org/entity/Q112558991
https://ehkultura.wikibase.cloud/entity/Q23742	http://www.wikidata.org/entity/Q113777504
https://ehkultura.wikibase.cloud/entity/Q23789	http://www.wikidata.org/entity/Q114913713
https://ehkultura.wikibase.cloud/entity/Q23839	http://www.wikidata.org/entity/Q124708485
https://ehkultura.wikibase.cloud/entity/Q23806	http://www.wikidata.org/entity/Q125052603
https://ehkultura.wikibase.cloud/entity/Q23745	http://www.wikidata.org/entity/Q132775283
https://ehkultura.wikibase.cloud/entity/Q23760	http://www.wikidata.org/entity/Q55172
https://ehkultura.wikibase.cloud/entity/Q23763	http://www.wikidata.org/entity/Q60637
https://ehkultura.wikibase.cloud/entity/Q23805	http://www.wikidata.org/entity/Q55433
https://ehkultura.wikibase.cloud/entity/Q24614	http://www.wikidata.org/entity/Q73136
https://ehkultura.wikibase.cloud/entity/Q24466	http://www.wikidata.org/entity/Q118296
https://ehkultura.wikibase.cloud/entity/Q24539	http://www.wikidata.org/entity/Q167475
https://ehkultura.wikibase.cloud/entity/Q24558	http://www.wikidata.org/entity/Q166159
https://ehkultura.wikibase.cloud/entity/Q24584	http://www.wikidata.org/entity/Q163662
https://ehkultura.wikibase.cloud/entity/Q24554	http://www.wikidata.org/entity/Q180727
https://ehkultura.wikibase.cloud/entity/Q24640	http://www.wikidata.org/entity/Q160726
https://ehkultura.wikibase.cloud/entity/Q24641	http://www.wikidata.org/entity/Q181900
https://ehkultura.wikibase.cloud/entity/Q24550	http://www.wikidata.org/entity/Q217324
https://ehkultura.wikibase.cloud/entity/Q24559	http://www.wikidata.org/entity/Q259913
https://ehkultura.wikibase.cloud/entity/Q24570	http://www.wikidata.org/entity/Q256671
https://ehkultura.wikibase.cloud/entity/Q24505	http://www.wikidata.org/entity/Q276280
https://ehkultura.wikibase.cloud/entity/Q24496	http://www.wikidata.org/entity/Q296641
https://ehkultura.wikibase.cloud/entity/Q24604	http://www.wikidata.org/entity/Q270178
https://ehkultura.wikibase.cloud/entity/Q24624	http://www.wikidata.org/entity/Q269670
https://ehkultura.wikibase.cloud/entity/Q24531	http://www.wikidata.org/entity/Q310379
https://ehkultura.wikibase.cloud/entity/Q24561	http://www.wikidata.org/entity/Q352306
https://ehkultura.wikibase.cloud/entity/Q24615	http://www.wikidata.org/entity/Q348591
https://ehkultura.wikibase.cloud/entity/Q24607	http://www.wikidata.org/entity/Q356782
https://ehkultura.wikibase.cloud/entity/Q24581	http://www.wikidata.org/entity/Q366380
https://ehkultura.wikibase.cloud/entity/Q24549	http://www.wikidata.org/entity/Q433940
https://ehkultura.wikibase.cloud/entity/Q24551	http://www.wikidata.org/entity/Q461079
https://ehkultura.wikibase.cloud/entity/Q24498	http://www.wikidata.org/entity/Q484572
https://ehkultura.wikibase.cloud/entity/Q24582	http://www.wikidata.org/entity/Q491766
https://ehkultura.wikibase.cloud/entity/Q24508	http://www.wikidata.org/entity/Q518179
https://ehkultura.wikibase.cloud/entity/Q24596	http://www.wikidata.org/entity/Q518025
https://ehkultura.wikibase.cloud/entity/Q24622	http://www.wikidata.org/entity/Q535622
https://ehkultura.wikibase.cloud/entity/Q24562	http://www.wikidata.org/entity/Q562108
https://ehkultura.wikibase.cloud/entity/Q24540	http://www.wikidata.org/entity/Q940393
https://ehkultura.wikibase.cloud/entity/Q24536	http://www.wikidata.org/entity/Q966754
https://ehkultura.wikibase.cloud/entity/Q24612	http://www.wikidata.org/entity/Q1120142
https://ehkultura.wikibase.cloud/entity/Q24556	http://www.wikidata.org/entity/Q1320761
https://ehkultura.wikibase.cloud/entity/Q24538	http://www.wikidata.org/entity/Q1355139
https://ehkultura.wikibase.cloud/entity/Q24599	http://www.wikidata.org/entity/Q1340565
https://ehkultura.wikibase.cloud/entity/Q24642	http://www.wikidata.org/entity/Q1356427
https://ehkultura.wikibase.cloud/entity/Q24509	http://www.wikidata.org/entity/Q1655589
https://ehkultura.wikibase.cloud/entity/Q24521	http://www.wikidata.org/entity/Q1971542
https://ehkultura.wikibase.cloud/entity/Q24617	http://www.wikidata.org/entity/Q2118355
https://ehkultura.wikibase.cloud/entity/Q24623	http://www.wikidata.org/entity/Q2365337
https://ehkultura.wikibase.cloud/entity/Q24499	http://www.wikidata.org/entity/Q2761470
https://ehkultura.wikibase.cloud/entity/Q24543	http://www.wikidata.org/entity/Q2850425
https://ehkultura.wikibase.cloud/entity/Q24639	http://www.wikidata.org/entity/Q2880279
https://ehkultura.wikibase.cloud/entity/Q24500	http://www.wikidata.org/entity/Q3002078
https://ehkultura.wikibase.cloud/entity/Q24507	http://www.wikidata.org/entity/Q3009018
https://ehkultura.wikibase.cloud/entity/Q24502	http://www.wikidata.org/entity/Q3080940
https://ehkultura.wikibase.cloud/entity/Q24609	http://www.wikidata.org/entity/Q3183206
https://ehkultura.wikibase.cloud/entity/Q24532	http://www.wikidata.org/entity/Q3337574
https://ehkultura.wikibase.cloud/entity/Q24537	http://www.wikidata.org/entity/Q3532636
https://ehkultura.wikibase.cloud/entity/Q24611	http://www.wikidata.org/entity/Q3541686
https://ehkultura.wikibase.cloud/entity/Q24491	http://www.wikidata.org/entity/Q3659479
https://ehkultura.wikibase.cloud/entity/Q24587	http://www.wikidata.org/entity/Q5019263
https://ehkultura.wikibase.cloud/entity/Q24593	http://www.wikidata.org/entity/Q5959598
https://ehkultura.wikibase.cloud/entity/Q24486	http://www.wikidata.org/entity/Q6195593
https://ehkultura.wikibase.cloud/entity/Q24573	http://www.wikidata.org/entity/Q6185841
https://ehkultura.wikibase.cloud/entity/Q24575	http://www.wikidata.org/entity/Q6662533
https://ehkultura.wikibase.cloud/entity/Q24463	http://www.wikidata.org/entity/Q6767976
https://ehkultura.wikibase.cloud/entity/Q24510	http://www.wikidata.org/entity/Q7816274
https://ehkultura.wikibase.cloud/entity/Q24522	http://www.wikidata.org/entity/Q8846147
https://ehkultura.wikibase.cloud/entity/Q24576	http://www.wikidata.org/entity/Q10314180
https://ehkultura.wikibase.cloud/entity/Q24517	http://www.wikidata.org/entity/Q12259943
https://ehkultura.wikibase.cloud/entity/Q24547	http://www.wikidata.org/entity/Q12258801
https://ehkultura.wikibase.cloud/entity/Q24526	http://www.wikidata.org/entity/Q12265724
https://ehkultura.wikibase.cloud/entity/Q24588	http://www.wikidata.org/entity/Q12263037
https://ehkultura.wikibase.cloud/entity/Q24633	http://www.wikidata.org/entity/Q16195165
https://ehkultura.wikibase.cloud/entity/Q24600	http://www.wikidata.org/entity/Q16730920
https://ehkultura.wikibase.cloud/entity/Q24618	http://www.wikidata.org/entity/Q16915552
https://ehkultura.wikibase.cloud/entity/Q24504	http://www.wikidata.org/entity/Q17916904
https://ehkultura.wikibase.cloud/entity/Q24530	http://www.wikidata.org/entity/Q19863481
https://ehkultura.wikibase.cloud/entity/Q24628	http://www.wikidata.org/entity/Q19998276
https://ehkultura.wikibase.cloud/entity/Q24625	http://www.wikidata.org/entity/Q20684445
https://ehkultura.wikibase.cloud/entity/Q24525	http://www.wikidata.org/entity/Q24042554
https://ehkultura.wikibase.cloud/entity/Q24514	http://www.wikidata.org/entity/Q26265492
https://ehkultura.wikibase.cloud/entity/Q24493	http://www.wikidata.org/entity/Q27961474
https://ehkultura.wikibase.cloud/entity/Q24598	http://www.wikidata.org/entity/Q48357721
https://ehkultura.wikibase.cloud/entity/Q24594	http://www.wikidata.org/entity/Q51342997
https://ehkultura.wikibase.cloud/entity/Q24534	http://www.wikidata.org/entity/Q52186657
https://ehkultura.wikibase.cloud/entity/Q24483	http://www.wikidata.org/entity/Q57575090
https://ehkultura.wikibase.cloud/entity/Q24464	http://www.wikidata.org/entity/Q59329402
https://ehkultura.wikibase.cloud/entity/Q24475	http://www.wikidata.org/entity/Q59359694
https://ehkultura.wikibase.cloud/entity/Q24631	http://www.wikidata.org/entity/Q61731661
https://ehkultura.wikibase.cloud/entity/Q24467	http://www.wikidata.org/entity/Q61819176
https://ehkultura.wikibase.cloud/entity/Q24528	http://www.wikidata.org/entity/Q63860470
https://ehkultura.wikibase.cloud/entity/Q24474	http://www.wikidata.org/entity/Q87401297
https://ehkultura.wikibase.cloud/entity/Q24480	http://www.wikidata.org/entity/Q93371415
https://ehkultura.wikibase.cloud/entity/Q24626	http://www.wikidata.org/entity/Q93387307
https://ehkultura.wikibase.cloud/entity/Q25180	http://www.wikidata.org/entity/Q95205991
https://ehkultura.wikibase.cloud/entity/Q34234	http://www.wikidata.org/entity/Q93371415
https://ehkultura.wikibase.cloud/entity/Q24571	http://www.wikidata.org/entity/Q104640729
https://ehkultura.wikibase.cloud/entity/Q24566	http://www.wikidata.org/entity/Q110037846
https://ehkultura.wikibase.cloud/entity/Q24619	http://www.wikidata.org/entity/Q112468771
https://ehkultura.wikibase.cloud/entity/Q24487	http://www.wikidata.org/entity/Q112545302
https://ehkultura.wikibase.cloud/entity/Q24476	http://www.wikidata.org/entity/Q117845992
https://ehkultura.wikibase.cloud/entity/Q24485	http://www.wikidata.org/entity/Q118817699
https://ehkultura.wikibase.cloud/entity/Q24529	http://www.wikidata.org/entity/Q118822641
https://ehkultura.wikibase.cloud/entity/Q24527	http://www.wikidata.org/entity/Q124393315
https://ehkultura.wikibase.cloud/entity/Q24470	http://www.wikidata.org/entity/Q125302840
https://ehkultura.wikibase.cloud/entity/Q24542	http://www.wikidata.org/entity/Q132348536
https://ehkultura.wikibase.cloud/entity/Q24472	http://www.wikidata.org/entity/Q42786
https://ehkultura.wikibase.cloud/entity/Q24465	http://www.wikidata.org/entity/Q48301
https://ehkultura.wikibase.cloud/entity/Q24553	http://www.wikidata.org/entity/Q55427
https://ehkultura.wikibase.cloud/entity/Q24185	http://www.wikidata.org/entity/Q154599
https://ehkultura.wikibase.cloud/entity/Q24195	http://www.wikidata.org/entity/Q170076
https://ehkultura.wikibase.cloud/entity/Q24162	http://www.wikidata.org/entity/Q184226
https://ehkultura.wikibase.cloud/entity/Q24217	http://www.wikidata.org/entity/Q276739
https://ehkultura.wikibase.cloud/entity/Q24151	http://www.wikidata.org/entity/Q313506
https://ehkultura.wikibase.cloud/entity/Q24279	http://www.wikidata.org/entity/Q318736
https://ehkultura.wikibase.cloud/entity/Q24155	http://www.wikidata.org/entity/Q467764
https://ehkultura.wikibase.cloud/entity/Q24156	http://www.wikidata.org/entity/Q543508
https://ehkultura.wikibase.cloud/entity/Q24207	http://www.wikidata.org/entity/Q547078
https://ehkultura.wikibase.cloud/entity/Q24260	http://www.wikidata.org/entity/Q547495
https://ehkultura.wikibase.cloud/entity/Q24213	http://www.wikidata.org/entity/Q589497
https://ehkultura.wikibase.cloud/entity/Q24243	http://www.wikidata.org/entity/Q617215
https://ehkultura.wikibase.cloud/entity/Q24142	http://www.wikidata.org/entity/Q698306
https://ehkultura.wikibase.cloud/entity/Q24285	http://www.wikidata.org/entity/Q710131
https://ehkultura.wikibase.cloud/entity/Q24158	http://www.wikidata.org/entity/Q773523
https://ehkultura.wikibase.cloud/entity/Q24192	http://www.wikidata.org/entity/Q918681
https://ehkultura.wikibase.cloud/entity/Q24284	http://www.wikidata.org/entity/Q944572
https://ehkultura.wikibase.cloud/entity/Q24169	http://www.wikidata.org/entity/Q1652953
https://ehkultura.wikibase.cloud/entity/Q24291	http://www.wikidata.org/entity/Q1702691
https://ehkultura.wikibase.cloud/entity/Q24159	http://www.wikidata.org/entity/Q1933136
https://ehkultura.wikibase.cloud/entity/Q24235	http://www.wikidata.org/entity/Q2051279
https://ehkultura.wikibase.cloud/entity/Q24147	http://www.wikidata.org/entity/Q2209677
https://ehkultura.wikibase.cloud/entity/Q24281	http://www.wikidata.org/entity/Q3058973
https://ehkultura.wikibase.cloud/entity/Q24298	http://www.wikidata.org/entity/Q3088175
https://ehkultura.wikibase.cloud/entity/Q24224	http://www.wikidata.org/entity/Q3373728
https://ehkultura.wikibase.cloud/entity/Q24201	http://www.wikidata.org/entity/Q3455726
https://ehkultura.wikibase.cloud/entity/Q24204	http://www.wikidata.org/entity/Q4172152
https://ehkultura.wikibase.cloud/entity/Q24143	http://www.wikidata.org/entity/Q4250379
https://ehkultura.wikibase.cloud/entity/Q24273	http://www.wikidata.org/entity/Q5042070
https://ehkultura.wikibase.cloud/entity/Q24302	http://www.wikidata.org/entity/Q5470490
https://ehkultura.wikibase.cloud/entity/Q24267	http://www.wikidata.org/entity/Q5559017
https://ehkultura.wikibase.cloud/entity/Q24283	http://www.wikidata.org/entity/Q5616143
https://ehkultura.wikibase.cloud/entity/Q24198	http://www.wikidata.org/entity/Q5675706
https://ehkultura.wikibase.cloud/entity/Q24282	http://www.wikidata.org/entity/Q5921304
https://ehkultura.wikibase.cloud/entity/Q24178	http://www.wikidata.org/entity/Q6229433
https://ehkultura.wikibase.cloud/entity/Q24208	http://www.wikidata.org/entity/Q6300330
https://ehkultura.wikibase.cloud/entity/Q24181	http://www.wikidata.org/entity/Q6778870
https://ehkultura.wikibase.cloud/entity/Q24293	http://www.wikidata.org/entity/Q6779559
https://ehkultura.wikibase.cloud/entity/Q24165	http://www.wikidata.org/entity/Q7162089
https://ehkultura.wikibase.cloud/entity/Q24253	http://www.wikidata.org/entity/Q7173921
https://ehkultura.wikibase.cloud/entity/Q24128	http://www.wikidata.org/entity/Q7425081
https://ehkultura.wikibase.cloud/entity/Q24177	http://www.wikidata.org/entity/Q8198015
https://ehkultura.wikibase.cloud/entity/Q24270	http://www.wikidata.org/entity/Q9015043
https://ehkultura.wikibase.cloud/entity/Q24175	http://www.wikidata.org/entity/Q11167976
https://ehkultura.wikibase.cloud/entity/Q24139	http://www.wikidata.org/entity/Q11705534
https://ehkultura.wikibase.cloud/entity/Q24251	http://www.wikidata.org/entity/Q11935262
https://ehkultura.wikibase.cloud/entity/Q24219	http://www.wikidata.org/entity/Q12260773
https://ehkultura.wikibase.cloud/entity/Q24222	http://www.wikidata.org/entity/Q12258705
https://ehkultura.wikibase.cloud/entity/Q24232	http://www.wikidata.org/entity/Q12259623
https://ehkultura.wikibase.cloud/entity/Q24223	http://www.wikidata.org/entity/Q12263549
https://ehkultura.wikibase.cloud/entity/Q24247	http://www.wikidata.org/entity/Q12258920
https://ehkultura.wikibase.cloud/entity/Q24230	http://www.wikidata.org/entity/Q12269011
https://ehkultura.wikibase.cloud/entity/Q24239	http://www.wikidata.org/entity/Q12267881
https://ehkultura.wikibase.cloud/entity/Q24256	http://www.wikidata.org/entity/Q13644887
https://ehkultura.wikibase.cloud/entity/Q24258	http://www.wikidata.org/entity/Q14044255
https://ehkultura.wikibase.cloud/entity/Q24288	http://www.wikidata.org/entity/Q15437965
https://ehkultura.wikibase.cloud/entity/Q24164	http://www.wikidata.org/entity/Q16201163
https://ehkultura.wikibase.cloud/entity/Q24308	http://www.wikidata.org/entity/Q16567058
https://ehkultura.wikibase.cloud/entity/Q24200	http://www.wikidata.org/entity/Q17147997
https://ehkultura.wikibase.cloud/entity/Q24289	http://www.wikidata.org/entity/Q18618551
https://ehkultura.wikibase.cloud/entity/Q24299	http://www.wikidata.org/entity/Q19301368
https://ehkultura.wikibase.cloud/entity/Q24226	http://www.wikidata.org/entity/Q19663261
https://ehkultura.wikibase.cloud/entity/Q24187	http://www.wikidata.org/entity/Q19998258
https://ehkultura.wikibase.cloud/entity/Q24199	http://www.wikidata.org/entity/Q20014629
https://ehkultura.wikibase.cloud/entity/Q24241	http://www.wikidata.org/entity/Q20101673
https://ehkultura.wikibase.cloud/entity/Q24257	http://www.wikidata.org/entity/Q21005788
https://ehkultura.wikibase.cloud/entity/Q24236	http://www.wikidata.org/entity/Q21530417
https://ehkultura.wikibase.cloud/entity/Q24218	http://www.wikidata.org/entity/Q23017908
https://ehkultura.wikibase.cloud/entity/Q24225	http://www.wikidata.org/entity/Q24579404
https://ehkultura.wikibase.cloud/entity/Q24152	http://www.wikidata.org/entity/Q27818461
https://ehkultura.wikibase.cloud/entity/Q24275	http://www.wikidata.org/entity/Q30900950
https://ehkultura.wikibase.cloud/entity/Q24276	http://www.wikidata.org/entity/Q53550983
https://ehkultura.wikibase.cloud/entity/Q24221	http://www.wikidata.org/entity/Q57593332
https://ehkultura.wikibase.cloud/entity/Q24212	http://www.wikidata.org/entity/Q57659842
https://ehkultura.wikibase.cloud/entity/Q24268	http://www.wikidata.org/entity/Q61943262
https://ehkultura.wikibase.cloud/entity/Q24231	http://www.wikidata.org/entity/Q65325484
https://ehkultura.wikibase.cloud/entity/Q24244	http://www.wikidata.org/entity/Q66215847
https://ehkultura.wikibase.cloud/entity/Q24265	http://www.wikidata.org/entity/Q68462122
https://ehkultura.wikibase.cloud/entity/Q24300	http://www.wikidata.org/entity/Q83253161
https://ehkultura.wikibase.cloud/entity/Q24206	http://www.wikidata.org/entity/Q85788994
https://ehkultura.wikibase.cloud/entity/Q24189	http://www.wikidata.org/entity/Q93431421
https://ehkultura.wikibase.cloud/entity/Q24148	http://www.wikidata.org/entity/Q95646707
https://ehkultura.wikibase.cloud/entity/Q24278	http://www.wikidata.org/entity/Q106913492
https://ehkultura.wikibase.cloud/entity/Q24191	http://www.wikidata.org/entity/Q112538658
https://ehkultura.wikibase.cloud/entity/Q24255	http://www.wikidata.org/entity/Q113612490
https://ehkultura.wikibase.cloud/entity/Q24263	http://www.wikidata.org/entity/Q115629134
https://ehkultura.wikibase.cloud/entity/Q24202	http://www.wikidata.org/entity/Q116997325
https://ehkultura.wikibase.cloud/entity/Q24290	http://www.wikidata.org/entity/Q119557012
https://ehkultura.wikibase.cloud/entity/Q24295	http://www.wikidata.org/entity/Q120593501
https://ehkultura.wikibase.cloud/entity/Q24269	http://www.wikidata.org/entity/Q131329793
https://ehkultura.wikibase.cloud/entity/Q24173	http://www.wikidata.org/entity/Q132774388
https://ehkultura.wikibase.cloud/entity/Q24305	http://www.wikidata.org/entity/Q135779055
https://ehkultura.wikibase.cloud/entity/Q24180	http://www.wikidata.org/entity/Q8704
https://ehkultura.wikibase.cloud/entity/Q24196	http://www.wikidata.org/entity/Q5912
https://ehkultura.wikibase.cloud/entity/Q24141	http://www.wikidata.org/entity/Q28028
https://ehkultura.wikibase.cloud/entity/Q24216	http://www.wikidata.org/entity/Q8003
https://ehkultura.wikibase.cloud/entity/Q24182	http://www.wikidata.org/entity/Q57389
https://ehkultura.wikibase.cloud/entity/Q24210	http://www.wikidata.org/entity/Q56093
https://ehkultura.wikibase.cloud/entity/Q24229	http://www.wikidata.org/entity/Q50764
https://ehkultura.wikibase.cloud/entity/Q29110	http://www.wikidata.org/entity/Q131805
https://ehkultura.wikibase.cloud/entity/Q29319	http://www.wikidata.org/entity/Q83158
https://ehkultura.wikibase.cloud/entity/Q29129	http://www.wikidata.org/entity/Q159876
https://ehkultura.wikibase.cloud/entity/Q29313	http://www.wikidata.org/entity/Q167132
https://ehkultura.wikibase.cloud/entity/Q29167	http://www.wikidata.org/entity/Q368254
https://ehkultura.wikibase.cloud/entity/Q29202	http://www.wikidata.org/entity/Q369521
https://ehkultura.wikibase.cloud/entity/Q29108	http://www.wikidata.org/entity/Q462662
https://ehkultura.wikibase.cloud/entity/Q29229	http://www.wikidata.org/entity/Q447776
https://ehkultura.wikibase.cloud/entity/Q29139	http://www.wikidata.org/entity/Q475981
https://ehkultura.wikibase.cloud/entity/Q29060	http://www.wikidata.org/entity/Q512673
https://ehkultura.wikibase.cloud/entity/Q29263	http://www.wikidata.org/entity/Q558288
https://ehkultura.wikibase.cloud/entity/Q29300	http://www.wikidata.org/entity/Q599452
https://ehkultura.wikibase.cloud/entity/Q29307	http://www.wikidata.org/entity/Q669674
https://ehkultura.wikibase.cloud/entity/Q29269	http://www.wikidata.org/entity/Q707911
https://ehkultura.wikibase.cloud/entity/Q29299	http://www.wikidata.org/entity/Q828966
https://ehkultura.wikibase.cloud/entity/Q29231	http://www.wikidata.org/entity/Q1087134
https://ehkultura.wikibase.cloud/entity/Q29192	http://www.wikidata.org/entity/Q1222294
https://ehkultura.wikibase.cloud/entity/Q29272	http://www.wikidata.org/entity/Q1291679
https://ehkultura.wikibase.cloud/entity/Q29147	http://www.wikidata.org/entity/Q1348015
https://ehkultura.wikibase.cloud/entity/Q29267	http://www.wikidata.org/entity/Q1335032
https://ehkultura.wikibase.cloud/entity/Q29082	http://www.wikidata.org/entity/Q1566463
https://ehkultura.wikibase.cloud/entity/Q29301	http://www.wikidata.org/entity/Q1596187
https://ehkultura.wikibase.cloud/entity/Q29171	http://www.wikidata.org/entity/Q1684960
https://ehkultura.wikibase.cloud/entity/Q29270	http://www.wikidata.org/entity/Q2005371
https://ehkultura.wikibase.cloud/entity/Q29143	http://www.wikidata.org/entity/Q2054418
https://ehkultura.wikibase.cloud/entity/Q29227	http://www.wikidata.org/entity/Q2849333
https://ehkultura.wikibase.cloud/entity/Q29250	http://www.wikidata.org/entity/Q2939293
https://ehkultura.wikibase.cloud/entity/Q29218	http://www.wikidata.org/entity/Q3082769
https://ehkultura.wikibase.cloud/entity/Q29144	http://www.wikidata.org/entity/Q3147757
https://ehkultura.wikibase.cloud/entity/Q29145	http://www.wikidata.org/entity/Q3507424
https://ehkultura.wikibase.cloud/entity/Q29140	http://www.wikidata.org/entity/Q3820539
https://ehkultura.wikibase.cloud/entity/Q29169	http://www.wikidata.org/entity/Q3852590
https://ehkultura.wikibase.cloud/entity/Q29245	http://www.wikidata.org/entity/Q3903673
https://ehkultura.wikibase.cloud/entity/Q29309	http://www.wikidata.org/entity/Q4756980
https://ehkultura.wikibase.cloud/entity/Q29237	http://www.wikidata.org/entity/Q4979634
https://ehkultura.wikibase.cloud/entity/Q29092	http://www.wikidata.org/entity/Q5486687
https://ehkultura.wikibase.cloud/entity/Q29142	http://www.wikidata.org/entity/Q5854100
https://ehkultura.wikibase.cloud/entity/Q29124	http://www.wikidata.org/entity/Q5942720
https://ehkultura.wikibase.cloud/entity/Q29266	http://www.wikidata.org/entity/Q5943544
https://ehkultura.wikibase.cloud/entity/Q29306	http://www.wikidata.org/entity/Q5994858
https://ehkultura.wikibase.cloud/entity/Q29175	http://www.wikidata.org/entity/Q6178106
https://ehkultura.wikibase.cloud/entity/Q29311	http://www.wikidata.org/entity/Q6520713
https://ehkultura.wikibase.cloud/entity/Q29168	http://www.wikidata.org/entity/Q6689757
https://ehkultura.wikibase.cloud/entity/Q29275	http://www.wikidata.org/entity/Q6780686
https://ehkultura.wikibase.cloud/entity/Q29069	http://www.wikidata.org/entity/Q7367738
https://ehkultura.wikibase.cloud/entity/Q29109	http://www.wikidata.org/entity/Q7925723
https://ehkultura.wikibase.cloud/entity/Q29265	http://www.wikidata.org/entity/Q8961452
https://ehkultura.wikibase.cloud/entity/Q29302	http://www.wikidata.org/entity/Q11916574
https://ehkultura.wikibase.cloud/entity/Q29115	http://www.wikidata.org/entity/Q12256874
https://ehkultura.wikibase.cloud/entity/Q29206	http://www.wikidata.org/entity/Q14827920
https://ehkultura.wikibase.cloud/entity/Q29103	http://www.wikidata.org/entity/Q16163374
https://ehkultura.wikibase.cloud/entity/Q29226	http://www.wikidata.org/entity/Q16165382
https://ehkultura.wikibase.cloud/entity/Q29131	http://www.wikidata.org/entity/Q18921883
https://ehkultura.wikibase.cloud/entity/Q29105	http://www.wikidata.org/entity/Q19606899
https://ehkultura.wikibase.cloud/entity/Q29076	http://www.wikidata.org/entity/Q19629582
https://ehkultura.wikibase.cloud/entity/Q29279	http://www.wikidata.org/entity/Q19753752
https://ehkultura.wikibase.cloud/entity/Q29154	http://www.wikidata.org/entity/Q19858169
https://ehkultura.wikibase.cloud/entity/Q29161	http://www.wikidata.org/entity/Q20500520
https://ehkultura.wikibase.cloud/entity/Q29150	http://www.wikidata.org/entity/Q20604146
https://ehkultura.wikibase.cloud/entity/Q29096	http://www.wikidata.org/entity/Q21592571
https://ehkultura.wikibase.cloud/entity/Q29106	http://www.wikidata.org/entity/Q23657225
https://ehkultura.wikibase.cloud/entity/Q29185	http://www.wikidata.org/entity/Q23656749
https://ehkultura.wikibase.cloud/entity/Q29189	http://www.wikidata.org/entity/Q23656752
https://ehkultura.wikibase.cloud/entity/Q29201	http://www.wikidata.org/entity/Q23656753
https://ehkultura.wikibase.cloud/entity/Q29210	http://www.wikidata.org/entity/Q23657177
https://ehkultura.wikibase.cloud/entity/Q29130	http://www.wikidata.org/entity/Q23784307
https://ehkultura.wikibase.cloud/entity/Q29181	http://www.wikidata.org/entity/Q23883713
https://ehkultura.wikibase.cloud/entity/Q29104	http://www.wikidata.org/entity/Q24961519
https://ehkultura.wikibase.cloud/entity/Q29274	http://www.wikidata.org/entity/Q28865163
https://ehkultura.wikibase.cloud/entity/Q29290	http://www.wikidata.org/entity/Q42345555
https://ehkultura.wikibase.cloud/entity/Q29063	http://www.wikidata.org/entity/Q53550813
https://ehkultura.wikibase.cloud/entity/Q29310	http://www.wikidata.org/entity/Q55993061
https://ehkultura.wikibase.cloud/entity/Q29222	http://www.wikidata.org/entity/Q59526534
https://ehkultura.wikibase.cloud/entity/Q29164	http://www.wikidata.org/entity/Q61127246
https://ehkultura.wikibase.cloud/entity/Q29193	http://www.wikidata.org/entity/Q64685618
https://ehkultura.wikibase.cloud/entity/Q29213	http://www.wikidata.org/entity/Q66699398
https://ehkultura.wikibase.cloud/entity/Q29293	http://www.wikidata.org/entity/Q66784755
https://ehkultura.wikibase.cloud/entity/Q29238	http://www.wikidata.org/entity/Q78147567
https://ehkultura.wikibase.cloud/entity/Q29050	http://www.wikidata.org/entity/Q80563000
https://ehkultura.wikibase.cloud/entity/Q29243	http://www.wikidata.org/entity/Q90659841
https://ehkultura.wikibase.cloud/entity/Q29073	http://www.wikidata.org/entity/Q92448618
https://ehkultura.wikibase.cloud/entity/Q29090	http://www.wikidata.org/entity/Q93429569
https://ehkultura.wikibase.cloud/entity/Q29153	http://www.wikidata.org/entity/Q93414397
https://ehkultura.wikibase.cloud/entity/Q29182	http://www.wikidata.org/entity/Q93433158
https://ehkultura.wikibase.cloud/entity/Q29216	http://www.wikidata.org/entity/Q93432152
https://ehkultura.wikibase.cloud/entity/Q29308	http://www.wikidata.org/entity/Q93414084
https://ehkultura.wikibase.cloud/entity/Q29064	http://www.wikidata.org/entity/Q94135401
https://ehkultura.wikibase.cloud/entity/Q29284	http://www.wikidata.org/entity/Q96587387
https://ehkultura.wikibase.cloud/entity/Q29075	http://www.wikidata.org/entity/Q99397887
https://ehkultura.wikibase.cloud/entity/Q29207	http://www.wikidata.org/entity/Q99460896
https://ehkultura.wikibase.cloud/entity/Q29268	http://www.wikidata.org/entity/Q100148261
https://ehkultura.wikibase.cloud/entity/Q29166	http://www.wikidata.org/entity/Q102288220
https://ehkultura.wikibase.cloud/entity/Q29061	http://www.wikidata.org/entity/Q109264466
https://ehkultura.wikibase.cloud/entity/Q29208	http://www.wikidata.org/entity/Q111525183
https://ehkultura.wikibase.cloud/entity/Q29314	http://www.wikidata.org/entity/Q112453685
https://ehkultura.wikibase.cloud/entity/Q29257	http://www.wikidata.org/entity/Q114900016
https://ehkultura.wikibase.cloud/entity/Q29241	http://www.wikidata.org/entity/Q118314496
https://ehkultura.wikibase.cloud/entity/Q29220	http://www.wikidata.org/entity/Q124628080
https://ehkultura.wikibase.cloud/entity/Q29236	http://www.wikidata.org/entity/Q130243689
https://ehkultura.wikibase.cloud/entity/Q29303	http://www.wikidata.org/entity/Q61987
https://ehkultura.wikibase.cloud/entity/Q26675	http://www.wikidata.org/entity/Q75079
https://ehkultura.wikibase.cloud/entity/Q26645	http://www.wikidata.org/entity/Q206384
https://ehkultura.wikibase.cloud/entity/Q26638	http://www.wikidata.org/entity/Q242130
https://ehkultura.wikibase.cloud/entity/Q26536	http://www.wikidata.org/entity/Q274404
https://ehkultura.wikibase.cloud/entity/Q26590	http://www.wikidata.org/entity/Q258662
https://ehkultura.wikibase.cloud/entity/Q26630	http://www.wikidata.org/entity/Q273219
https://ehkultura.wikibase.cloud/entity/Q26588	http://www.wikidata.org/entity/Q298075
https://ehkultura.wikibase.cloud/entity/Q26540	http://www.wikidata.org/entity/Q313509
https://ehkultura.wikibase.cloud/entity/Q26572	http://www.wikidata.org/entity/Q311687
https://ehkultura.wikibase.cloud/entity/Q26584	http://www.wikidata.org/entity/Q315454
https://ehkultura.wikibase.cloud/entity/Q26637	http://www.wikidata.org/entity/Q352030
https://ehkultura.wikibase.cloud/entity/Q26711	http://www.wikidata.org/entity/Q346607
https://ehkultura.wikibase.cloud/entity/Q26516	http://www.wikidata.org/entity/Q468609
https://ehkultura.wikibase.cloud/entity/Q26578	http://www.wikidata.org/entity/Q456392
https://ehkultura.wikibase.cloud/entity/Q26791	http://www.wikidata.org/entity/Q504720
https://ehkultura.wikibase.cloud/entity/Q26586	http://www.wikidata.org/entity/Q562414
https://ehkultura.wikibase.cloud/entity/Q26666	http://www.wikidata.org/entity/Q562063
https://ehkultura.wikibase.cloud/entity/Q26699	http://www.wikidata.org/entity/Q553887
https://ehkultura.wikibase.cloud/entity/Q26674	http://www.wikidata.org/entity/Q562139
https://ehkultura.wikibase.cloud/entity/Q26664	http://www.wikidata.org/entity/Q669354
https://ehkultura.wikibase.cloud/entity/Q26662	http://www.wikidata.org/entity/Q764627
https://ehkultura.wikibase.cloud/entity/Q26705	http://www.wikidata.org/entity/Q1101320
https://ehkultura.wikibase.cloud/entity/Q26745	http://www.wikidata.org/entity/Q1164478
https://ehkultura.wikibase.cloud/entity/Q26577	http://www.wikidata.org/entity/Q1284306
https://ehkultura.wikibase.cloud/entity/Q26582	http://www.wikidata.org/entity/Q1385909
https://ehkultura.wikibase.cloud/entity/Q26568	http://www.wikidata.org/entity/Q1429985
https://ehkultura.wikibase.cloud/entity/Q26709	http://www.wikidata.org/entity/Q1495728
https://ehkultura.wikibase.cloud/entity/Q26698	http://www.wikidata.org/entity/Q1655925
https://ehkultura.wikibase.cloud/entity/Q26663	http://www.wikidata.org/entity/Q2995420
https://ehkultura.wikibase.cloud/entity/Q26782	http://www.wikidata.org/entity/Q3086442
https://ehkultura.wikibase.cloud/entity/Q26707	http://www.wikidata.org/entity/Q3380254
https://ehkultura.wikibase.cloud/entity/Q26583	http://www.wikidata.org/entity/Q3810058
https://ehkultura.wikibase.cloud/entity/Q26671	http://www.wikidata.org/entity/Q4419165
https://ehkultura.wikibase.cloud/entity/Q26679	http://www.wikidata.org/entity/Q4442467
https://ehkultura.wikibase.cloud/entity/Q26788	http://www.wikidata.org/entity/Q4450401
https://ehkultura.wikibase.cloud/entity/Q26519	http://www.wikidata.org/entity/Q4970865
https://ehkultura.wikibase.cloud/entity/Q26694	http://www.wikidata.org/entity/Q5484692
https://ehkultura.wikibase.cloud/entity/Q26566	http://www.wikidata.org/entity/Q5691273
https://ehkultura.wikibase.cloud/entity/Q26538	http://www.wikidata.org/entity/Q5946573
https://ehkultura.wikibase.cloud/entity/Q26741	http://www.wikidata.org/entity/Q5913666
https://ehkultura.wikibase.cloud/entity/Q26746	http://www.wikidata.org/entity/Q6204800
https://ehkultura.wikibase.cloud/entity/Q26636	http://www.wikidata.org/entity/Q6396468
https://ehkultura.wikibase.cloud/entity/Q26665	http://www.wikidata.org/entity/Q6769075
https://ehkultura.wikibase.cloud/entity/Q26537	http://www.wikidata.org/entity/Q7181796
https://ehkultura.wikibase.cloud/entity/Q26581	http://www.wikidata.org/entity/Q7357846
https://ehkultura.wikibase.cloud/entity/Q26571	http://www.wikidata.org/entity/Q9096568
https://ehkultura.wikibase.cloud/entity/Q26700	http://www.wikidata.org/entity/Q10293206
https://ehkultura.wikibase.cloud/entity/Q26532	http://www.wikidata.org/entity/Q11903849
https://ehkultura.wikibase.cloud/entity/Q26697	http://www.wikidata.org/entity/Q11926431
https://ehkultura.wikibase.cloud/entity/Q26781	http://www.wikidata.org/entity/Q16010052
https://ehkultura.wikibase.cloud/entity/Q26708	http://www.wikidata.org/entity/Q20006777
https://ehkultura.wikibase.cloud/entity/Q26742	http://www.wikidata.org/entity/Q21985369
https://ehkultura.wikibase.cloud/entity/Q26678	http://www.wikidata.org/entity/Q22683145
https://ehkultura.wikibase.cloud/entity/Q26748	http://www.wikidata.org/entity/Q24691649
https://ehkultura.wikibase.cloud/entity/Q26589	http://www.wikidata.org/entity/Q26869347
https://ehkultura.wikibase.cloud/entity/Q26640	http://www.wikidata.org/entity/Q27663070
https://ehkultura.wikibase.cloud/entity/Q26624	http://www.wikidata.org/entity/Q27994872
https://ehkultura.wikibase.cloud/entity/Q26634	http://www.wikidata.org/entity/Q28858609
https://ehkultura.wikibase.cloud/entity/Q26570	http://www.wikidata.org/entity/Q29583556
https://ehkultura.wikibase.cloud/entity/Q26610	http://www.wikidata.org/entity/Q42394785
https://ehkultura.wikibase.cloud/entity/Q26703	http://www.wikidata.org/entity/Q48926800
https://ehkultura.wikibase.cloud/entity/Q26614	http://www.wikidata.org/entity/Q53544461
https://ehkultura.wikibase.cloud/entity/Q26548	http://www.wikidata.org/entity/Q55236395
https://ehkultura.wikibase.cloud/entity/Q26691	http://www.wikidata.org/entity/Q59866648
https://ehkultura.wikibase.cloud/entity/Q26567	http://www.wikidata.org/entity/Q61725718
https://ehkultura.wikibase.cloud/entity/Q26565	http://www.wikidata.org/entity/Q61976757
https://ehkultura.wikibase.cloud/entity/Q26755	http://www.wikidata.org/entity/Q62392850
https://ehkultura.wikibase.cloud/entity/Q26685	http://www.wikidata.org/entity/Q76099875
https://ehkultura.wikibase.cloud/entity/Q26743	http://www.wikidata.org/entity/Q77824948
https://ehkultura.wikibase.cloud/entity/Q26783	http://www.wikidata.org/entity/Q83554266
https://ehkultura.wikibase.cloud/entity/Q26625	http://www.wikidata.org/entity/Q83688014
https://ehkultura.wikibase.cloud/entity/Q26573	http://www.wikidata.org/entity/Q86828984
https://ehkultura.wikibase.cloud/entity/Q26547	http://www.wikidata.org/entity/Q87350418
https://ehkultura.wikibase.cloud/entity/Q26591	http://www.wikidata.org/entity/Q93372697
https://ehkultura.wikibase.cloud/entity/Q26670	http://www.wikidata.org/entity/Q93386336
https://ehkultura.wikibase.cloud/entity/Q26535	http://www.wikidata.org/entity/Q94573076
https://ehkultura.wikibase.cloud/entity/Q26574	http://www.wikidata.org/entity/Q95780057
https://ehkultura.wikibase.cloud/entity/Q26608	http://www.wikidata.org/entity/Q97159345
https://ehkultura.wikibase.cloud/entity/Q26784	http://www.wikidata.org/entity/Q99456292
https://ehkultura.wikibase.cloud/entity/Q26647	http://www.wikidata.org/entity/Q105987783
https://ehkultura.wikibase.cloud/entity/Q26660	http://www.wikidata.org/entity/Q107062540
https://ehkultura.wikibase.cloud/entity/Q26687	http://www.wikidata.org/entity/Q107142797
https://ehkultura.wikibase.cloud/entity/Q26585	http://www.wikidata.org/entity/Q110037805
https://ehkultura.wikibase.cloud/entity/Q26628	http://www.wikidata.org/entity/Q110037783
https://ehkultura.wikibase.cloud/entity/Q26701	http://www.wikidata.org/entity/Q110055968
https://ehkultura.wikibase.cloud/entity/Q26693	http://www.wikidata.org/entity/Q112486938
https://ehkultura.wikibase.cloud/entity/Q26613	http://www.wikidata.org/entity/Q112751181
https://ehkultura.wikibase.cloud/entity/Q26786	http://www.wikidata.org/entity/Q113456445
https://ehkultura.wikibase.cloud/entity/Q26617	http://www.wikidata.org/entity/Q116869034
https://ehkultura.wikibase.cloud/entity/Q26612	http://www.wikidata.org/entity/Q122901565
https://ehkultura.wikibase.cloud/entity/Q26592	http://www.wikidata.org/entity/Q123505952
https://ehkultura.wikibase.cloud/entity/Q26587	http://www.wikidata.org/entity/Q9049
https://ehkultura.wikibase.cloud/entity/Q26683	http://www.wikidata.org/entity/Q43264
https://ehkultura.wikibase.cloud/entity/Q26706	http://www.wikidata.org/entity/Q61191
https://ehkultura.wikibase.cloud/entity/Q26747	http://www.wikidata.org/entity/Q57882
https://ehkultura.wikibase.cloud/entity/Q25977	http://www.wikidata.org/entity/Q116854
https://ehkultura.wikibase.cloud/entity/Q25924	http://www.wikidata.org/entity/Q133631
https://ehkultura.wikibase.cloud/entity/Q26164	http://www.wikidata.org/entity/Q176985
https://ehkultura.wikibase.cloud/entity/Q26186	http://www.wikidata.org/entity/Q174957
https://ehkultura.wikibase.cloud/entity/Q26480	http://www.wikidata.org/entity/Q113174
https://ehkultura.wikibase.cloud/entity/Q26851	http://www.wikidata.org/entity/Q103967
https://ehkultura.wikibase.cloud/entity/Q26909	http://www.wikidata.org/entity/Q92601
https://ehkultura.wikibase.cloud/entity/Q26818	http://www.wikidata.org/entity/Q118936
https://ehkultura.wikibase.cloud/entity/Q26936	http://www.wikidata.org/entity/Q124077
https://ehkultura.wikibase.cloud/entity/Q26978	http://www.wikidata.org/entity/Q133855
https://ehkultura.wikibase.cloud/entity/Q26940	http://www.wikidata.org/entity/Q188176
https://ehkultura.wikibase.cloud/entity/Q26878	http://www.wikidata.org/entity/Q289645
https://ehkultura.wikibase.cloud/entity/Q26989	http://www.wikidata.org/entity/Q270005
https://ehkultura.wikibase.cloud/entity/Q26886	http://www.wikidata.org/entity/Q314269
https://ehkultura.wikibase.cloud/entity/Q26874	http://www.wikidata.org/entity/Q464471
https://ehkultura.wikibase.cloud/entity/Q27014	http://www.wikidata.org/entity/Q439414
https://ehkultura.wikibase.cloud/entity/Q26996	http://www.wikidata.org/entity/Q457512
https://ehkultura.wikibase.cloud/entity/Q27041	http://www.wikidata.org/entity/Q458455
https://ehkultura.wikibase.cloud/entity/Q26961	http://www.wikidata.org/entity/Q572741
https://ehkultura.wikibase.cloud/entity/Q27058	http://www.wikidata.org/entity/Q560986
https://ehkultura.wikibase.cloud/entity/Q26885	http://www.wikidata.org/entity/Q698275
https://ehkultura.wikibase.cloud/entity/Q26841	http://www.wikidata.org/entity/Q825091
https://ehkultura.wikibase.cloud/entity/Q26954	http://www.wikidata.org/entity/Q957215
https://ehkultura.wikibase.cloud/entity/Q27059	http://www.wikidata.org/entity/Q1042085
https://ehkultura.wikibase.cloud/entity/Q27015	http://www.wikidata.org/entity/Q1069184
https://ehkultura.wikibase.cloud/entity/Q27016	http://www.wikidata.org/entity/Q1288454
https://ehkultura.wikibase.cloud/entity/Q26974	http://www.wikidata.org/entity/Q1337229
https://ehkultura.wikibase.cloud/entity/Q26977	http://www.wikidata.org/entity/Q1379980
https://ehkultura.wikibase.cloud/entity/Q27012	http://www.wikidata.org/entity/Q1394755
https://ehkultura.wikibase.cloud/entity/Q26888	http://www.wikidata.org/entity/Q1596818
https://ehkultura.wikibase.cloud/entity/Q26970	http://www.wikidata.org/entity/Q1620037
https://ehkultura.wikibase.cloud/entity/Q26828	http://www.wikidata.org/entity/Q1688989
https://ehkultura.wikibase.cloud/entity/Q26883	http://www.wikidata.org/entity/Q2057315
https://ehkultura.wikibase.cloud/entity/Q26882	http://www.wikidata.org/entity/Q2522716
https://ehkultura.wikibase.cloud/entity/Q26871	http://www.wikidata.org/entity/Q2607849
https://ehkultura.wikibase.cloud/entity/Q26812	http://www.wikidata.org/entity/Q2639303
https://ehkultura.wikibase.cloud/entity/Q26840	http://www.wikidata.org/entity/Q2711710
https://ehkultura.wikibase.cloud/entity/Q27056	http://www.wikidata.org/entity/Q3051947
https://ehkultura.wikibase.cloud/entity/Q27020	http://www.wikidata.org/entity/Q3109110
https://ehkultura.wikibase.cloud/entity/Q26972	http://www.wikidata.org/entity/Q3144901
https://ehkultura.wikibase.cloud/entity/Q26998	http://www.wikidata.org/entity/Q3164909
https://ehkultura.wikibase.cloud/entity/Q26965	http://www.wikidata.org/entity/Q3326376
https://ehkultura.wikibase.cloud/entity/Q26811	http://www.wikidata.org/entity/Q3391750
https://ehkultura.wikibase.cloud/entity/Q26810	http://www.wikidata.org/entity/Q3473457
https://ehkultura.wikibase.cloud/entity/Q27060	http://www.wikidata.org/entity/Q3765783
https://ehkultura.wikibase.cloud/entity/Q26917	http://www.wikidata.org/entity/Q4068383
https://ehkultura.wikibase.cloud/entity/Q27019	http://www.wikidata.org/entity/Q4062654
https://ehkultura.wikibase.cloud/entity/Q26868	http://www.wikidata.org/entity/Q5203812
https://ehkultura.wikibase.cloud/entity/Q26975	http://www.wikidata.org/entity/Q5301680
https://ehkultura.wikibase.cloud/entity/Q26991	http://www.wikidata.org/entity/Q5660541
https://ehkultura.wikibase.cloud/entity/Q26876	http://www.wikidata.org/entity/Q5712102
https://ehkultura.wikibase.cloud/entity/Q26807	http://www.wikidata.org/entity/Q5843889
https://ehkultura.wikibase.cloud/entity/Q26823	http://www.wikidata.org/entity/Q5857482
https://ehkultura.wikibase.cloud/entity/Q26824	http://www.wikidata.org/entity/Q5940102
https://ehkultura.wikibase.cloud/entity/Q26894	http://www.wikidata.org/entity/Q6013798
https://ehkultura.wikibase.cloud/entity/Q26877	http://www.wikidata.org/entity/Q6075831
https://ehkultura.wikibase.cloud/entity/Q26875	http://www.wikidata.org/entity/Q6121150
https://ehkultura.wikibase.cloud/entity/Q26982	http://www.wikidata.org/entity/Q6555500
https://ehkultura.wikibase.cloud/entity/Q26793	http://www.wikidata.org/entity/Q7172463
https://ehkultura.wikibase.cloud/entity/Q26860	http://www.wikidata.org/entity/Q9013510
https://ehkultura.wikibase.cloud/entity/Q26803	http://www.wikidata.org/entity/Q9093221
https://ehkultura.wikibase.cloud/entity/Q26806	http://www.wikidata.org/entity/Q10309137
https://ehkultura.wikibase.cloud/entity/Q26857	http://www.wikidata.org/entity/Q12254285
https://ehkultura.wikibase.cloud/entity/Q26873	http://www.wikidata.org/entity/Q12255659
https://ehkultura.wikibase.cloud/entity/Q26960	http://www.wikidata.org/entity/Q12253488
https://ehkultura.wikibase.cloud/entity/Q26929	http://www.wikidata.org/entity/Q12265676
https://ehkultura.wikibase.cloud/entity/Q27028	http://www.wikidata.org/entity/Q15489758
https://ehkultura.wikibase.cloud/entity/Q26889	http://www.wikidata.org/entity/Q16240595
https://ehkultura.wikibase.cloud/entity/Q26967	http://www.wikidata.org/entity/Q18704867
https://ehkultura.wikibase.cloud/entity/Q27002	http://www.wikidata.org/entity/Q19301341
https://ehkultura.wikibase.cloud/entity/Q26939	http://www.wikidata.org/entity/Q20016372
https://ehkultura.wikibase.cloud/entity/Q26938	http://www.wikidata.org/entity/Q21816237
https://ehkultura.wikibase.cloud/entity/Q26962	http://www.wikidata.org/entity/Q21815275
https://ehkultura.wikibase.cloud/entity/Q26804	http://www.wikidata.org/entity/Q23542523
https://ehkultura.wikibase.cloud/entity/Q27061	http://www.wikidata.org/entity/Q27055791
https://ehkultura.wikibase.cloud/entity/Q26855	http://www.wikidata.org/entity/Q29364382
https://ehkultura.wikibase.cloud/entity/Q26910	http://www.wikidata.org/entity/Q30295985
https://ehkultura.wikibase.cloud/entity/Q26825	http://www.wikidata.org/entity/Q43221947
https://ehkultura.wikibase.cloud/entity/Q26879	http://www.wikidata.org/entity/Q45180949
https://ehkultura.wikibase.cloud/entity/Q26895	http://www.wikidata.org/entity/Q45306703
https://ehkultura.wikibase.cloud/entity/Q26809	http://www.wikidata.org/entity/Q53361155
https://ehkultura.wikibase.cloud/entity/Q26953	http://www.wikidata.org/entity/Q53546817
https://ehkultura.wikibase.cloud/entity/Q26971	http://www.wikidata.org/entity/Q53549560
https://ehkultura.wikibase.cloud/entity/Q26827	http://www.wikidata.org/entity/Q55840976
https://ehkultura.wikibase.cloud/entity/Q26990	http://www.wikidata.org/entity/Q55947170
https://ehkultura.wikibase.cloud/entity/Q26887	http://www.wikidata.org/entity/Q59641343
https://ehkultura.wikibase.cloud/entity/Q26997	http://www.wikidata.org/entity/Q59630143
https://ehkultura.wikibase.cloud/entity/Q27011	http://www.wikidata.org/entity/Q68577300
https://ehkultura.wikibase.cloud/entity/Q27018	http://www.wikidata.org/entity/Q73488483
https://ehkultura.wikibase.cloud/entity/Q26861	http://www.wikidata.org/entity/Q73902516
https://ehkultura.wikibase.cloud/entity/Q26993	http://www.wikidata.org/entity/Q78003541
https://ehkultura.wikibase.cloud/entity/Q27054	http://www.wikidata.org/entity/Q83883132
https://ehkultura.wikibase.cloud/entity/Q27055	http://www.wikidata.org/entity/Q83883993
https://ehkultura.wikibase.cloud/entity/Q26923	http://www.wikidata.org/entity/Q88193505
https://ehkultura.wikibase.cloud/entity/Q26797	http://www.wikidata.org/entity/Q93416834
https://ehkultura.wikibase.cloud/entity/Q26988	http://www.wikidata.org/entity/Q93371016
https://ehkultura.wikibase.cloud/entity/Q26964	http://www.wikidata.org/entity/Q93434779
https://ehkultura.wikibase.cloud/entity/Q27001	http://www.wikidata.org/entity/Q93427657
https://ehkultura.wikibase.cloud/entity/Q26999	http://www.wikidata.org/entity/Q95869615
https://ehkultura.wikibase.cloud/entity/Q26955	http://www.wikidata.org/entity/Q107664294
https://ehkultura.wikibase.cloud/entity/Q26928	http://www.wikidata.org/entity/Q114454151
https://ehkultura.wikibase.cloud/entity/Q26941	http://www.wikidata.org/entity/Q117552128
https://ehkultura.wikibase.cloud/entity/Q26963	http://www.wikidata.org/entity/Q132573417
https://ehkultura.wikibase.cloud/entity/Q26926	http://www.wikidata.org/entity/Q57235
https://ehkultura.wikibase.cloud/entity/Q27013	http://www.wikidata.org/entity/Q55193
https://ehkultura.wikibase.cloud/entity/Q25920	http://www.wikidata.org/entity/Q240872
https://ehkultura.wikibase.cloud/entity/Q26163	http://www.wikidata.org/entity/Q203519
https://ehkultura.wikibase.cloud/entity/Q25947	http://www.wikidata.org/entity/Q251638
https://ehkultura.wikibase.cloud/entity/Q26022	http://www.wikidata.org/entity/Q237454
https://ehkultura.wikibase.cloud/entity/Q26487	http://www.wikidata.org/entity/Q156268
https://ehkultura.wikibase.cloud/entity/Q26262	http://www.wikidata.org/entity/Q207359
https://ehkultura.wikibase.cloud/entity/Q26264	http://www.wikidata.org/entity/Q218022
https://ehkultura.wikibase.cloud/entity/Q26238	http://www.wikidata.org/entity/Q238881
https://ehkultura.wikibase.cloud/entity/Q26213	http://www.wikidata.org/entity/Q313566
https://ehkultura.wikibase.cloud/entity/Q26204	http://www.wikidata.org/entity/Q349117
https://ehkultura.wikibase.cloud/entity/Q26149	http://www.wikidata.org/entity/Q447507
https://ehkultura.wikibase.cloud/entity/Q26427	http://www.wikidata.org/entity/Q384688
https://ehkultura.wikibase.cloud/entity/Q26212	http://www.wikidata.org/entity/Q450382
https://ehkultura.wikibase.cloud/entity/Q26265	http://www.wikidata.org/entity/Q459299
https://ehkultura.wikibase.cloud/entity/Q26216	http://www.wikidata.org/entity/Q504656
https://ehkultura.wikibase.cloud/entity/Q26185	http://www.wikidata.org/entity/Q525698
https://ehkultura.wikibase.cloud/entity/Q26232	http://www.wikidata.org/entity/Q526054
https://ehkultura.wikibase.cloud/entity/Q26159	http://www.wikidata.org/entity/Q561459
https://ehkultura.wikibase.cloud/entity/Q26434	http://www.wikidata.org/entity/Q531606
https://ehkultura.wikibase.cloud/entity/Q26397	http://www.wikidata.org/entity/Q543169
https://ehkultura.wikibase.cloud/entity/Q26266	http://www.wikidata.org/entity/Q699397
https://ehkultura.wikibase.cloud/entity/Q26214	http://www.wikidata.org/entity/Q724098
https://ehkultura.wikibase.cloud/entity/Q26420	http://www.wikidata.org/entity/Q1168654
https://ehkultura.wikibase.cloud/entity/Q26267	http://www.wikidata.org/entity/Q1287398
https://ehkultura.wikibase.cloud/entity/Q25923	http://www.wikidata.org/entity/Q1383657
https://ehkultura.wikibase.cloud/entity/Q25456	http://www.wikidata.org/entity/Q1496567
https://ehkultura.wikibase.cloud/entity/Q26497	http://www.wikidata.org/entity/Q1351078
https://ehkultura.wikibase.cloud/entity/Q26478	http://www.wikidata.org/entity/Q1386933
https://ehkultura.wikibase.cloud/entity/Q26166	http://www.wikidata.org/entity/Q1705566
https://ehkultura.wikibase.cloud/entity/Q26261	http://www.wikidata.org/entity/Q1683688
https://ehkultura.wikibase.cloud/entity/Q26228	http://www.wikidata.org/entity/Q1741466
https://ehkultura.wikibase.cloud/entity/Q26167	http://www.wikidata.org/entity/Q1883259
https://ehkultura.wikibase.cloud/entity/Q26221	http://www.wikidata.org/entity/Q2033012
https://ehkultura.wikibase.cloud/entity/Q26168	http://www.wikidata.org/entity/Q2086767
https://ehkultura.wikibase.cloud/entity/Q26165	http://www.wikidata.org/entity/Q2647222
https://ehkultura.wikibase.cloud/entity/Q26207	http://www.wikidata.org/entity/Q2745616
https://ehkultura.wikibase.cloud/entity/Q26441	http://www.wikidata.org/entity/Q2857275
https://ehkultura.wikibase.cloud/entity/Q26510	http://www.wikidata.org/entity/Q2965617
https://ehkultura.wikibase.cloud/entity/Q26415	http://www.wikidata.org/entity/Q3191035
https://ehkultura.wikibase.cloud/entity/Q26198	http://www.wikidata.org/entity/Q3261680
https://ehkultura.wikibase.cloud/entity/Q26202	http://www.wikidata.org/entity/Q3266760
https://ehkultura.wikibase.cloud/entity/Q26205	http://www.wikidata.org/entity/Q3376892
https://ehkultura.wikibase.cloud/entity/Q26394	http://www.wikidata.org/entity/Q3341088
https://ehkultura.wikibase.cloud/entity/Q26455	http://www.wikidata.org/entity/Q3751038
https://ehkultura.wikibase.cloud/entity/Q26194	http://www.wikidata.org/entity/Q3816118
https://ehkultura.wikibase.cloud/entity/Q25454	http://www.wikidata.org/entity/Q4891554
https://ehkultura.wikibase.cloud/entity/Q26447	http://www.wikidata.org/entity/Q4701629
https://ehkultura.wikibase.cloud/entity/Q26220	http://www.wikidata.org/entity/Q4766127
https://ehkultura.wikibase.cloud/entity/Q25448	http://www.wikidata.org/entity/Q5387816
https://ehkultura.wikibase.cloud/entity/Q25433	http://www.wikidata.org/entity/Q5645938
https://ehkultura.wikibase.cloud/entity/Q26225	http://www.wikidata.org/entity/Q5483618
https://ehkultura.wikibase.cloud/entity/Q26488	http://www.wikidata.org/entity/Q5952582
https://ehkultura.wikibase.cloud/entity/Q26507	http://www.wikidata.org/entity/Q6015176
https://ehkultura.wikibase.cloud/entity/Q26211	http://www.wikidata.org/entity/Q6211585
https://ehkultura.wikibase.cloud/entity/Q25444	http://www.wikidata.org/entity/Q7076825
https://ehkultura.wikibase.cloud/entity/Q26206	http://www.wikidata.org/entity/Q7606209
https://ehkultura.wikibase.cloud/entity/Q26258	http://www.wikidata.org/entity/Q8201210
https://ehkultura.wikibase.cloud/entity/Q25457	http://www.wikidata.org/entity/Q9014179
https://ehkultura.wikibase.cloud/entity/Q26239	http://www.wikidata.org/entity/Q10860358
https://ehkultura.wikibase.cloud/entity/Q26445	http://www.wikidata.org/entity/Q12254282
https://ehkultura.wikibase.cloud/entity/Q25446	http://www.wikidata.org/entity/Q15411450
https://ehkultura.wikibase.cloud/entity/Q26407	http://www.wikidata.org/entity/Q15791155
https://ehkultura.wikibase.cloud/entity/Q26493	http://www.wikidata.org/entity/Q15971636
https://ehkultura.wikibase.cloud/entity/Q26208	http://www.wikidata.org/entity/Q16104484
https://ehkultura.wikibase.cloud/entity/Q25458	http://www.wikidata.org/entity/Q16628976
https://ehkultura.wikibase.cloud/entity/Q26444	http://www.wikidata.org/entity/Q19998256
https://ehkultura.wikibase.cloud/entity/Q25459	http://www.wikidata.org/entity/Q28604385
https://ehkultura.wikibase.cloud/entity/Q25445	http://www.wikidata.org/entity/Q29552540
https://ehkultura.wikibase.cloud/entity/Q26410	http://www.wikidata.org/entity/Q43429486
https://ehkultura.wikibase.cloud/entity/Q26484	http://www.wikidata.org/entity/Q43439860
https://ehkultura.wikibase.cloud/entity/Q26425	http://www.wikidata.org/entity/Q44746024
https://ehkultura.wikibase.cloud/entity/Q26170	http://www.wikidata.org/entity/Q47509530
https://ehkultura.wikibase.cloud/entity/Q25434	http://www.wikidata.org/entity/Q55938618
https://ehkultura.wikibase.cloud/entity/Q26199	http://www.wikidata.org/entity/Q55949048
https://ehkultura.wikibase.cloud/entity/Q26263	http://www.wikidata.org/entity/Q59691174
https://ehkultura.wikibase.cloud/entity/Q26436	http://www.wikidata.org/entity/Q85450349
https://ehkultura.wikibase.cloud/entity/Q26479	http://www.wikidata.org/entity/Q95188678
https://ehkultura.wikibase.cloud/entity/Q26400	http://www.wikidata.org/entity/Q95742823
https://ehkultura.wikibase.cloud/entity/Q26476	http://www.wikidata.org/entity/Q105623612
https://ehkultura.wikibase.cloud/entity/Q26421	http://www.wikidata.org/entity/Q124099211
https://ehkultura.wikibase.cloud/entity/Q26443	http://www.wikidata.org/entity/Q124708494
https://ehkultura.wikibase.cloud/entity/Q26492	http://www.wikidata.org/entity/Q125746350
https://ehkultura.wikibase.cloud/entity/Q25922	http://www.wikidata.org/entity/Q38222
https://ehkultura.wikibase.cloud/entity/Q26215	http://www.wikidata.org/entity/Q5603
https://ehkultura.wikibase.cloud/entity/Q26209	http://www.wikidata.org/entity/Q25186
https://ehkultura.wikibase.cloud/entity/Q26145	http://www.wikidata.org/entity/Q53001
https://ehkultura.wikibase.cloud/entity/Q26141	http://www.wikidata.org/entity/Q55391
https://ehkultura.wikibase.cloud/entity/Q26162	http://www.wikidata.org/entity/Q55195
https://ehkultura.wikibase.cloud/entity/Q26413	http://www.wikidata.org/entity/Q7199
https://ehkultura.wikibase.cloud/entity/Q26300	http://www.wikidata.org/entity/Q44403
https://ehkultura.wikibase.cloud/entity/Q26474	http://www.wikidata.org/entity/Q44584
https://ehkultura.wikibase.cloud/entity/Q28654	http://www.wikidata.org/entity/Q76357
https://ehkultura.wikibase.cloud/entity/Q28713	http://www.wikidata.org/entity/Q76483
https://ehkultura.wikibase.cloud/entity/Q28458	http://www.wikidata.org/entity/Q152797
https://ehkultura.wikibase.cloud/entity/Q28457	http://www.wikidata.org/entity/Q155538
https://ehkultura.wikibase.cloud/entity/Q28538	http://www.wikidata.org/entity/Q146948
https://ehkultura.wikibase.cloud/entity/Q28655	http://www.wikidata.org/entity/Q130631
https://ehkultura.wikibase.cloud/entity/Q28545	http://www.wikidata.org/entity/Q165792
https://ehkultura.wikibase.cloud/entity/Q28423	http://www.wikidata.org/entity/Q219368
https://ehkultura.wikibase.cloud/entity/Q28727	http://www.wikidata.org/entity/Q155158
https://ehkultura.wikibase.cloud/entity/Q27925	http://www.wikidata.org/entity/Q76844
https://ehkultura.wikibase.cloud/entity/Q27981	http://www.wikidata.org/entity/Q70989
https://ehkultura.wikibase.cloud/entity/Q27983	http://www.wikidata.org/entity/Q70989
https://ehkultura.wikibase.cloud/entity/Q27769	http://www.wikidata.org/entity/Q123419
https://ehkultura.wikibase.cloud/entity/Q27926	http://www.wikidata.org/entity/Q94034
https://ehkultura.wikibase.cloud/entity/Q28035	http://www.wikidata.org/entity/Q76517
https://ehkultura.wikibase.cloud/entity/Q28017	http://www.wikidata.org/entity/Q92809
https://ehkultura.wikibase.cloud/entity/Q28002	http://www.wikidata.org/entity/Q106791
https://ehkultura.wikibase.cloud/entity/Q27822	http://www.wikidata.org/entity/Q154340
https://ehkultura.wikibase.cloud/entity/Q27787	http://www.wikidata.org/entity/Q169906
https://ehkultura.wikibase.cloud/entity/Q27809	http://www.wikidata.org/entity/Q179109
https://ehkultura.wikibase.cloud/entity/Q27928	http://www.wikidata.org/entity/Q207544
https://ehkultura.wikibase.cloud/entity/Q27982	http://www.wikidata.org/entity/Q214642
https://ehkultura.wikibase.cloud/entity/Q28046	http://www.wikidata.org/entity/Q213637
https://ehkultura.wikibase.cloud/entity/Q27736	http://www.wikidata.org/entity/Q315073
https://ehkultura.wikibase.cloud/entity/Q27947	http://www.wikidata.org/entity/Q263235
https://ehkultura.wikibase.cloud/entity/Q28037	http://www.wikidata.org/entity/Q310341
https://ehkultura.wikibase.cloud/entity/Q27884	http://www.wikidata.org/entity/Q456968
https://ehkultura.wikibase.cloud/entity/Q27774	http://www.wikidata.org/entity/Q556740
https://ehkultura.wikibase.cloud/entity/Q27968	http://www.wikidata.org/entity/Q522783
https://ehkultura.wikibase.cloud/entity/Q27816	http://www.wikidata.org/entity/Q561930
https://ehkultura.wikibase.cloud/entity/Q27785	http://www.wikidata.org/entity/Q709449
https://ehkultura.wikibase.cloud/entity/Q27919	http://www.wikidata.org/entity/Q1246708
https://ehkultura.wikibase.cloud/entity/Q27930	http://www.wikidata.org/entity/Q1364808
https://ehkultura.wikibase.cloud/entity/Q27895	http://www.wikidata.org/entity/Q1466451
https://ehkultura.wikibase.cloud/entity/Q27766	http://www.wikidata.org/entity/Q1672993
https://ehkultura.wikibase.cloud/entity/Q27882	http://www.wikidata.org/entity/Q1683438
https://ehkultura.wikibase.cloud/entity/Q28048	http://www.wikidata.org/entity/Q1673781
https://ehkultura.wikibase.cloud/entity/Q27929	http://www.wikidata.org/entity/Q1899413
https://ehkultura.wikibase.cloud/entity/Q27890	http://www.wikidata.org/entity/Q1929421
https://ehkultura.wikibase.cloud/entity/Q27989	http://www.wikidata.org/entity/Q2269577
https://ehkultura.wikibase.cloud/entity/Q28028	http://www.wikidata.org/entity/Q2273489
https://ehkultura.wikibase.cloud/entity/Q27974	http://www.wikidata.org/entity/Q2506587
https://ehkultura.wikibase.cloud/entity/Q27921	http://www.wikidata.org/entity/Q2521964
https://ehkultura.wikibase.cloud/entity/Q27827	http://www.wikidata.org/entity/Q3090538
https://ehkultura.wikibase.cloud/entity/Q27879	http://www.wikidata.org/entity/Q3188005
https://ehkultura.wikibase.cloud/entity/Q27826	http://www.wikidata.org/entity/Q3308883
https://ehkultura.wikibase.cloud/entity/Q27933	http://www.wikidata.org/entity/Q3420664
https://ehkultura.wikibase.cloud/entity/Q27901	http://www.wikidata.org/entity/Q3573851
https://ehkultura.wikibase.cloud/entity/Q28019	http://www.wikidata.org/entity/Q3577023
https://ehkultura.wikibase.cloud/entity/Q27994	http://www.wikidata.org/entity/Q3881451
https://ehkultura.wikibase.cloud/entity/Q27790	http://www.wikidata.org/entity/Q5046268
https://ehkultura.wikibase.cloud/entity/Q27999	http://www.wikidata.org/entity/Q5584164
https://ehkultura.wikibase.cloud/entity/Q28003	http://www.wikidata.org/entity/Q5852667
https://ehkultura.wikibase.cloud/entity/Q27877	http://www.wikidata.org/entity/Q5941997
https://ehkultura.wikibase.cloud/entity/Q27840	http://www.wikidata.org/entity/Q6454317
https://ehkultura.wikibase.cloud/entity/Q27998	http://www.wikidata.org/entity/Q6449926
https://ehkultura.wikibase.cloud/entity/Q27838	http://www.wikidata.org/entity/Q6752531
https://ehkultura.wikibase.cloud/entity/Q28007	http://www.wikidata.org/entity/Q6990250
https://ehkultura.wikibase.cloud/entity/Q27936	http://www.wikidata.org/entity/Q7117121
https://ehkultura.wikibase.cloud/entity/Q28013	http://www.wikidata.org/entity/Q7378014
https://ehkultura.wikibase.cloud/entity/Q27993	http://www.wikidata.org/entity/Q7405063
https://ehkultura.wikibase.cloud/entity/Q27855	http://www.wikidata.org/entity/Q7620197
https://ehkultura.wikibase.cloud/entity/Q27932	http://www.wikidata.org/entity/Q11033376
https://ehkultura.wikibase.cloud/entity/Q27742	http://www.wikidata.org/entity/Q13595311
https://ehkultura.wikibase.cloud/entity/Q27743	http://www.wikidata.org/entity/Q13595531
https://ehkultura.wikibase.cloud/entity/Q27835	http://www.wikidata.org/entity/Q16013796
https://ehkultura.wikibase.cloud/entity/Q27978	http://www.wikidata.org/entity/Q16727378
https://ehkultura.wikibase.cloud/entity/Q27738	http://www.wikidata.org/entity/Q17425842
https://ehkultura.wikibase.cloud/entity/Q27997	http://www.wikidata.org/entity/Q18707930
https://ehkultura.wikibase.cloud/entity/Q27920	http://www.wikidata.org/entity/Q20856129
https://ehkultura.wikibase.cloud/entity/Q27763	http://www.wikidata.org/entity/Q22248320
https://ehkultura.wikibase.cloud/entity/Q28011	http://www.wikidata.org/entity/Q23759795
https://ehkultura.wikibase.cloud/entity/Q28014	http://www.wikidata.org/entity/Q25429634
https://ehkultura.wikibase.cloud/entity/Q27841	http://www.wikidata.org/entity/Q26899215
https://ehkultura.wikibase.cloud/entity/Q27892	http://www.wikidata.org/entity/Q28212113
https://ehkultura.wikibase.cloud/entity/Q27897	http://www.wikidata.org/entity/Q29347649
https://ehkultura.wikibase.cloud/entity/Q27746	http://www.wikidata.org/entity/Q41414703
https://ehkultura.wikibase.cloud/entity/Q27931	http://www.wikidata.org/entity/Q47542394
https://ehkultura.wikibase.cloud/entity/Q28009	http://www.wikidata.org/entity/Q51175418
https://ehkultura.wikibase.cloud/entity/Q27758	http://www.wikidata.org/entity/Q52498954
https://ehkultura.wikibase.cloud/entity/Q27739	http://www.wikidata.org/entity/Q52637385
https://ehkultura.wikibase.cloud/entity/Q27794	http://www.wikidata.org/entity/Q53550878
https://ehkultura.wikibase.cloud/entity/Q28018	http://www.wikidata.org/entity/Q53547494
https://ehkultura.wikibase.cloud/entity/Q27858	http://www.wikidata.org/entity/Q55944961
https://ehkultura.wikibase.cloud/entity/Q27977	http://www.wikidata.org/entity/Q58417290
https://ehkultura.wikibase.cloud/entity/Q28040	http://www.wikidata.org/entity/Q60215483
https://ehkultura.wikibase.cloud/entity/Q27823	http://www.wikidata.org/entity/Q62027925
https://ehkultura.wikibase.cloud/entity/Q27988	http://www.wikidata.org/entity/Q64691585
https://ehkultura.wikibase.cloud/entity/Q27752	http://www.wikidata.org/entity/Q65350554
https://ehkultura.wikibase.cloud/entity/Q27818	http://www.wikidata.org/entity/Q65589421
https://ehkultura.wikibase.cloud/entity/Q27964	http://www.wikidata.org/entity/Q85442076
https://ehkultura.wikibase.cloud/entity/Q27909	http://www.wikidata.org/entity/Q93387289
https://ehkultura.wikibase.cloud/entity/Q27935	http://www.wikidata.org/entity/Q100347444
https://ehkultura.wikibase.cloud/entity/Q27962	http://www.wikidata.org/entity/Q100378180
https://ehkultura.wikibase.cloud/entity/Q27846	http://www.wikidata.org/entity/Q101999239
https://ehkultura.wikibase.cloud/entity/Q27741	http://www.wikidata.org/entity/Q106139117
https://ehkultura.wikibase.cloud/entity/Q27894	http://www.wikidata.org/entity/Q112388746
https://ehkultura.wikibase.cloud/entity/Q27762	http://www.wikidata.org/entity/Q112461215
https://ehkultura.wikibase.cloud/entity/Q27844	http://www.wikidata.org/entity/Q112443330
https://ehkultura.wikibase.cloud/entity/Q27845	http://www.wikidata.org/entity/Q112443331
https://ehkultura.wikibase.cloud/entity/Q27961	http://www.wikidata.org/entity/Q115178571
https://ehkultura.wikibase.cloud/entity/Q27990	http://www.wikidata.org/entity/Q117187430
https://ehkultura.wikibase.cloud/entity/Q27917	http://www.wikidata.org/entity/Q124742403
https://ehkultura.wikibase.cloud/entity/Q27798	http://www.wikidata.org/entity/Q4605
https://ehkultura.wikibase.cloud/entity/Q27834	http://www.wikidata.org/entity/Q7251
https://ehkultura.wikibase.cloud/entity/Q27778	http://www.wikidata.org/entity/Q60025
https://ehkultura.wikibase.cloud/entity/Q27786	http://www.wikidata.org/entity/Q60884
https://ehkultura.wikibase.cloud/entity/Q27891	http://www.wikidata.org/entity/Q44272
https://ehkultura.wikibase.cloud/entity/Q27905	http://www.wikidata.org/entity/Q62373
https://ehkultura.wikibase.cloud/entity/Q30755	http://www.wikidata.org/entity/Q157321
https://ehkultura.wikibase.cloud/entity/Q30760	http://www.wikidata.org/entity/Q157183
https://ehkultura.wikibase.cloud/entity/Q30874	http://www.wikidata.org/entity/Q129554
https://ehkultura.wikibase.cloud/entity/Q30807	http://www.wikidata.org/entity/Q153104
https://ehkultura.wikibase.cloud/entity/Q30923	http://www.wikidata.org/entity/Q160422
https://ehkultura.wikibase.cloud/entity/Q30804	http://www.wikidata.org/entity/Q231349
https://ehkultura.wikibase.cloud/entity/Q30868	http://www.wikidata.org/entity/Q234964
https://ehkultura.wikibase.cloud/entity/Q30951	http://www.wikidata.org/entity/Q235125
https://ehkultura.wikibase.cloud/entity/Q30853	http://www.wikidata.org/entity/Q295015
https://ehkultura.wikibase.cloud/entity/Q30892	http://www.wikidata.org/entity/Q293314
https://ehkultura.wikibase.cloud/entity/Q30799	http://www.wikidata.org/entity/Q332693
https://ehkultura.wikibase.cloud/entity/Q30790	http://www.wikidata.org/entity/Q380078
https://ehkultura.wikibase.cloud/entity/Q30763	http://www.wikidata.org/entity/Q435558
https://ehkultura.wikibase.cloud/entity/Q30823	http://www.wikidata.org/entity/Q443732
https://ehkultura.wikibase.cloud/entity/Q30774	http://www.wikidata.org/entity/Q529094
https://ehkultura.wikibase.cloud/entity/Q30803	http://www.wikidata.org/entity/Q548157
https://ehkultura.wikibase.cloud/entity/Q30942	http://www.wikidata.org/entity/Q555152
https://ehkultura.wikibase.cloud/entity/Q30759	http://www.wikidata.org/entity/Q670319
https://ehkultura.wikibase.cloud/entity/Q30843	http://www.wikidata.org/entity/Q670011
https://ehkultura.wikibase.cloud/entity/Q30789	http://www.wikidata.org/entity/Q698676
https://ehkultura.wikibase.cloud/entity/Q30910	http://www.wikidata.org/entity/Q683378
https://ehkultura.wikibase.cloud/entity/Q30921	http://www.wikidata.org/entity/Q694774
https://ehkultura.wikibase.cloud/entity/Q30828	http://www.wikidata.org/entity/Q827021
https://ehkultura.wikibase.cloud/entity/Q30928	http://www.wikidata.org/entity/Q974197
https://ehkultura.wikibase.cloud/entity/Q30949	http://www.wikidata.org/entity/Q997128
https://ehkultura.wikibase.cloud/entity/Q30714	http://www.wikidata.org/entity/Q1122394
https://ehkultura.wikibase.cloud/entity/Q30737	http://www.wikidata.org/entity/Q1158497
https://ehkultura.wikibase.cloud/entity/Q30875	http://www.wikidata.org/entity/Q1281597
https://ehkultura.wikibase.cloud/entity/Q30728	http://www.wikidata.org/entity/Q1378807
https://ehkultura.wikibase.cloud/entity/Q30954	http://www.wikidata.org/entity/Q1390738
https://ehkultura.wikibase.cloud/entity/Q30741	http://www.wikidata.org/entity/Q1555736
https://ehkultura.wikibase.cloud/entity/Q30933	http://www.wikidata.org/entity/Q1531656
https://ehkultura.wikibase.cloud/entity/Q30771	http://www.wikidata.org/entity/Q1740593
https://ehkultura.wikibase.cloud/entity/Q30947	http://www.wikidata.org/entity/Q1929737
https://ehkultura.wikibase.cloud/entity/Q30746	http://www.wikidata.org/entity/Q2165063
https://ehkultura.wikibase.cloud/entity/Q30926	http://www.wikidata.org/entity/Q2202315
https://ehkultura.wikibase.cloud/entity/Q30812	http://www.wikidata.org/entity/Q2272486
https://ehkultura.wikibase.cloud/entity/Q30817	http://www.wikidata.org/entity/Q2542671
https://ehkultura.wikibase.cloud/entity/Q30773	http://www.wikidata.org/entity/Q2571137
https://ehkultura.wikibase.cloud/entity/Q30876	http://www.wikidata.org/entity/Q2717011
https://ehkultura.wikibase.cloud/entity/Q30901	http://www.wikidata.org/entity/Q2749564
https://ehkultura.wikibase.cloud/entity/Q30941	http://www.wikidata.org/entity/Q2941937
https://ehkultura.wikibase.cloud/entity/Q30761	http://www.wikidata.org/entity/Q3040908
https://ehkultura.wikibase.cloud/entity/Q30920	http://www.wikidata.org/entity/Q3287917
https://ehkultura.wikibase.cloud/entity/Q30767	http://www.wikidata.org/entity/Q3807593
https://ehkultura.wikibase.cloud/entity/Q30702	http://www.wikidata.org/entity/Q3852724
https://ehkultura.wikibase.cloud/entity/Q30939	http://www.wikidata.org/entity/Q4685347
https://ehkultura.wikibase.cloud/entity/Q30831	http://www.wikidata.org/entity/Q4858967
https://ehkultura.wikibase.cloud/entity/Q30893	http://www.wikidata.org/entity/Q5850469
https://ehkultura.wikibase.cloud/entity/Q30783	http://www.wikidata.org/entity/Q5913966
https://ehkultura.wikibase.cloud/entity/Q30862	http://www.wikidata.org/entity/Q6260466
https://ehkultura.wikibase.cloud/entity/Q30811	http://www.wikidata.org/entity/Q6698442
https://ehkultura.wikibase.cloud/entity/Q30911	http://www.wikidata.org/entity/Q6757146
https://ehkultura.wikibase.cloud/entity/Q30955	http://www.wikidata.org/entity/Q7792057
https://ehkultura.wikibase.cloud/entity/Q30906	http://www.wikidata.org/entity/Q16207322
https://ehkultura.wikibase.cloud/entity/Q30791	http://www.wikidata.org/entity/Q17484673
https://ehkultura.wikibase.cloud/entity/Q30765	http://www.wikidata.org/entity/Q19856446
https://ehkultura.wikibase.cloud/entity/Q30844	http://www.wikidata.org/entity/Q20004850
https://ehkultura.wikibase.cloud/entity/Q30903	http://www.wikidata.org/entity/Q22911191
https://ehkultura.wikibase.cloud/entity/Q30832	http://www.wikidata.org/entity/Q22968963
https://ehkultura.wikibase.cloud/entity/Q30757	http://www.wikidata.org/entity/Q23945389
https://ehkultura.wikibase.cloud/entity/Q30867	http://www.wikidata.org/entity/Q24055276
https://ehkultura.wikibase.cloud/entity/Q30710	http://www.wikidata.org/entity/Q27671509
https://ehkultura.wikibase.cloud/entity/Q30860	http://www.wikidata.org/entity/Q29554383
https://ehkultura.wikibase.cloud/entity/Q30786	http://www.wikidata.org/entity/Q33102666
https://ehkultura.wikibase.cloud/entity/Q30713	http://www.wikidata.org/entity/Q38680917
https://ehkultura.wikibase.cloud/entity/Q30944	http://www.wikidata.org/entity/Q43269713
https://ehkultura.wikibase.cloud/entity/Q30899	http://www.wikidata.org/entity/Q52110367
https://ehkultura.wikibase.cloud/entity/Q30929	http://www.wikidata.org/entity/Q52630090
https://ehkultura.wikibase.cloud/entity/Q30814	http://www.wikidata.org/entity/Q54007011
https://ehkultura.wikibase.cloud/entity/Q30810	http://www.wikidata.org/entity/Q55620468
https://ehkultura.wikibase.cloud/entity/Q30743	http://www.wikidata.org/entity/Q55688847
https://ehkultura.wikibase.cloud/entity/Q30775	http://www.wikidata.org/entity/Q55680881
https://ehkultura.wikibase.cloud/entity/Q30866	http://www.wikidata.org/entity/Q56642589
https://ehkultura.wikibase.cloud/entity/Q30948	http://www.wikidata.org/entity/Q57044560
https://ehkultura.wikibase.cloud/entity/Q30797	http://www.wikidata.org/entity/Q60825569
https://ehkultura.wikibase.cloud/entity/Q30809	http://www.wikidata.org/entity/Q61983415
https://ehkultura.wikibase.cloud/entity/Q30952	http://www.wikidata.org/entity/Q63152903
https://ehkultura.wikibase.cloud/entity/Q30768	http://www.wikidata.org/entity/Q73505874
https://ehkultura.wikibase.cloud/entity/Q30940	http://www.wikidata.org/entity/Q87483708
https://ehkultura.wikibase.cloud/entity/Q30734	http://www.wikidata.org/entity/Q93429055
https://ehkultura.wikibase.cloud/entity/Q30913	http://www.wikidata.org/entity/Q94520246
https://ehkultura.wikibase.cloud/entity/Q30945	http://www.wikidata.org/entity/Q94520464
https://ehkultura.wikibase.cloud/entity/Q30723	http://www.wikidata.org/entity/Q99616126
https://ehkultura.wikibase.cloud/entity/Q30727	http://www.wikidata.org/entity/Q105623117
https://ehkultura.wikibase.cloud/entity/Q30744	http://www.wikidata.org/entity/Q106563830
https://ehkultura.wikibase.cloud/entity/Q30792	http://www.wikidata.org/entity/Q107358634
https://ehkultura.wikibase.cloud/entity/Q30930	http://www.wikidata.org/entity/Q109427598
https://ehkultura.wikibase.cloud/entity/Q30740	http://www.wikidata.org/entity/Q112545798
https://ehkultura.wikibase.cloud/entity/Q30816	http://www.wikidata.org/entity/Q112534013
https://ehkultura.wikibase.cloud/entity/Q30777	http://www.wikidata.org/entity/Q112687352
https://ehkultura.wikibase.cloud/entity/Q30869	http://www.wikidata.org/entity/Q113793158
https://ehkultura.wikibase.cloud/entity/Q30953	http://www.wikidata.org/entity/Q113786989
https://ehkultura.wikibase.cloud/entity/Q30894	http://www.wikidata.org/entity/Q120578760
https://ehkultura.wikibase.cloud/entity/Q30895	http://www.wikidata.org/entity/Q120607340
https://ehkultura.wikibase.cloud/entity/Q30931	http://www.wikidata.org/entity/Q125301341
https://ehkultura.wikibase.cloud/entity/Q30802	http://www.wikidata.org/entity/Q125746044
https://ehkultura.wikibase.cloud/entity/Q30798	http://www.wikidata.org/entity/Q9215
https://ehkultura.wikibase.cloud/entity/Q30754	http://www.wikidata.org/entity/Q55388
https://ehkultura.wikibase.cloud/entity/Q30961	http://www.wikidata.org/entity/Q5592
https://ehkultura.wikibase.cloud/entity/Q27625	http://www.wikidata.org/entity/Q164775
https://ehkultura.wikibase.cloud/entity/Q27592	http://www.wikidata.org/entity/Q213703
https://ehkultura.wikibase.cloud/entity/Q27465	http://www.wikidata.org/entity/Q309493
https://ehkultura.wikibase.cloud/entity/Q27441	http://www.wikidata.org/entity/Q321365
https://ehkultura.wikibase.cloud/entity/Q27480	http://www.wikidata.org/entity/Q328248
https://ehkultura.wikibase.cloud/entity/Q27708	http://www.wikidata.org/entity/Q324865
https://ehkultura.wikibase.cloud/entity/Q27459	http://www.wikidata.org/entity/Q451736
https://ehkultura.wikibase.cloud/entity/Q27467	http://www.wikidata.org/entity/Q551902
https://ehkultura.wikibase.cloud/entity/Q27429	http://www.wikidata.org/entity/Q598471
https://ehkultura.wikibase.cloud/entity/Q27623	http://www.wikidata.org/entity/Q609071
https://ehkultura.wikibase.cloud/entity/Q27426	http://www.wikidata.org/entity/Q719919
https://ehkultura.wikibase.cloud/entity/Q27549	http://www.wikidata.org/entity/Q711362
https://ehkultura.wikibase.cloud/entity/Q27423	http://www.wikidata.org/entity/Q993400
https://ehkultura.wikibase.cloud/entity/Q27643	http://www.wikidata.org/entity/Q982240
https://ehkultura.wikibase.cloud/entity/Q27707	http://www.wikidata.org/entity/Q969268
https://ehkultura.wikibase.cloud/entity/Q27433	http://www.wikidata.org/entity/Q1059668
https://ehkultura.wikibase.cloud/entity/Q27531	http://www.wikidata.org/entity/Q1173667
https://ehkultura.wikibase.cloud/entity/Q27466	http://www.wikidata.org/entity/Q1327456
https://ehkultura.wikibase.cloud/entity/Q27494	http://www.wikidata.org/entity/Q1381297
https://ehkultura.wikibase.cloud/entity/Q27503	http://www.wikidata.org/entity/Q1394562
https://ehkultura.wikibase.cloud/entity/Q27460	http://www.wikidata.org/entity/Q1455806
https://ehkultura.wikibase.cloud/entity/Q27521	http://www.wikidata.org/entity/Q1710513
https://ehkultura.wikibase.cloud/entity/Q27575	http://www.wikidata.org/entity/Q1818510
https://ehkultura.wikibase.cloud/entity/Q27540	http://www.wikidata.org/entity/Q2033601
https://ehkultura.wikibase.cloud/entity/Q27678	http://www.wikidata.org/entity/Q2568123
https://ehkultura.wikibase.cloud/entity/Q27451	http://www.wikidata.org/entity/Q2749490
https://ehkultura.wikibase.cloud/entity/Q27578	http://www.wikidata.org/entity/Q2831176
https://ehkultura.wikibase.cloud/entity/Q27605	http://www.wikidata.org/entity/Q2880824
https://ehkultura.wikibase.cloud/entity/Q27571	http://www.wikidata.org/entity/Q2899441
https://ehkultura.wikibase.cloud/entity/Q27452	http://www.wikidata.org/entity/Q3193180
https://ehkultura.wikibase.cloud/entity/Q27468	http://www.wikidata.org/entity/Q3295089
https://ehkultura.wikibase.cloud/entity/Q27516	http://www.wikidata.org/entity/Q3326735
https://ehkultura.wikibase.cloud/entity/Q27728	http://www.wikidata.org/entity/Q3300389
https://ehkultura.wikibase.cloud/entity/Q27496	http://www.wikidata.org/entity/Q3356457
https://ehkultura.wikibase.cloud/entity/Q27529	http://www.wikidata.org/entity/Q3391951
https://ehkultura.wikibase.cloud/entity/Q27724	http://www.wikidata.org/entity/Q3619254
https://ehkultura.wikibase.cloud/entity/Q27541	http://www.wikidata.org/entity/Q3753265
https://ehkultura.wikibase.cloud/entity/Q27499	http://www.wikidata.org/entity/Q3822709
https://ehkultura.wikibase.cloud/entity/Q27443	http://www.wikidata.org/entity/Q4078380
https://ehkultura.wikibase.cloud/entity/Q27557	http://www.wikidata.org/entity/Q4747418
https://ehkultura.wikibase.cloud/entity/Q27476	http://www.wikidata.org/entity/Q4891546
https://ehkultura.wikibase.cloud/entity/Q33890	http://www.wikidata.org/entity/Q3391951
https://ehkultura.wikibase.cloud/entity/Q27547	http://www.wikidata.org/entity/Q5673244
https://ehkultura.wikibase.cloud/entity/Q27446	http://www.wikidata.org/entity/Q5833054
https://ehkultura.wikibase.cloud/entity/Q27514	http://www.wikidata.org/entity/Q5998440
https://ehkultura.wikibase.cloud/entity/Q27506	http://www.wikidata.org/entity/Q6038378
https://ehkultura.wikibase.cloud/entity/Q27515	http://www.wikidata.org/entity/Q6454050
https://ehkultura.wikibase.cloud/entity/Q27535	http://www.wikidata.org/entity/Q6845991
https://ehkultura.wikibase.cloud/entity/Q27442	http://www.wikidata.org/entity/Q8196994
https://ehkultura.wikibase.cloud/entity/Q27600	http://www.wikidata.org/entity/Q13512446
https://ehkultura.wikibase.cloud/entity/Q27461	http://www.wikidata.org/entity/Q15403259
https://ehkultura.wikibase.cloud/entity/Q27472	http://www.wikidata.org/entity/Q16176715
https://ehkultura.wikibase.cloud/entity/Q27566	http://www.wikidata.org/entity/Q16318808
https://ehkultura.wikibase.cloud/entity/Q27478	http://www.wikidata.org/entity/Q17370648
https://ehkultura.wikibase.cloud/entity/Q27560	http://www.wikidata.org/entity/Q18935128
https://ehkultura.wikibase.cloud/entity/Q27554	http://www.wikidata.org/entity/Q19753891
https://ehkultura.wikibase.cloud/entity/Q27505	http://www.wikidata.org/entity/Q21010778
https://ehkultura.wikibase.cloud/entity/Q27457	http://www.wikidata.org/entity/Q21081168
https://ehkultura.wikibase.cloud/entity/Q27471	http://www.wikidata.org/entity/Q21936861
https://ehkultura.wikibase.cloud/entity/Q27723	http://www.wikidata.org/entity/Q23505618
https://ehkultura.wikibase.cloud/entity/Q27444	http://www.wikidata.org/entity/Q23661617
https://ehkultura.wikibase.cloud/entity/Q27453	http://www.wikidata.org/entity/Q23906904
https://ehkultura.wikibase.cloud/entity/Q27567	http://www.wikidata.org/entity/Q24054879
https://ehkultura.wikibase.cloud/entity/Q27532	http://www.wikidata.org/entity/Q45120545
https://ehkultura.wikibase.cloud/entity/Q27511	http://www.wikidata.org/entity/Q45174945
https://ehkultura.wikibase.cloud/entity/Q27601	http://www.wikidata.org/entity/Q47495596
https://ehkultura.wikibase.cloud/entity/Q27490	http://www.wikidata.org/entity/Q53341928
https://ehkultura.wikibase.cloud/entity/Q27525	http://www.wikidata.org/entity/Q55621118
https://ehkultura.wikibase.cloud/entity/Q27500	http://www.wikidata.org/entity/Q61341685
https://ehkultura.wikibase.cloud/entity/Q27709	http://www.wikidata.org/entity/Q65428744
https://ehkultura.wikibase.cloud/entity/Q27570	http://www.wikidata.org/entity/Q67017642
https://ehkultura.wikibase.cloud/entity/Q27703	http://www.wikidata.org/entity/Q74461882
https://ehkultura.wikibase.cloud/entity/Q27610	http://www.wikidata.org/entity/Q75522116
https://ehkultura.wikibase.cloud/entity/Q27530	http://www.wikidata.org/entity/Q93386365
https://ehkultura.wikibase.cloud/entity/Q27479	http://www.wikidata.org/entity/Q95239482
https://ehkultura.wikibase.cloud/entity/Q27589	http://www.wikidata.org/entity/Q99972198
https://ehkultura.wikibase.cloud/entity/Q27593	http://www.wikidata.org/entity/Q104668714
https://ehkultura.wikibase.cloud/entity/Q27564	http://www.wikidata.org/entity/Q105393572
https://ehkultura.wikibase.cloud/entity/Q27591	http://www.wikidata.org/entity/Q106315194
https://ehkultura.wikibase.cloud/entity/Q27607	http://www.wikidata.org/entity/Q107086393
https://ehkultura.wikibase.cloud/entity/Q31494	http://www.wikidata.org/entity/Q106315194
https://ehkultura.wikibase.cloud/entity/Q27634	http://www.wikidata.org/entity/Q109942480
https://ehkultura.wikibase.cloud/entity/Q27526	http://www.wikidata.org/entity/Q112514671
https://ehkultura.wikibase.cloud/entity/Q27548	http://www.wikidata.org/entity/Q112524598
https://ehkultura.wikibase.cloud/entity/Q27572	http://www.wikidata.org/entity/Q125149781
https://ehkultura.wikibase.cloud/entity/Q27597	http://www.wikidata.org/entity/Q125302179
https://ehkultura.wikibase.cloud/entity/Q27582	http://www.wikidata.org/entity/Q125401229
https://ehkultura.wikibase.cloud/entity/Q27732	http://www.wikidata.org/entity/Q131937966
https://ehkultura.wikibase.cloud/entity/Q27561	http://www.wikidata.org/entity/Q132167927
https://ehkultura.wikibase.cloud/entity/Q27474	http://www.wikidata.org/entity/Q135646436
https://ehkultura.wikibase.cloud/entity/Q27495	http://www.wikidata.org/entity/Q135646437
https://ehkultura.wikibase.cloud/entity/Q27432	http://www.wikidata.org/entity/Q53002
https://ehkultura.wikibase.cloud/entity/Q27635	http://www.wikidata.org/entity/Q5577
https://ehkultura.wikibase.cloud/entity/Q27450	http://www.wikidata.org/entity/Q55238
https://ehkultura.wikibase.cloud/entity/Q27687	http://www.wikidata.org/entity/Q62331
https://ehkultura.wikibase.cloud/entity/Q25258	http://www.wikidata.org/entity/Q98366
https://ehkultura.wikibase.cloud/entity/Q25234	http://www.wikidata.org/entity/Q152824
https://ehkultura.wikibase.cloud/entity/Q25351	http://www.wikidata.org/entity/Q159648
https://ehkultura.wikibase.cloud/entity/Q25403	http://www.wikidata.org/entity/Q160115
https://ehkultura.wikibase.cloud/entity/Q25202	http://www.wikidata.org/entity/Q229455
https://ehkultura.wikibase.cloud/entity/Q28553	http://www.wikidata.org/entity/Q212639
https://ehkultura.wikibase.cloud/entity/Q28554	http://www.wikidata.org/entity/Q213597
https://ehkultura.wikibase.cloud/entity/Q28522	http://www.wikidata.org/entity/Q289054
https://ehkultura.wikibase.cloud/entity/Q28645	http://www.wikidata.org/entity/Q260436
https://ehkultura.wikibase.cloud/entity/Q28489	http://www.wikidata.org/entity/Q312944
https://ehkultura.wikibase.cloud/entity/Q28526	http://www.wikidata.org/entity/Q310765
https://ehkultura.wikibase.cloud/entity/Q28563	http://www.wikidata.org/entity/Q313055
https://ehkultura.wikibase.cloud/entity/Q28578	http://www.wikidata.org/entity/Q358342
https://ehkultura.wikibase.cloud/entity/Q28467	http://www.wikidata.org/entity/Q438720
https://ehkultura.wikibase.cloud/entity/Q28541	http://www.wikidata.org/entity/Q460061
https://ehkultura.wikibase.cloud/entity/Q28605	http://www.wikidata.org/entity/Q521131
https://ehkultura.wikibase.cloud/entity/Q28415	http://www.wikidata.org/entity/Q588308
https://ehkultura.wikibase.cloud/entity/Q28651	http://www.wikidata.org/entity/Q538347
https://ehkultura.wikibase.cloud/entity/Q28672	http://www.wikidata.org/entity/Q552409
https://ehkultura.wikibase.cloud/entity/Q28441	http://www.wikidata.org/entity/Q710314
https://ehkultura.wikibase.cloud/entity/Q28709	http://www.wikidata.org/entity/Q651859
https://ehkultura.wikibase.cloud/entity/Q30738	http://www.wikidata.org/entity/Q213597
https://ehkultura.wikibase.cloud/entity/Q28524	http://www.wikidata.org/entity/Q784635
https://ehkultura.wikibase.cloud/entity/Q28448	http://www.wikidata.org/entity/Q913570
https://ehkultura.wikibase.cloud/entity/Q28680	http://www.wikidata.org/entity/Q1077428
https://ehkultura.wikibase.cloud/entity/Q28518	http://www.wikidata.org/entity/Q1343964
https://ehkultura.wikibase.cloud/entity/Q28623	http://www.wikidata.org/entity/Q1352701
https://ehkultura.wikibase.cloud/entity/Q28733	http://www.wikidata.org/entity/Q1463603
https://ehkultura.wikibase.cloud/entity/Q28730	http://www.wikidata.org/entity/Q1613081
https://ehkultura.wikibase.cloud/entity/Q28677	http://www.wikidata.org/entity/Q1759068
https://ehkultura.wikibase.cloud/entity/Q28564	http://www.wikidata.org/entity/Q2193997
https://ehkultura.wikibase.cloud/entity/Q28644	http://www.wikidata.org/entity/Q2744679
https://ehkultura.wikibase.cloud/entity/Q28535	http://www.wikidata.org/entity/Q2824716
https://ehkultura.wikibase.cloud/entity/Q28521	http://www.wikidata.org/entity/Q2861641
https://ehkultura.wikibase.cloud/entity/Q28728	http://www.wikidata.org/entity/Q2829585
https://ehkultura.wikibase.cloud/entity/Q28582	http://www.wikidata.org/entity/Q3052608
https://ehkultura.wikibase.cloud/entity/Q28621	http://www.wikidata.org/entity/Q3084137
https://ehkultura.wikibase.cloud/entity/Q28513	http://www.wikidata.org/entity/Q3121346
https://ehkultura.wikibase.cloud/entity/Q28421	http://www.wikidata.org/entity/Q3147236
https://ehkultura.wikibase.cloud/entity/Q28658	http://www.wikidata.org/entity/Q3101066
https://ehkultura.wikibase.cloud/entity/Q28643	http://www.wikidata.org/entity/Q3362422
https://ehkultura.wikibase.cloud/entity/Q28529	http://www.wikidata.org/entity/Q3479556
https://ehkultura.wikibase.cloud/entity/Q28514	http://www.wikidata.org/entity/Q3566046
https://ehkultura.wikibase.cloud/entity/Q28676	http://www.wikidata.org/entity/Q4706224
https://ehkultura.wikibase.cloud/entity/Q28436	http://www.wikidata.org/entity/Q4772039
https://ehkultura.wikibase.cloud/entity/Q28527	http://www.wikidata.org/entity/Q4858789
https://ehkultura.wikibase.cloud/entity/Q28612	http://www.wikidata.org/entity/Q4908259
https://ehkultura.wikibase.cloud/entity/Q28683	http://www.wikidata.org/entity/Q4924259
https://ehkultura.wikibase.cloud/entity/Q28614	http://www.wikidata.org/entity/Q5215629
https://ehkultura.wikibase.cloud/entity/Q28657	http://www.wikidata.org/entity/Q5727037
https://ehkultura.wikibase.cloud/entity/Q28690	http://www.wikidata.org/entity/Q5849655
https://ehkultura.wikibase.cloud/entity/Q28678	http://www.wikidata.org/entity/Q5858128
https://ehkultura.wikibase.cloud/entity/Q28652	http://www.wikidata.org/entity/Q5950173
https://ehkultura.wikibase.cloud/entity/Q28523	http://www.wikidata.org/entity/Q6186637
https://ehkultura.wikibase.cloud/entity/Q28480	http://www.wikidata.org/entity/Q6239461
https://ehkultura.wikibase.cloud/entity/Q28402	http://www.wikidata.org/entity/Q6299065
https://ehkultura.wikibase.cloud/entity/Q28601	http://www.wikidata.org/entity/Q6688499
https://ehkultura.wikibase.cloud/entity/Q28669	http://www.wikidata.org/entity/Q7173017
https://ehkultura.wikibase.cloud/entity/Q28444	http://www.wikidata.org/entity/Q7326104
https://ehkultura.wikibase.cloud/entity/Q28537	http://www.wikidata.org/entity/Q7614811
https://ehkultura.wikibase.cloud/entity/Q28411	http://www.wikidata.org/entity/Q8962241
https://ehkultura.wikibase.cloud/entity/Q28736	http://www.wikidata.org/entity/Q10823919
https://ehkultura.wikibase.cloud/entity/Q28698	http://www.wikidata.org/entity/Q11955285
https://ehkultura.wikibase.cloud/entity/Q28412	http://www.wikidata.org/entity/Q16120264
https://ehkultura.wikibase.cloud/entity/Q28724	http://www.wikidata.org/entity/Q16195428
https://ehkultura.wikibase.cloud/entity/Q28593	http://www.wikidata.org/entity/Q16301564
https://ehkultura.wikibase.cloud/entity/Q28414	http://www.wikidata.org/entity/Q16518232
https://ehkultura.wikibase.cloud/entity/Q28495	http://www.wikidata.org/entity/Q18222216
https://ehkultura.wikibase.cloud/entity/Q28510	http://www.wikidata.org/entity/Q19060494
https://ehkultura.wikibase.cloud/entity/Q28546	http://www.wikidata.org/entity/Q19301170
https://ehkultura.wikibase.cloud/entity/Q28675	http://www.wikidata.org/entity/Q19997570
https://ehkultura.wikibase.cloud/entity/Q28570	http://www.wikidata.org/entity/Q20856126
https://ehkultura.wikibase.cloud/entity/Q28716	http://www.wikidata.org/entity/Q26350656
https://ehkultura.wikibase.cloud/entity/Q28540	http://www.wikidata.org/entity/Q28496582
https://ehkultura.wikibase.cloud/entity/Q28707	http://www.wikidata.org/entity/Q29914068
https://ehkultura.wikibase.cloud/entity/Q28525	http://www.wikidata.org/entity/Q47165225
https://ehkultura.wikibase.cloud/entity/Q28557	http://www.wikidata.org/entity/Q56582734
https://ehkultura.wikibase.cloud/entity/Q28496	http://www.wikidata.org/entity/Q56754829
https://ehkultura.wikibase.cloud/entity/Q28610	http://www.wikidata.org/entity/Q85687089
https://ehkultura.wikibase.cloud/entity/Q28398	http://www.wikidata.org/entity/Q93372817
https://ehkultura.wikibase.cloud/entity/Q28517	http://www.wikidata.org/entity/Q96072217
https://ehkultura.wikibase.cloud/entity/Q28618	http://www.wikidata.org/entity/Q106241663
https://ehkultura.wikibase.cloud/entity/Q28422	http://www.wikidata.org/entity/Q112130461
https://ehkultura.wikibase.cloud/entity/Q28660	http://www.wikidata.org/entity/Q112369806
https://ehkultura.wikibase.cloud/entity/Q28571	http://www.wikidata.org/entity/Q113795283
https://ehkultura.wikibase.cloud/entity/Q28622	http://www.wikidata.org/entity/Q113853242
https://ehkultura.wikibase.cloud/entity/Q28726	http://www.wikidata.org/entity/Q124855796
https://ehkultura.wikibase.cloud/entity/Q28549	http://www.wikidata.org/entity/Q1511
https://ehkultura.wikibase.cloud/entity/Q28544	http://www.wikidata.org/entity/Q9364
https://ehkultura.wikibase.cloud/entity/Q28440	http://www.wikidata.org/entity/Q60070
https://ehkultura.wikibase.cloud/entity/Q28443	http://www.wikidata.org/entity/Q61189
https://ehkultura.wikibase.cloud/entity/Q28580	http://www.wikidata.org/entity/Q44131
https://ehkultura.wikibase.cloud/entity/Q28629	http://www.wikidata.org/entity/Q41322
https://ehkultura.wikibase.cloud/entity/Q28721	http://www.wikidata.org/entity/Q46408
https://ehkultura.wikibase.cloud/entity/Q25333	http://www.wikidata.org/entity/Q200622
https://ehkultura.wikibase.cloud/entity/Q25347	http://www.wikidata.org/entity/Q229990
https://ehkultura.wikibase.cloud/entity/Q25282	http://www.wikidata.org/entity/Q249718
https://ehkultura.wikibase.cloud/entity/Q25439	http://www.wikidata.org/entity/Q235134
https://ehkultura.wikibase.cloud/entity/Q25292	http://www.wikidata.org/entity/Q273712
https://ehkultura.wikibase.cloud/entity/Q25191	http://www.wikidata.org/entity/Q314771
https://ehkultura.wikibase.cloud/entity/Q25182	http://www.wikidata.org/entity/Q317838
https://ehkultura.wikibase.cloud/entity/Q25181	http://www.wikidata.org/entity/Q345379
https://ehkultura.wikibase.cloud/entity/Q25251	http://www.wikidata.org/entity/Q374948
https://ehkultura.wikibase.cloud/entity/Q25262	http://www.wikidata.org/entity/Q376770
https://ehkultura.wikibase.cloud/entity/Q25203	http://www.wikidata.org/entity/Q400347
https://ehkultura.wikibase.cloud/entity/Q25371	http://www.wikidata.org/entity/Q372313
https://ehkultura.wikibase.cloud/entity/Q25193	http://www.wikidata.org/entity/Q450412
https://ehkultura.wikibase.cloud/entity/Q25196	http://www.wikidata.org/entity/Q463255
https://ehkultura.wikibase.cloud/entity/Q25237	http://www.wikidata.org/entity/Q469204
https://ehkultura.wikibase.cloud/entity/Q25224	http://www.wikidata.org/entity/Q558332
https://ehkultura.wikibase.cloud/entity/Q25387	http://www.wikidata.org/entity/Q550428
https://ehkultura.wikibase.cloud/entity/Q25321	http://www.wikidata.org/entity/Q698710
https://ehkultura.wikibase.cloud/entity/Q25246	http://www.wikidata.org/entity/Q725020
https://ehkultura.wikibase.cloud/entity/Q25221	http://www.wikidata.org/entity/Q945584
https://ehkultura.wikibase.cloud/entity/Q25281	http://www.wikidata.org/entity/Q980193
https://ehkultura.wikibase.cloud/entity/Q25418	http://www.wikidata.org/entity/Q997312
https://ehkultura.wikibase.cloud/entity/Q25198	http://www.wikidata.org/entity/Q1081890
https://ehkultura.wikibase.cloud/entity/Q25183	http://www.wikidata.org/entity/Q1117163
https://ehkultura.wikibase.cloud/entity/Q25227	http://www.wikidata.org/entity/Q1283228
https://ehkultura.wikibase.cloud/entity/Q25328	http://www.wikidata.org/entity/Q1293908
https://ehkultura.wikibase.cloud/entity/Q25426	http://www.wikidata.org/entity/Q1567689
https://ehkultura.wikibase.cloud/entity/Q25334	http://www.wikidata.org/entity/Q2524011
https://ehkultura.wikibase.cloud/entity/Q25369	http://www.wikidata.org/entity/Q2638166
https://ehkultura.wikibase.cloud/entity/Q25303	http://www.wikidata.org/entity/Q2778106
https://ehkultura.wikibase.cloud/entity/Q25348	http://www.wikidata.org/entity/Q2799585
https://ehkultura.wikibase.cloud/entity/Q25287	http://www.wikidata.org/entity/Q2877573
https://ehkultura.wikibase.cloud/entity/Q25354	http://www.wikidata.org/entity/Q2918909
https://ehkultura.wikibase.cloud/entity/Q25266	http://www.wikidata.org/entity/Q3025635
https://ehkultura.wikibase.cloud/entity/Q25253	http://www.wikidata.org/entity/Q3161825
https://ehkultura.wikibase.cloud/entity/Q25427	http://www.wikidata.org/entity/Q3571610
https://ehkultura.wikibase.cloud/entity/Q25255	http://www.wikidata.org/entity/Q5461886
https://ehkultura.wikibase.cloud/entity/Q25209	http://www.wikidata.org/entity/Q5830223
https://ehkultura.wikibase.cloud/entity/Q25214	http://www.wikidata.org/entity/Q5860259
https://ehkultura.wikibase.cloud/entity/Q25278	http://www.wikidata.org/entity/Q5929165
https://ehkultura.wikibase.cloud/entity/Q25301	http://www.wikidata.org/entity/Q5946607
https://ehkultura.wikibase.cloud/entity/Q25219	http://www.wikidata.org/entity/Q6180981
https://ehkultura.wikibase.cloud/entity/Q25432	http://www.wikidata.org/entity/Q6378138
https://ehkultura.wikibase.cloud/entity/Q25428	http://www.wikidata.org/entity/Q6383635
https://ehkultura.wikibase.cloud/entity/Q25336	http://www.wikidata.org/entity/Q6433886
https://ehkultura.wikibase.cloud/entity/Q25342	http://www.wikidata.org/entity/Q9014850
https://ehkultura.wikibase.cloud/entity/Q25217	http://www.wikidata.org/entity/Q9088338
https://ehkultura.wikibase.cloud/entity/Q25376	http://www.wikidata.org/entity/Q9057102
https://ehkultura.wikibase.cloud/entity/Q25268	http://www.wikidata.org/entity/Q11649074
https://ehkultura.wikibase.cloud/entity/Q25188	http://www.wikidata.org/entity/Q11935004
https://ehkultura.wikibase.cloud/entity/Q25329	http://www.wikidata.org/entity/Q11926549
https://ehkultura.wikibase.cloud/entity/Q25228	http://www.wikidata.org/entity/Q12261440
https://ehkultura.wikibase.cloud/entity/Q25302	http://www.wikidata.org/entity/Q12256718
https://ehkultura.wikibase.cloud/entity/Q25391	http://www.wikidata.org/entity/Q15485499
https://ehkultura.wikibase.cloud/entity/Q25298	http://www.wikidata.org/entity/Q16166135
https://ehkultura.wikibase.cloud/entity/Q25401	http://www.wikidata.org/entity/Q18618552
https://ehkultura.wikibase.cloud/entity/Q25332	http://www.wikidata.org/entity/Q18872570
https://ehkultura.wikibase.cloud/entity/Q25225	http://www.wikidata.org/entity/Q19312438
https://ehkultura.wikibase.cloud/entity/Q25388	http://www.wikidata.org/entity/Q19661135
https://ehkultura.wikibase.cloud/entity/Q25296	http://www.wikidata.org/entity/Q20713968
https://ehkultura.wikibase.cloud/entity/Q25244	http://www.wikidata.org/entity/Q21456632
https://ehkultura.wikibase.cloud/entity/Q25184	http://www.wikidata.org/entity/Q23715187
https://ehkultura.wikibase.cloud/entity/Q25383	http://www.wikidata.org/entity/Q24055264
https://ehkultura.wikibase.cloud/entity/Q25285	http://www.wikidata.org/entity/Q25410572
https://ehkultura.wikibase.cloud/entity/Q25344	http://www.wikidata.org/entity/Q26111030
https://ehkultura.wikibase.cloud/entity/Q25213	http://www.wikidata.org/entity/Q28873752
https://ehkultura.wikibase.cloud/entity/Q25269	http://www.wikidata.org/entity/Q48644480
https://ehkultura.wikibase.cloud/entity/Q25232	http://www.wikidata.org/entity/Q56539662
https://ehkultura.wikibase.cloud/entity/Q25392	http://www.wikidata.org/entity/Q58337382
https://ehkultura.wikibase.cloud/entity/Q25378	http://www.wikidata.org/entity/Q59348770
https://ehkultura.wikibase.cloud/entity/Q25267	http://www.wikidata.org/entity/Q59686242
https://ehkultura.wikibase.cloud/entity/Q25218	http://www.wikidata.org/entity/Q70753733
https://ehkultura.wikibase.cloud/entity/Q25429	http://www.wikidata.org/entity/Q77324500
https://ehkultura.wikibase.cloud/entity/Q25366	http://www.wikidata.org/entity/Q85426347
https://ehkultura.wikibase.cloud/entity/Q25308	http://www.wikidata.org/entity/Q85865698
https://ehkultura.wikibase.cloud/entity/Q25372	http://www.wikidata.org/entity/Q93224682
https://ehkultura.wikibase.cloud/entity/Q25317	http://www.wikidata.org/entity/Q93381175
https://ehkultura.wikibase.cloud/entity/Q25375	http://www.wikidata.org/entity/Q93434351
https://ehkultura.wikibase.cloud/entity/Q25230	http://www.wikidata.org/entity/Q96756793
https://ehkultura.wikibase.cloud/entity/Q25374	http://www.wikidata.org/entity/Q110779519
https://ehkultura.wikibase.cloud/entity/Q25311	http://www.wikidata.org/entity/Q111424940
https://ehkultura.wikibase.cloud/entity/Q25312	http://www.wikidata.org/entity/Q122577553
https://ehkultura.wikibase.cloud/entity/Q25359	http://www.wikidata.org/entity/Q122577650
https://ehkultura.wikibase.cloud/entity/Q25310	http://www.wikidata.org/entity/Q124987887
https://ehkultura.wikibase.cloud/entity/Q25363	http://www.wikidata.org/entity/Q131345027
https://ehkultura.wikibase.cloud/entity/Q25435	http://www.wikidata.org/entity/Q135197074
https://ehkultura.wikibase.cloud/entity/Q25222	http://www.wikidata.org/entity/Q557
https://ehkultura.wikibase.cloud/entity/Q25238	http://www.wikidata.org/entity/Q8877
https://ehkultura.wikibase.cloud/entity/Q25241	http://www.wikidata.org/entity/Q35802
https://ehkultura.wikibase.cloud/entity/Q25361	http://www.wikidata.org/entity/Q7833
https://ehkultura.wikibase.cloud/entity/Q25415	http://www.wikidata.org/entity/Q9391
https://ehkultura.wikibase.cloud/entity/Q25280	http://www.wikidata.org/entity/Q51549
https://ehkultura.wikibase.cloud/entity/Q25330	http://www.wikidata.org/entity/Q52919
https://ehkultura.wikibase.cloud/entity/Q25424	http://www.wikidata.org/entity/Q51495
https://ehkultura.wikibase.cloud/entity/Q30987	http://www.wikidata.org/entity/Q92942
https://ehkultura.wikibase.cloud/entity/Q30998	http://www.wikidata.org/entity/Q153717
https://ehkultura.wikibase.cloud/entity/Q30990	http://www.wikidata.org/entity/Q170345
https://ehkultura.wikibase.cloud/entity/Q31142	http://www.wikidata.org/entity/Q154842
https://ehkultura.wikibase.cloud/entity/Q31051	http://www.wikidata.org/entity/Q184750
https://ehkultura.wikibase.cloud/entity/Q31137	http://www.wikidata.org/entity/Q235281
https://ehkultura.wikibase.cloud/entity/Q27197	http://www.wikidata.org/entity/Q82445
https://ehkultura.wikibase.cloud/entity/Q27412	http://www.wikidata.org/entity/Q92764
https://ehkultura.wikibase.cloud/entity/Q27175	http://www.wikidata.org/entity/Q158099
https://ehkultura.wikibase.cloud/entity/Q27069	http://www.wikidata.org/entity/Q213642
https://ehkultura.wikibase.cloud/entity/Q27227	http://www.wikidata.org/entity/Q305106
https://ehkultura.wikibase.cloud/entity/Q27417	http://www.wikidata.org/entity/Q262608
https://ehkultura.wikibase.cloud/entity/Q27267	http://www.wikidata.org/entity/Q298341
https://ehkultura.wikibase.cloud/entity/Q27381	http://www.wikidata.org/entity/Q312556
https://ehkultura.wikibase.cloud/entity/Q27299	http://www.wikidata.org/entity/Q356546
https://ehkultura.wikibase.cloud/entity/Q27427	http://www.wikidata.org/entity/Q326813
https://ehkultura.wikibase.cloud/entity/Q27226	http://www.wikidata.org/entity/Q468627
https://ehkultura.wikibase.cloud/entity/Q27066	http://www.wikidata.org/entity/Q528804
https://ehkultura.wikibase.cloud/entity/Q27188	http://www.wikidata.org/entity/Q528511
https://ehkultura.wikibase.cloud/entity/Q27185	http://www.wikidata.org/entity/Q549487
https://ehkultura.wikibase.cloud/entity/Q27295	http://www.wikidata.org/entity/Q555137
https://ehkultura.wikibase.cloud/entity/Q27111	http://www.wikidata.org/entity/Q605655
https://ehkultura.wikibase.cloud/entity/Q27068	http://www.wikidata.org/entity/Q671852
https://ehkultura.wikibase.cloud/entity/Q27317	http://www.wikidata.org/entity/Q651763
https://ehkultura.wikibase.cloud/entity/Q27102	http://www.wikidata.org/entity/Q719434
https://ehkultura.wikibase.cloud/entity/Q27281	http://www.wikidata.org/entity/Q701952
https://ehkultura.wikibase.cloud/entity/Q27268	http://www.wikidata.org/entity/Q716552
https://ehkultura.wikibase.cloud/entity/Q27077	http://www.wikidata.org/entity/Q936935
https://ehkultura.wikibase.cloud/entity/Q27345	http://www.wikidata.org/entity/Q1030183
https://ehkultura.wikibase.cloud/entity/Q27139	http://www.wikidata.org/entity/Q1247696
https://ehkultura.wikibase.cloud/entity/Q27425	http://www.wikidata.org/entity/Q1257924
https://ehkultura.wikibase.cloud/entity/Q27310	http://www.wikidata.org/entity/Q1354061
https://ehkultura.wikibase.cloud/entity/Q27071	http://www.wikidata.org/entity/Q1534215
https://ehkultura.wikibase.cloud/entity/Q27418	http://www.wikidata.org/entity/Q1549464
https://ehkultura.wikibase.cloud/entity/Q27351	http://www.wikidata.org/entity/Q1662745
https://ehkultura.wikibase.cloud/entity/Q27421	http://www.wikidata.org/entity/Q2060865
https://ehkultura.wikibase.cloud/entity/Q27074	http://www.wikidata.org/entity/Q2349570
https://ehkultura.wikibase.cloud/entity/Q27362	http://www.wikidata.org/entity/Q2454817
https://ehkultura.wikibase.cloud/entity/Q27152	http://www.wikidata.org/entity/Q2756210
https://ehkultura.wikibase.cloud/entity/Q27269	http://www.wikidata.org/entity/Q2848599
https://ehkultura.wikibase.cloud/entity/Q27065	http://www.wikidata.org/entity/Q3035798
https://ehkultura.wikibase.cloud/entity/Q27092	http://www.wikidata.org/entity/Q3036987
https://ehkultura.wikibase.cloud/entity/Q27283	http://www.wikidata.org/entity/Q3161983
https://ehkultura.wikibase.cloud/entity/Q27306	http://www.wikidata.org/entity/Q3158167
https://ehkultura.wikibase.cloud/entity/Q27346	http://www.wikidata.org/entity/Q3169515
https://ehkultura.wikibase.cloud/entity/Q27415	http://www.wikidata.org/entity/Q3163691
https://ehkultura.wikibase.cloud/entity/Q27349	http://www.wikidata.org/entity/Q3361624
https://ehkultura.wikibase.cloud/entity/Q27318	http://www.wikidata.org/entity/Q3719401
https://ehkultura.wikibase.cloud/entity/Q27109	http://www.wikidata.org/entity/Q4865096
https://ehkultura.wikibase.cloud/entity/Q27332	http://www.wikidata.org/entity/Q4945253
https://ehkultura.wikibase.cloud/entity/Q27107	http://www.wikidata.org/entity/Q5298567
https://ehkultura.wikibase.cloud/entity/Q27103	http://www.wikidata.org/entity/Q5386479
https://ehkultura.wikibase.cloud/entity/Q27114	http://www.wikidata.org/entity/Q5551705
https://ehkultura.wikibase.cloud/entity/Q27375	http://www.wikidata.org/entity/Q5578394
https://ehkultura.wikibase.cloud/entity/Q27089	http://www.wikidata.org/entity/Q5833112
https://ehkultura.wikibase.cloud/entity/Q27320	http://www.wikidata.org/entity/Q5913209
https://ehkultura.wikibase.cloud/entity/Q27104	http://www.wikidata.org/entity/Q6120816
https://ehkultura.wikibase.cloud/entity/Q27326	http://www.wikidata.org/entity/Q6135076
https://ehkultura.wikibase.cloud/entity/Q27145	http://www.wikidata.org/entity/Q6231541
https://ehkultura.wikibase.cloud/entity/Q27316	http://www.wikidata.org/entity/Q6527224
https://ehkultura.wikibase.cloud/entity/Q27106	http://www.wikidata.org/entity/Q6681020
https://ehkultura.wikibase.cloud/entity/Q27147	http://www.wikidata.org/entity/Q6790319
https://ehkultura.wikibase.cloud/entity/Q27110	http://www.wikidata.org/entity/Q7002179
https://ehkultura.wikibase.cloud/entity/Q27131	http://www.wikidata.org/entity/Q7323946
https://ehkultura.wikibase.cloud/entity/Q27078	http://www.wikidata.org/entity/Q7499567
https://ehkultura.wikibase.cloud/entity/Q27097	http://www.wikidata.org/entity/Q7925373
https://ehkultura.wikibase.cloud/entity/Q27115	http://www.wikidata.org/entity/Q8201162
https://ehkultura.wikibase.cloud/entity/Q27297	http://www.wikidata.org/entity/Q9088232
https://ehkultura.wikibase.cloud/entity/Q27091	http://www.wikidata.org/entity/Q11985995
https://ehkultura.wikibase.cloud/entity/Q27348	http://www.wikidata.org/entity/Q13455488
https://ehkultura.wikibase.cloud/entity/Q27062	http://www.wikidata.org/entity/Q15441587
https://ehkultura.wikibase.cloud/entity/Q27285	http://www.wikidata.org/entity/Q16669236
https://ehkultura.wikibase.cloud/entity/Q27420	http://www.wikidata.org/entity/Q17302625
https://ehkultura.wikibase.cloud/entity/Q27309	http://www.wikidata.org/entity/Q17619596
https://ehkultura.wikibase.cloud/entity/Q27313	http://www.wikidata.org/entity/Q20747247
https://ehkultura.wikibase.cloud/entity/Q27314	http://www.wikidata.org/entity/Q20747245
https://ehkultura.wikibase.cloud/entity/Q27151	http://www.wikidata.org/entity/Q22893643
https://ehkultura.wikibase.cloud/entity/Q27156	http://www.wikidata.org/entity/Q24055277
https://ehkultura.wikibase.cloud/entity/Q27276	http://www.wikidata.org/entity/Q24042621
https://ehkultura.wikibase.cloud/entity/Q27404	http://www.wikidata.org/entity/Q24556761
https://ehkultura.wikibase.cloud/entity/Q27380	http://www.wikidata.org/entity/Q27042455
https://ehkultura.wikibase.cloud/entity/Q27294	http://www.wikidata.org/entity/Q29167949
https://ehkultura.wikibase.cloud/entity/Q27082	http://www.wikidata.org/entity/Q30070209
https://ehkultura.wikibase.cloud/entity/Q27132	http://www.wikidata.org/entity/Q57203167
https://ehkultura.wikibase.cloud/entity/Q27331	http://www.wikidata.org/entity/Q61866596
https://ehkultura.wikibase.cloud/entity/Q27090	http://www.wikidata.org/entity/Q93226309
https://ehkultura.wikibase.cloud/entity/Q27087	http://www.wikidata.org/entity/Q93242392
https://ehkultura.wikibase.cloud/entity/Q27141	http://www.wikidata.org/entity/Q93386481
https://ehkultura.wikibase.cloud/entity/Q27113	http://www.wikidata.org/entity/Q93418318
https://ehkultura.wikibase.cloud/entity/Q27312	http://www.wikidata.org/entity/Q93386023
https://ehkultura.wikibase.cloud/entity/Q27364	http://www.wikidata.org/entity/Q95772030
https://ehkultura.wikibase.cloud/entity/Q27150	http://www.wikidata.org/entity/Q95906654
https://ehkultura.wikibase.cloud/entity/Q27146	http://www.wikidata.org/entity/Q101208372
https://ehkultura.wikibase.cloud/entity/Q27376	http://www.wikidata.org/entity/Q105813011
https://ehkultura.wikibase.cloud/entity/Q27296	http://www.wikidata.org/entity/Q109279379
https://ehkultura.wikibase.cloud/entity/Q27277	http://www.wikidata.org/entity/Q112487672
https://ehkultura.wikibase.cloud/entity/Q27311	http://www.wikidata.org/entity/Q112499990
https://ehkultura.wikibase.cloud/entity/Q27159	http://www.wikidata.org/entity/Q130271020
https://ehkultura.wikibase.cloud/entity/Q27105	http://www.wikidata.org/entity/Q5593
https://ehkultura.wikibase.cloud/entity/Q27112	http://www.wikidata.org/entity/Q4128
https://ehkultura.wikibase.cloud/entity/Q27155	http://www.wikidata.org/entity/Q15969
https://ehkultura.wikibase.cloud/entity/Q27140	http://www.wikidata.org/entity/Q34981
https://ehkultura.wikibase.cloud/entity/Q27212	http://www.wikidata.org/entity/Q181
https://ehkultura.wikibase.cloud/entity/Q27229	http://www.wikidata.org/entity/Q52826
https://ehkultura.wikibase.cloud/entity/Q27424	http://www.wikidata.org/entity/Q92993
https://ehkultura.wikibase.cloud/entity/Q27498	http://www.wikidata.org/entity/Q152384
https://ehkultura.wikibase.cloud/entity/Q28265	http://www.wikidata.org/entity/Q159409
https://ehkultura.wikibase.cloud/entity/Q28338	http://www.wikidata.org/entity/Q153965
https://ehkultura.wikibase.cloud/entity/Q28119	http://www.wikidata.org/entity/Q216005
https://ehkultura.wikibase.cloud/entity/Q28099	http://www.wikidata.org/entity/Q240570
https://ehkultura.wikibase.cloud/entity/Q28404	http://www.wikidata.org/entity/Q271247
https://ehkultura.wikibase.cloud/entity/Q28278	http://www.wikidata.org/entity/Q312467
https://ehkultura.wikibase.cloud/entity/Q28285	http://www.wikidata.org/entity/Q324937
https://ehkultura.wikibase.cloud/entity/Q28114	http://www.wikidata.org/entity/Q382604
https://ehkultura.wikibase.cloud/entity/Q28246	http://www.wikidata.org/entity/Q394628
https://ehkultura.wikibase.cloud/entity/Q28113	http://www.wikidata.org/entity/Q434839
https://ehkultura.wikibase.cloud/entity/Q28143	http://www.wikidata.org/entity/Q465168
https://ehkultura.wikibase.cloud/entity/Q28361	http://www.wikidata.org/entity/Q519021
https://ehkultura.wikibase.cloud/entity/Q28407	http://www.wikidata.org/entity/Q551252
https://ehkultura.wikibase.cloud/entity/Q28255	http://www.wikidata.org/entity/Q657647
https://ehkultura.wikibase.cloud/entity/Q28258	http://www.wikidata.org/entity/Q685827
https://ehkultura.wikibase.cloud/entity/Q28387	http://www.wikidata.org/entity/Q736449
https://ehkultura.wikibase.cloud/entity/Q28252	http://www.wikidata.org/entity/Q970901
https://ehkultura.wikibase.cloud/entity/Q28277	http://www.wikidata.org/entity/Q1176873
https://ehkultura.wikibase.cloud/entity/Q28173	http://www.wikidata.org/entity/Q1265639
https://ehkultura.wikibase.cloud/entity/Q28148	http://www.wikidata.org/entity/Q1366898
https://ehkultura.wikibase.cloud/entity/Q28109	http://www.wikidata.org/entity/Q1401071
https://ehkultura.wikibase.cloud/entity/Q28203	http://www.wikidata.org/entity/Q1443028
https://ehkultura.wikibase.cloud/entity/Q28180	http://www.wikidata.org/entity/Q1496263
https://ehkultura.wikibase.cloud/entity/Q28242	http://www.wikidata.org/entity/Q1684965
https://ehkultura.wikibase.cloud/entity/Q28302	http://www.wikidata.org/entity/Q1919787
https://ehkultura.wikibase.cloud/entity/Q28169	http://www.wikidata.org/entity/Q2073958
https://ehkultura.wikibase.cloud/entity/Q28256	http://www.wikidata.org/entity/Q2531349
https://ehkultura.wikibase.cloud/entity/Q28241	http://www.wikidata.org/entity/Q2707515
https://ehkultura.wikibase.cloud/entity/Q28205	http://www.wikidata.org/entity/Q2829705
https://ehkultura.wikibase.cloud/entity/Q28240	http://www.wikidata.org/entity/Q2829551
https://ehkultura.wikibase.cloud/entity/Q28352	http://www.wikidata.org/entity/Q2830974
https://ehkultura.wikibase.cloud/entity/Q28201	http://www.wikidata.org/entity/Q2996955
https://ehkultura.wikibase.cloud/entity/Q28234	http://www.wikidata.org/entity/Q3168029
https://ehkultura.wikibase.cloud/entity/Q28405	http://www.wikidata.org/entity/Q3168375
https://ehkultura.wikibase.cloud/entity/Q28139	http://www.wikidata.org/entity/Q3312100
https://ehkultura.wikibase.cloud/entity/Q28126	http://www.wikidata.org/entity/Q3376460
https://ehkultura.wikibase.cloud/entity/Q28137	http://www.wikidata.org/entity/Q3490856
https://ehkultura.wikibase.cloud/entity/Q28282	http://www.wikidata.org/entity/Q3559488
https://ehkultura.wikibase.cloud/entity/Q28161	http://www.wikidata.org/entity/Q4936597
https://ehkultura.wikibase.cloud/entity/Q28395	http://www.wikidata.org/entity/Q5271473
https://ehkultura.wikibase.cloud/entity/Q28294	http://www.wikidata.org/entity/Q5657393
https://ehkultura.wikibase.cloud/entity/Q28253	http://www.wikidata.org/entity/Q5759828
https://ehkultura.wikibase.cloud/entity/Q28254	http://www.wikidata.org/entity/Q6003448
https://ehkultura.wikibase.cloud/entity/Q28268	http://www.wikidata.org/entity/Q6504526
https://ehkultura.wikibase.cloud/entity/Q33330	http://www.wikidata.org/entity/Q5657393
https://ehkultura.wikibase.cloud/entity/Q28264	http://www.wikidata.org/entity/Q10846070
https://ehkultura.wikibase.cloud/entity/Q28235	http://www.wikidata.org/entity/Q11934997
https://ehkultura.wikibase.cloud/entity/Q28121	http://www.wikidata.org/entity/Q12262121
https://ehkultura.wikibase.cloud/entity/Q28170	http://www.wikidata.org/entity/Q15435629
https://ehkultura.wikibase.cloud/entity/Q28312	http://www.wikidata.org/entity/Q15990483
https://ehkultura.wikibase.cloud/entity/Q28287	http://www.wikidata.org/entity/Q16192673
https://ehkultura.wikibase.cloud/entity/Q28406	http://www.wikidata.org/entity/Q16860428
https://ehkultura.wikibase.cloud/entity/Q28324	http://www.wikidata.org/entity/Q16982366
https://ehkultura.wikibase.cloud/entity/Q28403	http://www.wikidata.org/entity/Q20535670
https://ehkultura.wikibase.cloud/entity/Q28152	http://www.wikidata.org/entity/Q22132620
https://ehkultura.wikibase.cloud/entity/Q28197	http://www.wikidata.org/entity/Q23782401
https://ehkultura.wikibase.cloud/entity/Q28281	http://www.wikidata.org/entity/Q23783074
https://ehkultura.wikibase.cloud/entity/Q28341	http://www.wikidata.org/entity/Q23783431
https://ehkultura.wikibase.cloud/entity/Q28199	http://www.wikidata.org/entity/Q27998767
https://ehkultura.wikibase.cloud/entity/Q28267	http://www.wikidata.org/entity/Q37289467
https://ehkultura.wikibase.cloud/entity/Q28103	http://www.wikidata.org/entity/Q38681507
https://ehkultura.wikibase.cloud/entity/Q28183	http://www.wikidata.org/entity/Q42220497
https://ehkultura.wikibase.cloud/entity/Q28349	http://www.wikidata.org/entity/Q42361346
https://ehkultura.wikibase.cloud/entity/Q28153	http://www.wikidata.org/entity/Q47466052
https://ehkultura.wikibase.cloud/entity/Q26514	http://www.wikidata.org/entity/Q53551665
https://ehkultura.wikibase.cloud/entity/Q28154	http://www.wikidata.org/entity/Q59192982
https://ehkultura.wikibase.cloud/entity/Q28189	http://www.wikidata.org/entity/Q62559573
https://ehkultura.wikibase.cloud/entity/Q28320	http://www.wikidata.org/entity/Q67312350
https://ehkultura.wikibase.cloud/entity/Q28269	http://www.wikidata.org/entity/Q68946483
https://ehkultura.wikibase.cloud/entity/Q28194	http://www.wikidata.org/entity/Q70598887
https://ehkultura.wikibase.cloud/entity/Q28284	http://www.wikidata.org/entity/Q70870010
https://ehkultura.wikibase.cloud/entity/Q28238	http://www.wikidata.org/entity/Q79440133
https://ehkultura.wikibase.cloud/entity/Q28125	http://www.wikidata.org/entity/Q81053401
https://ehkultura.wikibase.cloud/entity/Q28097	http://www.wikidata.org/entity/Q93222807
https://ehkultura.wikibase.cloud/entity/Q28293	http://www.wikidata.org/entity/Q93239903
https://ehkultura.wikibase.cloud/entity/Q28198	http://www.wikidata.org/entity/Q95208428
https://ehkultura.wikibase.cloud/entity/Q28179	http://www.wikidata.org/entity/Q100926256
https://ehkultura.wikibase.cloud/entity/Q28304	http://www.wikidata.org/entity/Q111398023
https://ehkultura.wikibase.cloud/entity/Q28237	http://www.wikidata.org/entity/Q112242848
https://ehkultura.wikibase.cloud/entity/Q28397	http://www.wikidata.org/entity/Q112473771
https://ehkultura.wikibase.cloud/entity/Q28340	http://www.wikidata.org/entity/Q112495288
https://ehkultura.wikibase.cloud/entity/Q28346	http://www.wikidata.org/entity/Q113130382
https://ehkultura.wikibase.cloud/entity/Q28158	http://www.wikidata.org/entity/Q113822541
https://ehkultura.wikibase.cloud/entity/Q28081	http://www.wikidata.org/entity/Q9358
https://ehkultura.wikibase.cloud/entity/Q28092	http://www.wikidata.org/entity/Q7552
https://ehkultura.wikibase.cloud/entity/Q28118	http://www.wikidata.org/entity/Q80
https://ehkultura.wikibase.cloud/entity/Q28047	http://www.wikidata.org/entity/Q61071
https://ehkultura.wikibase.cloud/entity/Q28306	http://www.wikidata.org/entity/Q853
https://ehkultura.wikibase.cloud/entity/Q28318	http://www.wikidata.org/entity/Q307
https://ehkultura.wikibase.cloud/entity/Q28342	http://www.wikidata.org/entity/Q937
https://ehkultura.wikibase.cloud/entity/Q28347	http://www.wikidata.org/entity/Q5582
https://ehkultura.wikibase.cloud/entity/Q28157	http://www.wikidata.org/entity/Q58853
https://ehkultura.wikibase.cloud/entity/Q28351	http://www.wikidata.org/entity/Q25328
https://ehkultura.wikibase.cloud/entity/Q24736	http://www.wikidata.org/entity/Q109206
https://ehkultura.wikibase.cloud/entity/Q24866	http://www.wikidata.org/entity/Q74428
https://ehkultura.wikibase.cloud/entity/Q24818	http://www.wikidata.org/entity/Q160448
https://ehkultura.wikibase.cloud/entity/Q24839	http://www.wikidata.org/entity/Q161933
https://ehkultura.wikibase.cloud/entity/Q24649	http://www.wikidata.org/entity/Q217790
https://ehkultura.wikibase.cloud/entity/Q24662	http://www.wikidata.org/entity/Q237696
https://ehkultura.wikibase.cloud/entity/Q24862	http://www.wikidata.org/entity/Q190568
https://ehkultura.wikibase.cloud/entity/Q31164	http://www.wikidata.org/entity/Q232417
https://ehkultura.wikibase.cloud/entity/Q31070	http://www.wikidata.org/entity/Q260617
https://ehkultura.wikibase.cloud/entity/Q31048	http://www.wikidata.org/entity/Q310048
https://ehkultura.wikibase.cloud/entity/Q31087	http://www.wikidata.org/entity/Q312392
https://ehkultura.wikibase.cloud/entity/Q30977	http://www.wikidata.org/entity/Q378116
https://ehkultura.wikibase.cloud/entity/Q31166	http://www.wikidata.org/entity/Q333073
https://ehkultura.wikibase.cloud/entity/Q31071	http://www.wikidata.org/entity/Q426653
https://ehkultura.wikibase.cloud/entity/Q30988	http://www.wikidata.org/entity/Q459648
https://ehkultura.wikibase.cloud/entity/Q31015	http://www.wikidata.org/entity/Q466187
https://ehkultura.wikibase.cloud/entity/Q31004	http://www.wikidata.org/entity/Q483512
https://ehkultura.wikibase.cloud/entity/Q31206	http://www.wikidata.org/entity/Q471318
https://ehkultura.wikibase.cloud/entity/Q31133	http://www.wikidata.org/entity/Q526470
https://ehkultura.wikibase.cloud/entity/Q31101	http://www.wikidata.org/entity/Q561184
https://ehkultura.wikibase.cloud/entity/Q31013	http://www.wikidata.org/entity/Q914211
https://ehkultura.wikibase.cloud/entity/Q31021	http://www.wikidata.org/entity/Q936534
https://ehkultura.wikibase.cloud/entity/Q31126	http://www.wikidata.org/entity/Q934199
https://ehkultura.wikibase.cloud/entity/Q30985	http://www.wikidata.org/entity/Q1059351
https://ehkultura.wikibase.cloud/entity/Q31093	http://www.wikidata.org/entity/Q1041555
https://ehkultura.wikibase.cloud/entity/Q31155	http://www.wikidata.org/entity/Q1159135
https://ehkultura.wikibase.cloud/entity/Q30999	http://www.wikidata.org/entity/Q1241144
https://ehkultura.wikibase.cloud/entity/Q31052	http://www.wikidata.org/entity/Q1318360
https://ehkultura.wikibase.cloud/entity/Q31024	http://www.wikidata.org/entity/Q1330279
https://ehkultura.wikibase.cloud/entity/Q31064	http://www.wikidata.org/entity/Q1584452
https://ehkultura.wikibase.cloud/entity/Q31022	http://www.wikidata.org/entity/Q1684721
https://ehkultura.wikibase.cloud/entity/Q31010	http://www.wikidata.org/entity/Q2441572
https://ehkultura.wikibase.cloud/entity/Q31151	http://www.wikidata.org/entity/Q2897931
https://ehkultura.wikibase.cloud/entity/Q31078	http://www.wikidata.org/entity/Q2926781
https://ehkultura.wikibase.cloud/entity/Q31123	http://www.wikidata.org/entity/Q3069116
https://ehkultura.wikibase.cloud/entity/Q30992	http://www.wikidata.org/entity/Q3134652
https://ehkultura.wikibase.cloud/entity/Q31150	http://www.wikidata.org/entity/Q3098984
https://ehkultura.wikibase.cloud/entity/Q30982	http://www.wikidata.org/entity/Q3345808
https://ehkultura.wikibase.cloud/entity/Q31167	http://www.wikidata.org/entity/Q3389001
https://ehkultura.wikibase.cloud/entity/Q31170	http://www.wikidata.org/entity/Q3417335
https://ehkultura.wikibase.cloud/entity/Q31181	http://www.wikidata.org/entity/Q3608778
https://ehkultura.wikibase.cloud/entity/Q31119	http://www.wikidata.org/entity/Q3746371
https://ehkultura.wikibase.cloud/entity/Q31147	http://www.wikidata.org/entity/Q3804456
https://ehkultura.wikibase.cloud/entity/Q31050	http://www.wikidata.org/entity/Q4164381
https://ehkultura.wikibase.cloud/entity/Q31028	http://www.wikidata.org/entity/Q4892859
https://ehkultura.wikibase.cloud/entity/Q31080	http://www.wikidata.org/entity/Q4945670
https://ehkultura.wikibase.cloud/entity/Q31029	http://www.wikidata.org/entity/Q5554907
https://ehkultura.wikibase.cloud/entity/Q31065	http://www.wikidata.org/entity/Q5797821
https://ehkultura.wikibase.cloud/entity/Q31061	http://www.wikidata.org/entity/Q5947534
https://ehkultura.wikibase.cloud/entity/Q31125	http://www.wikidata.org/entity/Q5953791
https://ehkultura.wikibase.cloud/entity/Q31158	http://www.wikidata.org/entity/Q5947404
https://ehkultura.wikibase.cloud/entity/Q31082	http://www.wikidata.org/entity/Q6370124
https://ehkultura.wikibase.cloud/entity/Q31114	http://www.wikidata.org/entity/Q6385673
https://ehkultura.wikibase.cloud/entity/Q31001	http://www.wikidata.org/entity/Q6767356
https://ehkultura.wikibase.cloud/entity/Q31184	http://www.wikidata.org/entity/Q7132191
https://ehkultura.wikibase.cloud/entity/Q31187	http://www.wikidata.org/entity/Q8775088
https://ehkultura.wikibase.cloud/entity/Q31040	http://www.wikidata.org/entity/Q12252809
https://ehkultura.wikibase.cloud/entity/Q31105	http://www.wikidata.org/entity/Q16494295
https://ehkultura.wikibase.cloud/entity/Q31020	http://www.wikidata.org/entity/Q16943438
https://ehkultura.wikibase.cloud/entity/Q31154	http://www.wikidata.org/entity/Q18286437
https://ehkultura.wikibase.cloud/entity/Q31031	http://www.wikidata.org/entity/Q19299857
https://ehkultura.wikibase.cloud/entity/Q30969	http://www.wikidata.org/entity/Q19357722
https://ehkultura.wikibase.cloud/entity/Q31172	http://www.wikidata.org/entity/Q20005955
https://ehkultura.wikibase.cloud/entity/Q31032	http://www.wikidata.org/entity/Q20875925
https://ehkultura.wikibase.cloud/entity/Q31117	http://www.wikidata.org/entity/Q21193580
https://ehkultura.wikibase.cloud/entity/Q31148	http://www.wikidata.org/entity/Q21458058
https://ehkultura.wikibase.cloud/entity/Q31037	http://www.wikidata.org/entity/Q21486097
https://ehkultura.wikibase.cloud/entity/Q31106	http://www.wikidata.org/entity/Q23656783
https://ehkultura.wikibase.cloud/entity/Q31152	http://www.wikidata.org/entity/Q23795352
https://ehkultura.wikibase.cloud/entity/Q31153	http://www.wikidata.org/entity/Q23798804
https://ehkultura.wikibase.cloud/entity/Q31171	http://www.wikidata.org/entity/Q26923569
https://ehkultura.wikibase.cloud/entity/Q31033	http://www.wikidata.org/entity/Q27887612
https://ehkultura.wikibase.cloud/entity/Q30993	http://www.wikidata.org/entity/Q29110083
https://ehkultura.wikibase.cloud/entity/Q31141	http://www.wikidata.org/entity/Q30152355
https://ehkultura.wikibase.cloud/entity/Q31208	http://www.wikidata.org/entity/Q35979475
https://ehkultura.wikibase.cloud/entity/Q31112	http://www.wikidata.org/entity/Q38028852
https://ehkultura.wikibase.cloud/entity/Q30994	http://www.wikidata.org/entity/Q42564192
https://ehkultura.wikibase.cloud/entity/Q30963	http://www.wikidata.org/entity/Q42574190
https://ehkultura.wikibase.cloud/entity/Q30991	http://www.wikidata.org/entity/Q55620608
https://ehkultura.wikibase.cloud/entity/Q31099	http://www.wikidata.org/entity/Q56056654
https://ehkultura.wikibase.cloud/entity/Q31182	http://www.wikidata.org/entity/Q62287173
https://ehkultura.wikibase.cloud/entity/Q31088	http://www.wikidata.org/entity/Q69576090
https://ehkultura.wikibase.cloud/entity/Q30975	http://www.wikidata.org/entity/Q79460844
https://ehkultura.wikibase.cloud/entity/Q31069	http://www.wikidata.org/entity/Q92927418
https://ehkultura.wikibase.cloud/entity/Q31012	http://www.wikidata.org/entity/Q93429284
https://ehkultura.wikibase.cloud/entity/Q31035	http://www.wikidata.org/entity/Q93431234
https://ehkultura.wikibase.cloud/entity/Q31146	http://www.wikidata.org/entity/Q94639904
https://ehkultura.wikibase.cloud/entity/Q30986	http://www.wikidata.org/entity/Q96757496
https://ehkultura.wikibase.cloud/entity/Q31098	http://www.wikidata.org/entity/Q99732746
https://ehkultura.wikibase.cloud/entity/Q31045	http://www.wikidata.org/entity/Q103030785
https://ehkultura.wikibase.cloud/entity/Q31190	http://www.wikidata.org/entity/Q106744367
https://ehkultura.wikibase.cloud/entity/Q31083	http://www.wikidata.org/entity/Q107002029
https://ehkultura.wikibase.cloud/entity/Q30983	http://www.wikidata.org/entity/Q108666900
https://ehkultura.wikibase.cloud/entity/Q31056	http://www.wikidata.org/entity/Q112519894
https://ehkultura.wikibase.cloud/entity/Q31140	http://www.wikidata.org/entity/Q124848386
https://ehkultura.wikibase.cloud/entity/Q31094	http://www.wikidata.org/entity/Q136467296
https://ehkultura.wikibase.cloud/entity/Q31130	http://www.wikidata.org/entity/Q6711
https://ehkultura.wikibase.cloud/entity/Q31054	http://www.wikidata.org/entity/Q44054
https://ehkultura.wikibase.cloud/entity/Q31059	http://www.wikidata.org/entity/Q45205
https://ehkultura.wikibase.cloud/entity/Q31055	http://www.wikidata.org/entity/Q58033
https://ehkultura.wikibase.cloud/entity/Q26508	http://www.wikidata.org/entity/Q310176
https://ehkultura.wikibase.cloud/entity/Q26511	http://www.wikidata.org/entity/Q469888
https://ehkultura.wikibase.cloud/entity/Q28163	http://www.wikidata.org/entity/Q93037
https://ehkultura.wikibase.cloud/entity/Q28271	http://www.wikidata.org/entity/Q72541
https://ehkultura.wikibase.cloud/entity/Q28196	http://www.wikidata.org/entity/Q96900
https://ehkultura.wikibase.cloud/entity/Q28071	http://www.wikidata.org/entity/Q193871
https://ehkultura.wikibase.cloud/entity/Q28142	http://www.wikidata.org/entity/Q185375
https://ehkultura.wikibase.cloud/entity/Q24735	http://www.wikidata.org/entity/Q237659
https://ehkultura.wikibase.cloud/entity/Q24747	http://www.wikidata.org/entity/Q268582
https://ehkultura.wikibase.cloud/entity/Q24671	http://www.wikidata.org/entity/Q324542
https://ehkultura.wikibase.cloud/entity/Q24784	http://www.wikidata.org/entity/Q365616
https://ehkultura.wikibase.cloud/entity/Q24877	http://www.wikidata.org/entity/Q347418
https://ehkultura.wikibase.cloud/entity/Q24802	http://www.wikidata.org/entity/Q381167
https://ehkultura.wikibase.cloud/entity/Q24765	http://www.wikidata.org/entity/Q435696
https://ehkultura.wikibase.cloud/entity/Q24851	http://www.wikidata.org/entity/Q440887
https://ehkultura.wikibase.cloud/entity/Q24769	http://www.wikidata.org/entity/Q503898
https://ehkultura.wikibase.cloud/entity/Q24637	http://www.wikidata.org/entity/Q561387
https://ehkultura.wikibase.cloud/entity/Q24788	http://www.wikidata.org/entity/Q699702
https://ehkultura.wikibase.cloud/entity/Q24731	http://www.wikidata.org/entity/Q738017
https://ehkultura.wikibase.cloud/entity/Q24819	http://www.wikidata.org/entity/Q736990
https://ehkultura.wikibase.cloud/entity/Q24721	http://www.wikidata.org/entity/Q923306
https://ehkultura.wikibase.cloud/entity/Q24837	http://www.wikidata.org/entity/Q951382
https://ehkultura.wikibase.cloud/entity/Q24655	http://www.wikidata.org/entity/Q1318545
https://ehkultura.wikibase.cloud/entity/Q24717	http://www.wikidata.org/entity/Q1390638
https://ehkultura.wikibase.cloud/entity/Q24652	http://www.wikidata.org/entity/Q1652154
https://ehkultura.wikibase.cloud/entity/Q24664	http://www.wikidata.org/entity/Q1648249
https://ehkultura.wikibase.cloud/entity/Q24692	http://www.wikidata.org/entity/Q1872461
https://ehkultura.wikibase.cloud/entity/Q24800	http://www.wikidata.org/entity/Q1890376
https://ehkultura.wikibase.cloud/entity/Q24865	http://www.wikidata.org/entity/Q1928706
https://ehkultura.wikibase.cloud/entity/Q24864	http://www.wikidata.org/entity/Q2572612
https://ehkultura.wikibase.cloud/entity/Q24855	http://www.wikidata.org/entity/Q3593655
https://ehkultura.wikibase.cloud/entity/Q24812	http://www.wikidata.org/entity/Q3816475
https://ehkultura.wikibase.cloud/entity/Q24656	http://www.wikidata.org/entity/Q4261630
https://ehkultura.wikibase.cloud/entity/Q24868	http://www.wikidata.org/entity/Q4942417
https://ehkultura.wikibase.cloud/entity/Q24789	http://www.wikidata.org/entity/Q5107441
https://ehkultura.wikibase.cloud/entity/Q24835	http://www.wikidata.org/entity/Q5237689
https://ehkultura.wikibase.cloud/entity/Q24722	http://www.wikidata.org/entity/Q5400569
https://ehkultura.wikibase.cloud/entity/Q24654	http://www.wikidata.org/entity/Q5806287
https://ehkultura.wikibase.cloud/entity/Q24709	http://www.wikidata.org/entity/Q5941944
https://ehkultura.wikibase.cloud/entity/Q24728	http://www.wikidata.org/entity/Q6014724
https://ehkultura.wikibase.cloud/entity/Q24772	http://www.wikidata.org/entity/Q6247304
https://ehkultura.wikibase.cloud/entity/Q24729	http://www.wikidata.org/entity/Q6291218
https://ehkultura.wikibase.cloud/entity/Q24792	http://www.wikidata.org/entity/Q6277206
https://ehkultura.wikibase.cloud/entity/Q24861	http://www.wikidata.org/entity/Q9097424
https://ehkultura.wikibase.cloud/entity/Q24857	http://www.wikidata.org/entity/Q11690670
https://ehkultura.wikibase.cloud/entity/Q24643	http://www.wikidata.org/entity/Q11867165
https://ehkultura.wikibase.cloud/entity/Q24762	http://www.wikidata.org/entity/Q11928395
https://ehkultura.wikibase.cloud/entity/Q24677	http://www.wikidata.org/entity/Q12262961
https://ehkultura.wikibase.cloud/entity/Q24794	http://www.wikidata.org/entity/Q12260064
https://ehkultura.wikibase.cloud/entity/Q24854	http://www.wikidata.org/entity/Q12260916
https://ehkultura.wikibase.cloud/entity/Q24733	http://www.wikidata.org/entity/Q13371954
https://ehkultura.wikibase.cloud/entity/Q24870	http://www.wikidata.org/entity/Q18634148
https://ehkultura.wikibase.cloud/entity/Q24797	http://www.wikidata.org/entity/Q19863313
https://ehkultura.wikibase.cloud/entity/Q24768	http://www.wikidata.org/entity/Q20536216
https://ehkultura.wikibase.cloud/entity/Q24827	http://www.wikidata.org/entity/Q24055320
https://ehkultura.wikibase.cloud/entity/Q24778	http://www.wikidata.org/entity/Q24572521
https://ehkultura.wikibase.cloud/entity/Q24712	http://www.wikidata.org/entity/Q24987454
https://ehkultura.wikibase.cloud/entity/Q24770	http://www.wikidata.org/entity/Q25410574
https://ehkultura.wikibase.cloud/entity/Q24785	http://www.wikidata.org/entity/Q27704047
https://ehkultura.wikibase.cloud/entity/Q24822	http://www.wikidata.org/entity/Q28837895
https://ehkultura.wikibase.cloud/entity/Q24799	http://www.wikidata.org/entity/Q29121896
https://ehkultura.wikibase.cloud/entity/Q24667	http://www.wikidata.org/entity/Q29345283
https://ehkultura.wikibase.cloud/entity/Q24720	http://www.wikidata.org/entity/Q29791448
https://ehkultura.wikibase.cloud/entity/Q24682	http://www.wikidata.org/entity/Q37530129
https://ehkultura.wikibase.cloud/entity/Q24719	http://www.wikidata.org/entity/Q39081755
https://ehkultura.wikibase.cloud/entity/Q24650	http://www.wikidata.org/entity/Q48047010
https://ehkultura.wikibase.cloud/entity/Q24687	http://www.wikidata.org/entity/Q50179265
https://ehkultura.wikibase.cloud/entity/Q24718	http://www.wikidata.org/entity/Q51882254
https://ehkultura.wikibase.cloud/entity/Q24661	http://www.wikidata.org/entity/Q55467044
https://ehkultura.wikibase.cloud/entity/Q24775	http://www.wikidata.org/entity/Q55620357
https://ehkultura.wikibase.cloud/entity/Q24711	http://www.wikidata.org/entity/Q55687180
https://ehkultura.wikibase.cloud/entity/Q24871	http://www.wikidata.org/entity/Q55949263
https://ehkultura.wikibase.cloud/entity/Q24730	http://www.wikidata.org/entity/Q58001736
https://ehkultura.wikibase.cloud/entity/Q24658	http://www.wikidata.org/entity/Q61045267
https://ehkultura.wikibase.cloud/entity/Q24690	http://www.wikidata.org/entity/Q64691567
https://ehkultura.wikibase.cloud/entity/Q24697	http://www.wikidata.org/entity/Q65108467
https://ehkultura.wikibase.cloud/entity/Q24734	http://www.wikidata.org/entity/Q76343663
https://ehkultura.wikibase.cloud/entity/Q24821	http://www.wikidata.org/entity/Q76824309
https://ehkultura.wikibase.cloud/entity/Q24852	http://www.wikidata.org/entity/Q83278308
https://ehkultura.wikibase.cloud/entity/Q24674	http://www.wikidata.org/entity/Q86444640
https://ehkultura.wikibase.cloud/entity/Q24713	http://www.wikidata.org/entity/Q93371503
https://ehkultura.wikibase.cloud/entity/Q24645	http://www.wikidata.org/entity/Q93413573
https://ehkultura.wikibase.cloud/entity/Q24703	http://www.wikidata.org/entity/Q93428642
https://ehkultura.wikibase.cloud/entity/Q24846	http://www.wikidata.org/entity/Q95246253
https://ehkultura.wikibase.cloud/entity/Q24665	http://www.wikidata.org/entity/Q95305641
https://ehkultura.wikibase.cloud/entity/Q24872	http://www.wikidata.org/entity/Q104665826
https://ehkultura.wikibase.cloud/entity/Q24694	http://www.wikidata.org/entity/Q106595686
https://ehkultura.wikibase.cloud/entity/Q24813	http://www.wikidata.org/entity/Q108445421
https://ehkultura.wikibase.cloud/entity/Q24874	http://www.wikidata.org/entity/Q108720572
https://ehkultura.wikibase.cloud/entity/Q24693	http://www.wikidata.org/entity/Q110037806
https://ehkultura.wikibase.cloud/entity/Q24727	http://www.wikidata.org/entity/Q118434907
https://ehkultura.wikibase.cloud/entity/Q24675	http://www.wikidata.org/entity/Q120358241
https://ehkultura.wikibase.cloud/entity/Q24716	http://www.wikidata.org/entity/Q5816
https://ehkultura.wikibase.cloud/entity/Q24668	http://www.wikidata.org/entity/Q44323
https://ehkultura.wikibase.cloud/entity/Q24815	http://www.wikidata.org/entity/Q12382
https://ehkultura.wikibase.cloud/entity/Q24805	http://www.wikidata.org/entity/Q51525
https://ehkultura.wikibase.cloud/entity/Q24816	http://www.wikidata.org/entity/Q55400
https://ehkultura.wikibase.cloud/entity/Q28906	http://www.wikidata.org/entity/Q70092
https://ehkultura.wikibase.cloud/entity/Q28816	http://www.wikidata.org/entity/Q124992
https://ehkultura.wikibase.cloud/entity/Q28801	http://www.wikidata.org/entity/Q153248
https://ehkultura.wikibase.cloud/entity/Q28911	http://www.wikidata.org/entity/Q162050
https://ehkultura.wikibase.cloud/entity/Q28975	http://www.wikidata.org/entity/Q157004
https://ehkultura.wikibase.cloud/entity/Q29048	http://www.wikidata.org/entity/Q168482
https://ehkultura.wikibase.cloud/entity/Q28741	http://www.wikidata.org/entity/Q330819
https://ehkultura.wikibase.cloud/entity/Q28922	http://www.wikidata.org/entity/Q325083
https://ehkultura.wikibase.cloud/entity/Q28765	http://www.wikidata.org/entity/Q535193
https://ehkultura.wikibase.cloud/entity/Q28735	http://www.wikidata.org/entity/Q582787
https://ehkultura.wikibase.cloud/entity/Q28937	http://www.wikidata.org/entity/Q541862
https://ehkultura.wikibase.cloud/entity/Q29041	http://www.wikidata.org/entity/Q518672
https://ehkultura.wikibase.cloud/entity/Q28909	http://www.wikidata.org/entity/Q593621
https://ehkultura.wikibase.cloud/entity/Q28810	http://www.wikidata.org/entity/Q677218
https://ehkultura.wikibase.cloud/entity/Q28947	http://www.wikidata.org/entity/Q657043
https://ehkultura.wikibase.cloud/entity/Q28998	http://www.wikidata.org/entity/Q669956
https://ehkultura.wikibase.cloud/entity/Q28884	http://www.wikidata.org/entity/Q978049
https://ehkultura.wikibase.cloud/entity/Q28823	http://www.wikidata.org/entity/Q1346171
https://ehkultura.wikibase.cloud/entity/Q28875	http://www.wikidata.org/entity/Q1384603
https://ehkultura.wikibase.cloud/entity/Q28966	http://www.wikidata.org/entity/Q1366342
https://ehkultura.wikibase.cloud/entity/Q28953	http://www.wikidata.org/entity/Q1581651
https://ehkultura.wikibase.cloud/entity/Q28950	http://www.wikidata.org/entity/Q2161780
https://ehkultura.wikibase.cloud/entity/Q28951	http://www.wikidata.org/entity/Q2177719
https://ehkultura.wikibase.cloud/entity/Q28949	http://www.wikidata.org/entity/Q2885405
https://ehkultura.wikibase.cloud/entity/Q28945	http://www.wikidata.org/entity/Q3051023
https://ehkultura.wikibase.cloud/entity/Q28986	http://www.wikidata.org/entity/Q3069012
https://ehkultura.wikibase.cloud/entity/Q28786	http://www.wikidata.org/entity/Q3164842
https://ehkultura.wikibase.cloud/entity/Q28964	http://www.wikidata.org/entity/Q3166976
https://ehkultura.wikibase.cloud/entity/Q28987	http://www.wikidata.org/entity/Q3167928
https://ehkultura.wikibase.cloud/entity/Q28777	http://www.wikidata.org/entity/Q3267701
https://ehkultura.wikibase.cloud/entity/Q28913	http://www.wikidata.org/entity/Q3277929
https://ehkultura.wikibase.cloud/entity/Q28809	http://www.wikidata.org/entity/Q3479221
https://ehkultura.wikibase.cloud/entity/Q28745	http://www.wikidata.org/entity/Q4357445
https://ehkultura.wikibase.cloud/entity/Q28868	http://www.wikidata.org/entity/Q4819967
https://ehkultura.wikibase.cloud/entity/Q28955	http://www.wikidata.org/entity/Q4888080
https://ehkultura.wikibase.cloud/entity/Q28860	http://www.wikidata.org/entity/Q5031574
https://ehkultura.wikibase.cloud/entity/Q28859	http://www.wikidata.org/entity/Q5044263
https://ehkultura.wikibase.cloud/entity/Q28956	http://www.wikidata.org/entity/Q5294655
https://ehkultura.wikibase.cloud/entity/Q28882	http://www.wikidata.org/entity/Q5623484
https://ehkultura.wikibase.cloud/entity/Q29017	http://www.wikidata.org/entity/Q5666655
https://ehkultura.wikibase.cloud/entity/Q28841	http://www.wikidata.org/entity/Q5928147
https://ehkultura.wikibase.cloud/entity/Q28902	http://www.wikidata.org/entity/Q5951005
https://ehkultura.wikibase.cloud/entity/Q28861	http://www.wikidata.org/entity/Q5981052
https://ehkultura.wikibase.cloud/entity/Q28908	http://www.wikidata.org/entity/Q6035789
https://ehkultura.wikibase.cloud/entity/Q29004	http://www.wikidata.org/entity/Q6786378
https://ehkultura.wikibase.cloud/entity/Q28891	http://www.wikidata.org/entity/Q7703690
https://ehkultura.wikibase.cloud/entity/Q29029	http://www.wikidata.org/entity/Q11037429
https://ehkultura.wikibase.cloud/entity/Q28752	http://www.wikidata.org/entity/Q11355053
https://ehkultura.wikibase.cloud/entity/Q28807	http://www.wikidata.org/entity/Q11917592
https://ehkultura.wikibase.cloud/entity/Q28814	http://www.wikidata.org/entity/Q11963632
https://ehkultura.wikibase.cloud/entity/Q29005	http://www.wikidata.org/entity/Q12260829
https://ehkultura.wikibase.cloud/entity/Q28819	http://www.wikidata.org/entity/Q12799168
https://ehkultura.wikibase.cloud/entity/Q28815	http://www.wikidata.org/entity/Q15074350
https://ehkultura.wikibase.cloud/entity/Q29046	http://www.wikidata.org/entity/Q16161330
https://ehkultura.wikibase.cloud/entity/Q28820	http://www.wikidata.org/entity/Q16956597
https://ehkultura.wikibase.cloud/entity/Q28821	http://www.wikidata.org/entity/Q19754051
https://ehkultura.wikibase.cloud/entity/Q28792	http://www.wikidata.org/entity/Q20995100
https://ehkultura.wikibase.cloud/entity/Q29011	http://www.wikidata.org/entity/Q22968513
https://ehkultura.wikibase.cloud/entity/Q28764	http://www.wikidata.org/entity/Q23796639
https://ehkultura.wikibase.cloud/entity/Q28794	http://www.wikidata.org/entity/Q23797155
https://ehkultura.wikibase.cloud/entity/Q28873	http://www.wikidata.org/entity/Q23784493
https://ehkultura.wikibase.cloud/entity/Q28780	http://www.wikidata.org/entity/Q28086277
https://ehkultura.wikibase.cloud/entity/Q28832	http://www.wikidata.org/entity/Q28421860
https://ehkultura.wikibase.cloud/entity/Q28833	http://www.wikidata.org/entity/Q28925110
https://ehkultura.wikibase.cloud/entity/Q28813	http://www.wikidata.org/entity/Q29450601
https://ehkultura.wikibase.cloud/entity/Q28985	http://www.wikidata.org/entity/Q42911353
https://ehkultura.wikibase.cloud/entity/Q28791	http://www.wikidata.org/entity/Q51169929
https://ehkultura.wikibase.cloud/entity/Q28912	http://www.wikidata.org/entity/Q55164897
https://ehkultura.wikibase.cloud/entity/Q28969	http://www.wikidata.org/entity/Q55626622
https://ehkultura.wikibase.cloud/entity/Q28973	http://www.wikidata.org/entity/Q55823750
https://ehkultura.wikibase.cloud/entity/Q28963	http://www.wikidata.org/entity/Q58367099
https://ehkultura.wikibase.cloud/entity/Q28968	http://www.wikidata.org/entity/Q60828380
https://ehkultura.wikibase.cloud/entity/Q28837	http://www.wikidata.org/entity/Q61195173
https://ehkultura.wikibase.cloud/entity/Q28967	http://www.wikidata.org/entity/Q65925026
https://ehkultura.wikibase.cloud/entity/Q28795	http://www.wikidata.org/entity/Q75823661
https://ehkultura.wikibase.cloud/entity/Q28887	http://www.wikidata.org/entity/Q77357988
https://ehkultura.wikibase.cloud/entity/Q28843	http://www.wikidata.org/entity/Q78009211
https://ehkultura.wikibase.cloud/entity/Q28893	http://www.wikidata.org/entity/Q87712104
https://ehkultura.wikibase.cloud/entity/Q28793	http://www.wikidata.org/entity/Q88778900
https://ehkultura.wikibase.cloud/entity/Q28829	http://www.wikidata.org/entity/Q89300561
https://ehkultura.wikibase.cloud/entity/Q28789	http://www.wikidata.org/entity/Q99944613
https://ehkultura.wikibase.cloud/entity/Q28803	http://www.wikidata.org/entity/Q104707002
https://ehkultura.wikibase.cloud/entity/Q28802	http://www.wikidata.org/entity/Q105742093
https://ehkultura.wikibase.cloud/entity/Q28990	http://www.wikidata.org/entity/Q105886858
https://ehkultura.wikibase.cloud/entity/Q28825	http://www.wikidata.org/entity/Q106695630
https://ehkultura.wikibase.cloud/entity/Q28983	http://www.wikidata.org/entity/Q107379905
https://ehkultura.wikibase.cloud/entity/Q28914	http://www.wikidata.org/entity/Q112381383
https://ehkultura.wikibase.cloud/entity/Q28762	http://www.wikidata.org/entity/Q113739111
https://ehkultura.wikibase.cloud/entity/Q28761	http://www.wikidata.org/entity/Q116150275
https://ehkultura.wikibase.cloud/entity/Q28982	http://www.wikidata.org/entity/Q116344768
https://ehkultura.wikibase.cloud/entity/Q28836	http://www.wikidata.org/entity/Q132978217
https://ehkultura.wikibase.cloud/entity/Q28767	http://www.wikidata.org/entity/Q5432
https://ehkultura.wikibase.cloud/entity/Q28753	http://www.wikidata.org/entity/Q255
https://ehkultura.wikibase.cloud/entity/Q28754	http://www.wikidata.org/entity/Q254
https://ehkultura.wikibase.cloud/entity/Q28818	http://www.wikidata.org/entity/Q44426
https://ehkultura.wikibase.cloud/entity/Q29000	http://www.wikidata.org/entity/Q2071
https://ehkultura.wikibase.cloud/entity/Q28788	http://www.wikidata.org/entity/Q59945
https://ehkultura.wikibase.cloud/entity/Q28835	http://www.wikidata.org/entity/Q51545
https://ehkultura.wikibase.cloud/entity/Q28976	http://www.wikidata.org/entity/Q46739
https://ehkultura.wikibase.cloud/entity/Q24900	http://www.wikidata.org/entity/Q116738
https://ehkultura.wikibase.cloud/entity/Q24949	http://www.wikidata.org/entity/Q177313
https://ehkultura.wikibase.cloud/entity/Q25030	http://www.wikidata.org/entity/Q263607
https://ehkultura.wikibase.cloud/entity/Q25056	http://www.wikidata.org/entity/Q262791
https://ehkultura.wikibase.cloud/entity/Q25082	http://www.wikidata.org/entity/Q312631
https://ehkultura.wikibase.cloud/entity/Q24919	http://www.wikidata.org/entity/Q439856
https://ehkultura.wikibase.cloud/entity/Q25001	http://www.wikidata.org/entity/Q433979
https://ehkultura.wikibase.cloud/entity/Q25045	http://www.wikidata.org/entity/Q467470
https://ehkultura.wikibase.cloud/entity/Q24906	http://www.wikidata.org/entity/Q529337
https://ehkultura.wikibase.cloud/entity/Q25041	http://www.wikidata.org/entity/Q499951
https://ehkultura.wikibase.cloud/entity/Q24935	http://www.wikidata.org/entity/Q571399
https://ehkultura.wikibase.cloud/entity/Q24933	http://www.wikidata.org/entity/Q616169
https://ehkultura.wikibase.cloud/entity/Q25141	http://www.wikidata.org/entity/Q568659
https://ehkultura.wikibase.cloud/entity/Q25113	http://www.wikidata.org/entity/Q598675
https://ehkultura.wikibase.cloud/entity/Q25029	http://www.wikidata.org/entity/Q661520
https://ehkultura.wikibase.cloud/entity/Q24976	http://www.wikidata.org/entity/Q737762
https://ehkultura.wikibase.cloud/entity/Q25098	http://www.wikidata.org/entity/Q823112
https://ehkultura.wikibase.cloud/entity/Q24961	http://www.wikidata.org/entity/Q1082786
https://ehkultura.wikibase.cloud/entity/Q25164	http://www.wikidata.org/entity/Q1041656
https://ehkultura.wikibase.cloud/entity/Q25108	http://www.wikidata.org/entity/Q1343526
https://ehkultura.wikibase.cloud/entity/Q25046	http://www.wikidata.org/entity/Q1394440
https://ehkultura.wikibase.cloud/entity/Q24892	http://www.wikidata.org/entity/Q1690769
https://ehkultura.wikibase.cloud/entity/Q25013	http://www.wikidata.org/entity/Q1680994
https://ehkultura.wikibase.cloud/entity/Q25064	http://www.wikidata.org/entity/Q2020501
https://ehkultura.wikibase.cloud/entity/Q25049	http://www.wikidata.org/entity/Q2033788
https://ehkultura.wikibase.cloud/entity/Q25174	http://www.wikidata.org/entity/Q2141212
https://ehkultura.wikibase.cloud/entity/Q25080	http://www.wikidata.org/entity/Q2438463
https://ehkultura.wikibase.cloud/entity/Q25144	http://www.wikidata.org/entity/Q2916050
https://ehkultura.wikibase.cloud/entity/Q24883	http://www.wikidata.org/entity/Q3106954
https://ehkultura.wikibase.cloud/entity/Q25005	http://www.wikidata.org/entity/Q3538596
https://ehkultura.wikibase.cloud/entity/Q24937	http://www.wikidata.org/entity/Q3696463
https://ehkultura.wikibase.cloud/entity/Q24986	http://www.wikidata.org/entity/Q3754037
https://ehkultura.wikibase.cloud/entity/Q24903	http://www.wikidata.org/entity/Q3777954
https://ehkultura.wikibase.cloud/entity/Q24952	http://www.wikidata.org/entity/Q3798022
https://ehkultura.wikibase.cloud/entity/Q24917	http://www.wikidata.org/entity/Q4765603
https://ehkultura.wikibase.cloud/entity/Q25002	http://www.wikidata.org/entity/Q4755230
https://ehkultura.wikibase.cloud/entity/Q25007	http://www.wikidata.org/entity/Q5313326
https://ehkultura.wikibase.cloud/entity/Q25112	http://www.wikidata.org/entity/Q5725642
https://ehkultura.wikibase.cloud/entity/Q25178	http://www.wikidata.org/entity/Q6186836
https://ehkultura.wikibase.cloud/entity/Q25145	http://www.wikidata.org/entity/Q6377548
https://ehkultura.wikibase.cloud/entity/Q25133	http://www.wikidata.org/entity/Q6762684
https://ehkultura.wikibase.cloud/entity/Q24929	http://www.wikidata.org/entity/Q7176244
https://ehkultura.wikibase.cloud/entity/Q25012	http://www.wikidata.org/entity/Q7397938
https://ehkultura.wikibase.cloud/entity/Q25083	http://www.wikidata.org/entity/Q7613783
https://ehkultura.wikibase.cloud/entity/Q25185	http://www.wikidata.org/entity/Q10861260
https://ehkultura.wikibase.cloud/entity/Q25038	http://www.wikidata.org/entity/Q11111120
https://ehkultura.wikibase.cloud/entity/Q24938	http://www.wikidata.org/entity/Q11905909
https://ehkultura.wikibase.cloud/entity/Q25003	http://www.wikidata.org/entity/Q11950058
https://ehkultura.wikibase.cloud/entity/Q25051	http://www.wikidata.org/entity/Q12260665
https://ehkultura.wikibase.cloud/entity/Q25123	http://www.wikidata.org/entity/Q12393051
https://ehkultura.wikibase.cloud/entity/Q25020	http://www.wikidata.org/entity/Q14622963
https://ehkultura.wikibase.cloud/entity/Q24884	http://www.wikidata.org/entity/Q16149846
https://ehkultura.wikibase.cloud/entity/Q24922	http://www.wikidata.org/entity/Q16518800
https://ehkultura.wikibase.cloud/entity/Q24956	http://www.wikidata.org/entity/Q19301687
https://ehkultura.wikibase.cloud/entity/Q25103	http://www.wikidata.org/entity/Q20006184
https://ehkultura.wikibase.cloud/entity/Q24904	http://www.wikidata.org/entity/Q20640240
https://ehkultura.wikibase.cloud/entity/Q25034	http://www.wikidata.org/entity/Q20876134
https://ehkultura.wikibase.cloud/entity/Q24891	http://www.wikidata.org/entity/Q23698028
https://ehkultura.wikibase.cloud/entity/Q24974	http://www.wikidata.org/entity/Q24055274
https://ehkultura.wikibase.cloud/entity/Q24950	http://www.wikidata.org/entity/Q24287224
https://ehkultura.wikibase.cloud/entity/Q24913	http://www.wikidata.org/entity/Q25411129
https://ehkultura.wikibase.cloud/entity/Q25050	http://www.wikidata.org/entity/Q28379860
https://ehkultura.wikibase.cloud/entity/Q24932	http://www.wikidata.org/entity/Q29384867
https://ehkultura.wikibase.cloud/entity/Q24953	http://www.wikidata.org/entity/Q30050995
https://ehkultura.wikibase.cloud/entity/Q24914	http://www.wikidata.org/entity/Q30278130
https://ehkultura.wikibase.cloud/entity/Q24977	http://www.wikidata.org/entity/Q47701814
https://ehkultura.wikibase.cloud/entity/Q24998	http://www.wikidata.org/entity/Q57247189
https://ehkultura.wikibase.cloud/entity/Q25136	http://www.wikidata.org/entity/Q57690940
https://ehkultura.wikibase.cloud/entity/Q25156	http://www.wikidata.org/entity/Q57924150
https://ehkultura.wikibase.cloud/entity/Q24962	http://www.wikidata.org/entity/Q58812917
https://ehkultura.wikibase.cloud/entity/Q24966	http://www.wikidata.org/entity/Q59529116
https://ehkultura.wikibase.cloud/entity/Q25173	http://www.wikidata.org/entity/Q59609855
https://ehkultura.wikibase.cloud/entity/Q25060	http://www.wikidata.org/entity/Q76260802
https://ehkultura.wikibase.cloud/entity/Q25070	http://www.wikidata.org/entity/Q86592431
https://ehkultura.wikibase.cloud/entity/Q25163	http://www.wikidata.org/entity/Q87401298
https://ehkultura.wikibase.cloud/entity/Q24886	http://www.wikidata.org/entity/Q93371188
https://ehkultura.wikibase.cloud/entity/Q24928	http://www.wikidata.org/entity/Q93373398
https://ehkultura.wikibase.cloud/entity/Q24947	http://www.wikidata.org/entity/Q93431763
https://ehkultura.wikibase.cloud/entity/Q25153	http://www.wikidata.org/entity/Q93427748
https://ehkultura.wikibase.cloud/entity/Q25058	http://www.wikidata.org/entity/Q95778142
https://ehkultura.wikibase.cloud/entity/Q25044	http://www.wikidata.org/entity/Q96756786
https://ehkultura.wikibase.cloud/entity/Q24943	http://www.wikidata.org/entity/Q97097728
https://ehkultura.wikibase.cloud/entity/Q25096	http://www.wikidata.org/entity/Q99494692
https://ehkultura.wikibase.cloud/entity/Q24989	http://www.wikidata.org/entity/Q104585836
https://ehkultura.wikibase.cloud/entity/Q25162	http://www.wikidata.org/entity/Q104668690
https://ehkultura.wikibase.cloud/entity/Q24939	http://www.wikidata.org/entity/Q105452984
https://ehkultura.wikibase.cloud/entity/Q25142	http://www.wikidata.org/entity/Q108477866
https://ehkultura.wikibase.cloud/entity/Q24969	http://www.wikidata.org/entity/Q112437918
https://ehkultura.wikibase.cloud/entity/Q25037	http://www.wikidata.org/entity/Q112522390
https://ehkultura.wikibase.cloud/entity/Q25015	http://www.wikidata.org/entity/Q116245656
https://ehkultura.wikibase.cloud/entity/Q24985	http://www.wikidata.org/entity/Q123555006
https://ehkultura.wikibase.cloud/entity/Q25006	http://www.wikidata.org/entity/Q124504956
https://ehkultura.wikibase.cloud/entity/Q25097	http://www.wikidata.org/entity/Q124788850
https://ehkultura.wikibase.cloud/entity/Q24924	http://www.wikidata.org/entity/Q131983078
https://ehkultura.wikibase.cloud/entity/Q25149	http://www.wikidata.org/entity/Q131932712
https://ehkultura.wikibase.cloud/entity/Q24965	http://www.wikidata.org/entity/Q132166741
https://ehkultura.wikibase.cloud/entity/Q25032	http://www.wikidata.org/entity/Q133139377
https://ehkultura.wikibase.cloud/entity/Q24995	http://www.wikidata.org/entity/Q1401
https://ehkultura.wikibase.cloud/entity/Q25052	http://www.wikidata.org/entity/Q59215
https://ehkultura.wikibase.cloud/entity/Q31331	http://www.wikidata.org/entity/Q93788
https://ehkultura.wikibase.cloud/entity/Q31456	http://www.wikidata.org/entity/Q91586
https://ehkultura.wikibase.cloud/entity/Q31438	http://www.wikidata.org/entity/Q116077
https://ehkultura.wikibase.cloud/entity/Q31337	http://www.wikidata.org/entity/Q158255
https://ehkultura.wikibase.cloud/entity/Q31385	http://www.wikidata.org/entity/Q193257
https://ehkultura.wikibase.cloud/entity/Q31231	http://www.wikidata.org/entity/Q236148
https://ehkultura.wikibase.cloud/entity/Q31349	http://www.wikidata.org/entity/Q247004
https://ehkultura.wikibase.cloud/entity/Q31243	http://www.wikidata.org/entity/Q292463
https://ehkultura.wikibase.cloud/entity/Q31394	http://www.wikidata.org/entity/Q307693
https://ehkultura.wikibase.cloud/entity/Q31472	http://www.wikidata.org/entity/Q318048
https://ehkultura.wikibase.cloud/entity/Q31369	http://www.wikidata.org/entity/Q376062
https://ehkultura.wikibase.cloud/entity/Q31322	http://www.wikidata.org/entity/Q442213
https://ehkultura.wikibase.cloud/entity/Q30382	http://www.wikidata.org/entity/Q115938
https://ehkultura.wikibase.cloud/entity/Q30374	http://www.wikidata.org/entity/Q159297
https://ehkultura.wikibase.cloud/entity/Q30279	http://www.wikidata.org/entity/Q233207
https://ehkultura.wikibase.cloud/entity/Q30368	http://www.wikidata.org/entity/Q216266
https://ehkultura.wikibase.cloud/entity/Q30272	http://www.wikidata.org/entity/Q242546
https://ehkultura.wikibase.cloud/entity/Q30248	http://www.wikidata.org/entity/Q322060
https://ehkultura.wikibase.cloud/entity/Q30197	http://www.wikidata.org/entity/Q453883
https://ehkultura.wikibase.cloud/entity/Q30246	http://www.wikidata.org/entity/Q472956
https://ehkultura.wikibase.cloud/entity/Q30240	http://www.wikidata.org/entity/Q492111
https://ehkultura.wikibase.cloud/entity/Q30323	http://www.wikidata.org/entity/Q533126
https://ehkultura.wikibase.cloud/entity/Q30182	http://www.wikidata.org/entity/Q574616
https://ehkultura.wikibase.cloud/entity/Q30347	http://www.wikidata.org/entity/Q537652
https://ehkultura.wikibase.cloud/entity/Q30352	http://www.wikidata.org/entity/Q698667
https://ehkultura.wikibase.cloud/entity/Q30399	http://www.wikidata.org/entity/Q691973
https://ehkultura.wikibase.cloud/entity/Q30375	http://www.wikidata.org/entity/Q701592
https://ehkultura.wikibase.cloud/entity/Q30376	http://www.wikidata.org/entity/Q713288
https://ehkultura.wikibase.cloud/entity/Q30207	http://www.wikidata.org/entity/Q763368
https://ehkultura.wikibase.cloud/entity/Q30231	http://www.wikidata.org/entity/Q860387
https://ehkultura.wikibase.cloud/entity/Q30223	http://www.wikidata.org/entity/Q951624
https://ehkultura.wikibase.cloud/entity/Q30397	http://www.wikidata.org/entity/Q918620
https://ehkultura.wikibase.cloud/entity/Q30339	http://www.wikidata.org/entity/Q973402
https://ehkultura.wikibase.cloud/entity/Q30218	http://www.wikidata.org/entity/Q1355729
https://ehkultura.wikibase.cloud/entity/Q30232	http://www.wikidata.org/entity/Q2036912
https://ehkultura.wikibase.cloud/entity/Q30266	http://www.wikidata.org/entity/Q2251061
https://ehkultura.wikibase.cloud/entity/Q30419	http://www.wikidata.org/entity/Q2578319
https://ehkultura.wikibase.cloud/entity/Q30230	http://www.wikidata.org/entity/Q2835300
https://ehkultura.wikibase.cloud/entity/Q30209	http://www.wikidata.org/entity/Q2847548
https://ehkultura.wikibase.cloud/entity/Q30333	http://www.wikidata.org/entity/Q2847459
https://ehkultura.wikibase.cloud/entity/Q30384	http://www.wikidata.org/entity/Q2898283
https://ehkultura.wikibase.cloud/entity/Q30191	http://www.wikidata.org/entity/Q3056590
https://ehkultura.wikibase.cloud/entity/Q30181	http://www.wikidata.org/entity/Q3173674
https://ehkultura.wikibase.cloud/entity/Q30407	http://www.wikidata.org/entity/Q3157404
https://ehkultura.wikibase.cloud/entity/Q30371	http://www.wikidata.org/entity/Q3219144
https://ehkultura.wikibase.cloud/entity/Q30220	http://www.wikidata.org/entity/Q3265656
https://ehkultura.wikibase.cloud/entity/Q30201	http://www.wikidata.org/entity/Q3291870
https://ehkultura.wikibase.cloud/entity/Q30345	http://www.wikidata.org/entity/Q3266642
https://ehkultura.wikibase.cloud/entity/Q30405	http://www.wikidata.org/entity/Q4019969
https://ehkultura.wikibase.cloud/entity/Q30335	http://www.wikidata.org/entity/Q4681604
https://ehkultura.wikibase.cloud/entity/Q30192	http://www.wikidata.org/entity/Q4877274
https://ehkultura.wikibase.cloud/entity/Q30287	http://www.wikidata.org/entity/Q4894834
https://ehkultura.wikibase.cloud/entity/Q30196	http://www.wikidata.org/entity/Q5086668
https://ehkultura.wikibase.cloud/entity/Q30425	http://www.wikidata.org/entity/Q5298492
https://ehkultura.wikibase.cloud/entity/Q30358	http://www.wikidata.org/entity/Q5442375
https://ehkultura.wikibase.cloud/entity/Q30168	http://www.wikidata.org/entity/Q5664854
https://ehkultura.wikibase.cloud/entity/Q30330	http://www.wikidata.org/entity/Q5750040
https://ehkultura.wikibase.cloud/entity/Q30406	http://www.wikidata.org/entity/Q5765633
https://ehkultura.wikibase.cloud/entity/Q30418	http://www.wikidata.org/entity/Q5865492
https://ehkultura.wikibase.cloud/entity/Q30394	http://www.wikidata.org/entity/Q5896102
https://ehkultura.wikibase.cloud/entity/Q30255	http://www.wikidata.org/entity/Q5992712
https://ehkultura.wikibase.cloud/entity/Q30337	http://www.wikidata.org/entity/Q6020279
https://ehkultura.wikibase.cloud/entity/Q30321	http://www.wikidata.org/entity/Q6068074
https://ehkultura.wikibase.cloud/entity/Q30362	http://www.wikidata.org/entity/Q6272840
https://ehkultura.wikibase.cloud/entity/Q30217	http://www.wikidata.org/entity/Q6454647
https://ehkultura.wikibase.cloud/entity/Q30174	http://www.wikidata.org/entity/Q6509162
https://ehkultura.wikibase.cloud/entity/Q30229	http://www.wikidata.org/entity/Q7004584
https://ehkultura.wikibase.cloud/entity/Q30383	http://www.wikidata.org/entity/Q7284809
https://ehkultura.wikibase.cloud/entity/Q30165	http://www.wikidata.org/entity/Q7614579
https://ehkultura.wikibase.cloud/entity/Q30222	http://www.wikidata.org/entity/Q7781963
https://ehkultura.wikibase.cloud/entity/Q30280	http://www.wikidata.org/entity/Q7789148
https://ehkultura.wikibase.cloud/entity/Q30198	http://www.wikidata.org/entity/Q8017904
https://ehkultura.wikibase.cloud/entity/Q30212	http://www.wikidata.org/entity/Q9010288
https://ehkultura.wikibase.cloud/entity/Q30186	http://www.wikidata.org/entity/Q9025430
https://ehkultura.wikibase.cloud/entity/Q30288	http://www.wikidata.org/entity/Q11904759
https://ehkultura.wikibase.cloud/entity/Q30205	http://www.wikidata.org/entity/Q12260377
https://ehkultura.wikibase.cloud/entity/Q30378	http://www.wikidata.org/entity/Q12261550
https://ehkultura.wikibase.cloud/entity/Q30408	http://www.wikidata.org/entity/Q15973453
https://ehkultura.wikibase.cloud/entity/Q30210	http://www.wikidata.org/entity/Q16185772
https://ehkultura.wikibase.cloud/entity/Q30269	http://www.wikidata.org/entity/Q16898012
https://ehkultura.wikibase.cloud/entity/Q30177	http://www.wikidata.org/entity/Q19594488
https://ehkultura.wikibase.cloud/entity/Q30178	http://www.wikidata.org/entity/Q21597750
https://ehkultura.wikibase.cloud/entity/Q30172	http://www.wikidata.org/entity/Q27145657
https://ehkultura.wikibase.cloud/entity/Q30200	http://www.wikidata.org/entity/Q27460015
https://ehkultura.wikibase.cloud/entity/Q30410	http://www.wikidata.org/entity/Q33083011
https://ehkultura.wikibase.cloud/entity/Q30244	http://www.wikidata.org/entity/Q42429220
https://ehkultura.wikibase.cloud/entity/Q30396	http://www.wikidata.org/entity/Q45320566
https://ehkultura.wikibase.cloud/entity/Q30241	http://www.wikidata.org/entity/Q48120290
https://ehkultura.wikibase.cloud/entity/Q30293	http://www.wikidata.org/entity/Q49176148
https://ehkultura.wikibase.cloud/entity/Q30308	http://www.wikidata.org/entity/Q55229431
https://ehkultura.wikibase.cloud/entity/Q30263	http://www.wikidata.org/entity/Q55949838
https://ehkultura.wikibase.cloud/entity/Q30395	http://www.wikidata.org/entity/Q55999880
https://ehkultura.wikibase.cloud/entity/Q30398	http://www.wikidata.org/entity/Q56523799
https://ehkultura.wikibase.cloud/entity/Q30195	http://www.wikidata.org/entity/Q57083729
https://ehkultura.wikibase.cloud/entity/Q30342	http://www.wikidata.org/entity/Q58812953
https://ehkultura.wikibase.cloud/entity/Q30187	http://www.wikidata.org/entity/Q60828446
https://ehkultura.wikibase.cloud/entity/Q30389	http://www.wikidata.org/entity/Q60830288
https://ehkultura.wikibase.cloud/entity/Q30349	http://www.wikidata.org/entity/Q65770110
https://ehkultura.wikibase.cloud/entity/Q30176	http://www.wikidata.org/entity/Q70870198
https://ehkultura.wikibase.cloud/entity/Q30245	http://www.wikidata.org/entity/Q85418075
https://ehkultura.wikibase.cloud/entity/Q30334	http://www.wikidata.org/entity/Q93233650
https://ehkultura.wikibase.cloud/entity/Q30331	http://www.wikidata.org/entity/Q93371157
https://ehkultura.wikibase.cloud/entity/Q30391	http://www.wikidata.org/entity/Q93372998
https://ehkultura.wikibase.cloud/entity/Q30359	http://www.wikidata.org/entity/Q93428998
https://ehkultura.wikibase.cloud/entity/Q30386	http://www.wikidata.org/entity/Q95330519
https://ehkultura.wikibase.cloud/entity/Q30203	http://www.wikidata.org/entity/Q105544388
https://ehkultura.wikibase.cloud/entity/Q30215	http://www.wikidata.org/entity/Q107414104
https://ehkultura.wikibase.cloud/entity/Q30252	http://www.wikidata.org/entity/Q111464587
https://ehkultura.wikibase.cloud/entity/Q30317	http://www.wikidata.org/entity/Q112563869
https://ehkultura.wikibase.cloud/entity/Q30322	http://www.wikidata.org/entity/Q11256
https://ehkultura.wikibase.cloud/entity/Q30284	http://www.wikidata.org/entity/Q43293
https://ehkultura.wikibase.cloud/entity/Q29925	http://www.wikidata.org/entity/Q82840
https://ehkultura.wikibase.cloud/entity/Q30130	http://www.wikidata.org/entity/Q87598
https://ehkultura.wikibase.cloud/entity/Q30122	http://www.wikidata.org/entity/Q93284
https://ehkultura.wikibase.cloud/entity/Q29932	http://www.wikidata.org/entity/Q151580
https://ehkultura.wikibase.cloud/entity/Q29936	http://www.wikidata.org/entity/Q160149
https://ehkultura.wikibase.cloud/entity/Q29843	http://www.wikidata.org/entity/Q270340
https://ehkultura.wikibase.cloud/entity/Q30087	http://www.wikidata.org/entity/Q289624
https://ehkultura.wikibase.cloud/entity/Q29998	http://www.wikidata.org/entity/Q320868
https://ehkultura.wikibase.cloud/entity/Q30161	http://www.wikidata.org/entity/Q317075
https://ehkultura.wikibase.cloud/entity/Q29990	http://www.wikidata.org/entity/Q468852
https://ehkultura.wikibase.cloud/entity/Q30096	http://www.wikidata.org/entity/Q465777
https://ehkultura.wikibase.cloud/entity/Q29839	http://www.wikidata.org/entity/Q530599
https://ehkultura.wikibase.cloud/entity/Q29948	http://www.wikidata.org/entity/Q504611
https://ehkultura.wikibase.cloud/entity/Q29912	http://www.wikidata.org/entity/Q518444
https://ehkultura.wikibase.cloud/entity/Q29997	http://www.wikidata.org/entity/Q744488
https://ehkultura.wikibase.cloud/entity/Q29939	http://www.wikidata.org/entity/Q872641
https://ehkultura.wikibase.cloud/entity/Q29904	http://www.wikidata.org/entity/Q920555
https://ehkultura.wikibase.cloud/entity/Q30094	http://www.wikidata.org/entity/Q1245335
https://ehkultura.wikibase.cloud/entity/Q30144	http://www.wikidata.org/entity/Q1234248
https://ehkultura.wikibase.cloud/entity/Q30143	http://www.wikidata.org/entity/Q1249210
https://ehkultura.wikibase.cloud/entity/Q29910	http://www.wikidata.org/entity/Q1347657
https://ehkultura.wikibase.cloud/entity/Q30092	http://www.wikidata.org/entity/Q1809181
https://ehkultura.wikibase.cloud/entity/Q29849	http://www.wikidata.org/entity/Q2078300
https://ehkultura.wikibase.cloud/entity/Q30097	http://www.wikidata.org/entity/Q2221839
https://ehkultura.wikibase.cloud/entity/Q29945	http://www.wikidata.org/entity/Q2466876
https://ehkultura.wikibase.cloud/entity/Q29907	http://www.wikidata.org/entity/Q2851009
https://ehkultura.wikibase.cloud/entity/Q29991	http://www.wikidata.org/entity/Q2844993
https://ehkultura.wikibase.cloud/entity/Q30070	http://www.wikidata.org/entity/Q3102522
https://ehkultura.wikibase.cloud/entity/Q30048	http://www.wikidata.org/entity/Q3124381
https://ehkultura.wikibase.cloud/entity/Q30024	http://www.wikidata.org/entity/Q3164622
https://ehkultura.wikibase.cloud/entity/Q30152	http://www.wikidata.org/entity/Q3141965
https://ehkultura.wikibase.cloud/entity/Q29958	http://www.wikidata.org/entity/Q3605651
https://ehkultura.wikibase.cloud/entity/Q29847	http://www.wikidata.org/entity/Q5112096
https://ehkultura.wikibase.cloud/entity/Q29946	http://www.wikidata.org/entity/Q5397642
https://ehkultura.wikibase.cloud/entity/Q30063	http://www.wikidata.org/entity/Q5597408
https://ehkultura.wikibase.cloud/entity/Q29957	http://www.wikidata.org/entity/Q5942192
https://ehkultura.wikibase.cloud/entity/Q30156	http://www.wikidata.org/entity/Q5927611
https://ehkultura.wikibase.cloud/entity/Q30150	http://www.wikidata.org/entity/Q6004664
https://ehkultura.wikibase.cloud/entity/Q30108	http://www.wikidata.org/entity/Q6170456
https://ehkultura.wikibase.cloud/entity/Q30109	http://www.wikidata.org/entity/Q6226804
https://ehkultura.wikibase.cloud/entity/Q29943	http://www.wikidata.org/entity/Q6387683
https://ehkultura.wikibase.cloud/entity/Q30003	http://www.wikidata.org/entity/Q6405133
https://ehkultura.wikibase.cloud/entity/Q29829	http://www.wikidata.org/entity/Q6760780
https://ehkultura.wikibase.cloud/entity/Q29845	http://www.wikidata.org/entity/Q6778862
https://ehkultura.wikibase.cloud/entity/Q29906	http://www.wikidata.org/entity/Q7051234
https://ehkultura.wikibase.cloud/entity/Q29892	http://www.wikidata.org/entity/Q7614544
https://ehkultura.wikibase.cloud/entity/Q30120	http://www.wikidata.org/entity/Q9029507
https://ehkultura.wikibase.cloud/entity/Q29977	http://www.wikidata.org/entity/Q11908607
https://ehkultura.wikibase.cloud/entity/Q29995	http://www.wikidata.org/entity/Q16174456
https://ehkultura.wikibase.cloud/entity/Q30018	http://www.wikidata.org/entity/Q16727388
https://ehkultura.wikibase.cloud/entity/Q29859	http://www.wikidata.org/entity/Q17277680
https://ehkultura.wikibase.cloud/entity/Q29871	http://www.wikidata.org/entity/Q19560225
https://ehkultura.wikibase.cloud/entity/Q29972	http://www.wikidata.org/entity/Q19594523
https://ehkultura.wikibase.cloud/entity/Q30116	http://www.wikidata.org/entity/Q19594555
https://ehkultura.wikibase.cloud/entity/Q29960	http://www.wikidata.org/entity/Q19754036
https://ehkultura.wikibase.cloud/entity/Q29911	http://www.wikidata.org/entity/Q20533427
https://ehkultura.wikibase.cloud/entity/Q30046	http://www.wikidata.org/entity/Q20525501
https://ehkultura.wikibase.cloud/entity/Q30101	http://www.wikidata.org/entity/Q21458894
https://ehkultura.wikibase.cloud/entity/Q29947	http://www.wikidata.org/entity/Q21607758
https://ehkultura.wikibase.cloud/entity/Q29865	http://www.wikidata.org/entity/Q22031069
https://ehkultura.wikibase.cloud/entity/Q29857	http://www.wikidata.org/entity/Q23662194
https://ehkultura.wikibase.cloud/entity/Q29863	http://www.wikidata.org/entity/Q23662204
https://ehkultura.wikibase.cloud/entity/Q30012	http://www.wikidata.org/entity/Q23657161
https://ehkultura.wikibase.cloud/entity/Q30062	http://www.wikidata.org/entity/Q23662544
https://ehkultura.wikibase.cloud/entity/Q29881	http://www.wikidata.org/entity/Q27032267
https://ehkultura.wikibase.cloud/entity/Q29850	http://www.wikidata.org/entity/Q53550994
https://ehkultura.wikibase.cloud/entity/Q29864	http://www.wikidata.org/entity/Q55948340
https://ehkultura.wikibase.cloud/entity/Q29874	http://www.wikidata.org/entity/Q55990517
https://ehkultura.wikibase.cloud/entity/Q30162	http://www.wikidata.org/entity/Q55938220
https://ehkultura.wikibase.cloud/entity/Q29867	http://www.wikidata.org/entity/Q57056052
https://ehkultura.wikibase.cloud/entity/Q30013	http://www.wikidata.org/entity/Q57893398
https://ehkultura.wikibase.cloud/entity/Q30040	http://www.wikidata.org/entity/Q57909341
https://ehkultura.wikibase.cloud/entity/Q30001	http://www.wikidata.org/entity/Q58487608
https://ehkultura.wikibase.cloud/entity/Q29893	http://www.wikidata.org/entity/Q59766648
https://ehkultura.wikibase.cloud/entity/Q29962	http://www.wikidata.org/entity/Q66088532
https://ehkultura.wikibase.cloud/entity/Q29894	http://www.wikidata.org/entity/Q75909612
https://ehkultura.wikibase.cloud/entity/Q29887	http://www.wikidata.org/entity/Q76214642
https://ehkultura.wikibase.cloud/entity/Q30159	http://www.wikidata.org/entity/Q78322023
https://ehkultura.wikibase.cloud/entity/Q29875	http://www.wikidata.org/entity/Q86916038
https://ehkultura.wikibase.cloud/entity/Q30117	http://www.wikidata.org/entity/Q87648696
https://ehkultura.wikibase.cloud/entity/Q29992	http://www.wikidata.org/entity/Q89580734
https://ehkultura.wikibase.cloud/entity/Q30118	http://www.wikidata.org/entity/Q91350171
https://ehkultura.wikibase.cloud/entity/Q29856	http://www.wikidata.org/entity/Q95308742
https://ehkultura.wikibase.cloud/entity/Q29846	http://www.wikidata.org/entity/Q95839550
https://ehkultura.wikibase.cloud/entity/Q30061	http://www.wikidata.org/entity/Q98765930
https://ehkultura.wikibase.cloud/entity/Q29880	http://www.wikidata.org/entity/Q106212285
https://ehkultura.wikibase.cloud/entity/Q29876	http://www.wikidata.org/entity/Q107569406
https://ehkultura.wikibase.cloud/entity/Q30139	http://www.wikidata.org/entity/Q109812132
https://ehkultura.wikibase.cloud/entity/Q29981	http://www.wikidata.org/entity/Q111144294
https://ehkultura.wikibase.cloud/entity/Q30085	http://www.wikidata.org/entity/Q112055177
https://ehkultura.wikibase.cloud/entity/Q29897	http://www.wikidata.org/entity/Q112500346
https://ehkultura.wikibase.cloud/entity/Q30020	http://www.wikidata.org/entity/Q113780739
https://ehkultura.wikibase.cloud/entity/Q30036	http://www.wikidata.org/entity/Q115534914
https://ehkultura.wikibase.cloud/entity/Q29934	http://www.wikidata.org/entity/Q122812419
https://ehkultura.wikibase.cloud/entity/Q29968	http://www.wikidata.org/entity/Q123758697
https://ehkultura.wikibase.cloud/entity/Q29983	http://www.wikidata.org/entity/Q124854788
https://ehkultura.wikibase.cloud/entity/Q29898	http://www.wikidata.org/entity/Q131430555
https://ehkultura.wikibase.cloud/entity/Q29985	http://www.wikidata.org/entity/Q20710
https://ehkultura.wikibase.cloud/entity/Q30093	http://www.wikidata.org/entity/Q501
https://ehkultura.wikibase.cloud/entity/Q30142	http://www.wikidata.org/entity/Q448
https://ehkultura.wikibase.cloud/entity/Q31807	http://www.wikidata.org/entity/Q65764
https://ehkultura.wikibase.cloud/entity/Q31882	http://www.wikidata.org/entity/Q92341
https://ehkultura.wikibase.cloud/entity/Q31900	http://www.wikidata.org/entity/Q87841
https://ehkultura.wikibase.cloud/entity/Q31809	http://www.wikidata.org/entity/Q130780
https://ehkultura.wikibase.cloud/entity/Q31929	http://www.wikidata.org/entity/Q155057
https://ehkultura.wikibase.cloud/entity/Q31839	http://www.wikidata.org/entity/Q320477
https://ehkultura.wikibase.cloud/entity/Q31791	http://www.wikidata.org/entity/Q365852
https://ehkultura.wikibase.cloud/entity/Q31725	http://www.wikidata.org/entity/Q433322
https://ehkultura.wikibase.cloud/entity/Q31960	http://www.wikidata.org/entity/Q381277
https://ehkultura.wikibase.cloud/entity/Q31773	http://www.wikidata.org/entity/Q448601
https://ehkultura.wikibase.cloud/entity/Q31903	http://www.wikidata.org/entity/Q444893
https://ehkultura.wikibase.cloud/entity/Q31976	http://www.wikidata.org/entity/Q485635
https://ehkultura.wikibase.cloud/entity/Q31757	http://www.wikidata.org/entity/Q607534
https://ehkultura.wikibase.cloud/entity/Q31818	http://www.wikidata.org/entity/Q679049
https://ehkultura.wikibase.cloud/entity/Q31821	http://www.wikidata.org/entity/Q705090
https://ehkultura.wikibase.cloud/entity/Q31832	http://www.wikidata.org/entity/Q707929
https://ehkultura.wikibase.cloud/entity/Q31914	http://www.wikidata.org/entity/Q713023
https://ehkultura.wikibase.cloud/entity/Q31731	http://www.wikidata.org/entity/Q807441
https://ehkultura.wikibase.cloud/entity/Q31936	http://www.wikidata.org/entity/Q766166
https://ehkultura.wikibase.cloud/entity/Q31968	http://www.wikidata.org/entity/Q917570
https://ehkultura.wikibase.cloud/entity/Q31930	http://www.wikidata.org/entity/Q1079792
https://ehkultura.wikibase.cloud/entity/Q31806	http://www.wikidata.org/entity/Q1186153
https://ehkultura.wikibase.cloud/entity/Q31904	http://www.wikidata.org/entity/Q1227750
https://ehkultura.wikibase.cloud/entity/Q31887	http://www.wikidata.org/entity/Q1475830
https://ehkultura.wikibase.cloud/entity/Q31923	http://www.wikidata.org/entity/Q1642699
https://ehkultura.wikibase.cloud/entity/Q31831	http://www.wikidata.org/entity/Q1984857
https://ehkultura.wikibase.cloud/entity/Q31816	http://www.wikidata.org/entity/Q2579893
https://ehkultura.wikibase.cloud/entity/Q31945	http://www.wikidata.org/entity/Q2739771
https://ehkultura.wikibase.cloud/entity/Q31764	http://www.wikidata.org/entity/Q3077489
https://ehkultura.wikibase.cloud/entity/Q31918	http://www.wikidata.org/entity/Q3059616
https://ehkultura.wikibase.cloud/entity/Q31813	http://www.wikidata.org/entity/Q3172417
https://ehkultura.wikibase.cloud/entity/Q31862	http://www.wikidata.org/entity/Q3168038
https://ehkultura.wikibase.cloud/entity/Q31808	http://www.wikidata.org/entity/Q3189090
https://ehkultura.wikibase.cloud/entity/Q31762	http://www.wikidata.org/entity/Q3308206
https://ehkultura.wikibase.cloud/entity/Q31863	http://www.wikidata.org/entity/Q3573690
https://ehkultura.wikibase.cloud/entity/Q31953	http://www.wikidata.org/entity/Q3608357
https://ehkultura.wikibase.cloud/entity/Q31822	http://www.wikidata.org/entity/Q3754032
https://ehkultura.wikibase.cloud/entity/Q31837	http://www.wikidata.org/entity/Q3754571
https://ehkultura.wikibase.cloud/entity/Q31842	http://www.wikidata.org/entity/Q4762378
https://ehkultura.wikibase.cloud/entity/Q31942	http://www.wikidata.org/entity/Q4768361
https://ehkultura.wikibase.cloud/entity/Q31819	http://www.wikidata.org/entity/Q5700199
https://ehkultura.wikibase.cloud/entity/Q31763	http://www.wikidata.org/entity/Q5719275
https://ehkultura.wikibase.cloud/entity/Q31795	http://www.wikidata.org/entity/Q5858211
https://ehkultura.wikibase.cloud/entity/Q31925	http://www.wikidata.org/entity/Q5833373
https://ehkultura.wikibase.cloud/entity/Q31727	http://www.wikidata.org/entity/Q5941372
https://ehkultura.wikibase.cloud/entity/Q31771	http://www.wikidata.org/entity/Q5930179
https://ehkultura.wikibase.cloud/entity/Q31913	http://www.wikidata.org/entity/Q6838160
https://ehkultura.wikibase.cloud/entity/Q31766	http://www.wikidata.org/entity/Q7312033
https://ehkultura.wikibase.cloud/entity/Q31952	http://www.wikidata.org/entity/Q7274066
https://ehkultura.wikibase.cloud/entity/Q31733	http://www.wikidata.org/entity/Q7368234
https://ehkultura.wikibase.cloud/entity/Q31934	http://www.wikidata.org/entity/Q7519983
https://ehkultura.wikibase.cloud/entity/Q31983	http://www.wikidata.org/entity/Q11906393
https://ehkultura.wikibase.cloud/entity/Q31878	http://www.wikidata.org/entity/Q12261028
https://ehkultura.wikibase.cloud/entity/Q31920	http://www.wikidata.org/entity/Q12253414
https://ehkultura.wikibase.cloud/entity/Q31902	http://www.wikidata.org/entity/Q12262963
https://ehkultura.wikibase.cloud/entity/Q31917	http://www.wikidata.org/entity/Q12260049
https://ehkultura.wikibase.cloud/entity/Q31966	http://www.wikidata.org/entity/Q15694094
https://ehkultura.wikibase.cloud/entity/Q31959	http://www.wikidata.org/entity/Q15788262
https://ehkultura.wikibase.cloud/entity/Q31835	http://www.wikidata.org/entity/Q15896847
https://ehkultura.wikibase.cloud/entity/Q31958	http://www.wikidata.org/entity/Q15909237
https://ehkultura.wikibase.cloud/entity/Q31728	http://www.wikidata.org/entity/Q15979929
https://ehkultura.wikibase.cloud/entity/Q31785	http://www.wikidata.org/entity/Q15984428
https://ehkultura.wikibase.cloud/entity/Q31774	http://www.wikidata.org/entity/Q16090550
https://ehkultura.wikibase.cloud/entity/Q31836	http://www.wikidata.org/entity/Q16087458
https://ehkultura.wikibase.cloud/entity/Q31931	http://www.wikidata.org/entity/Q16543544
https://ehkultura.wikibase.cloud/entity/Q31838	http://www.wikidata.org/entity/Q16745351
https://ehkultura.wikibase.cloud/entity/Q31879	http://www.wikidata.org/entity/Q17745931
https://ehkultura.wikibase.cloud/entity/Q31761	http://www.wikidata.org/entity/Q19863310
https://ehkultura.wikibase.cloud/entity/Q31723	http://www.wikidata.org/entity/Q19997586
https://ehkultura.wikibase.cloud/entity/Q31787	http://www.wikidata.org/entity/Q23727544
https://ehkultura.wikibase.cloud/entity/Q31823	http://www.wikidata.org/entity/Q24879303
https://ehkultura.wikibase.cloud/entity/Q31905	http://www.wikidata.org/entity/Q25410582
https://ehkultura.wikibase.cloud/entity/Q31928	http://www.wikidata.org/entity/Q28113992
https://ehkultura.wikibase.cloud/entity/Q31961	http://www.wikidata.org/entity/Q47112437
https://ehkultura.wikibase.cloud/entity/Q31940	http://www.wikidata.org/entity/Q55988169
https://ehkultura.wikibase.cloud/entity/Q31949	http://www.wikidata.org/entity/Q58338881
https://ehkultura.wikibase.cloud/entity/Q31722	http://www.wikidata.org/entity/Q59527178
https://ehkultura.wikibase.cloud/entity/Q31933	http://www.wikidata.org/entity/Q60735967
https://ehkultura.wikibase.cloud/entity/Q31792	http://www.wikidata.org/entity/Q93258432
https://ehkultura.wikibase.cloud/entity/Q31829	http://www.wikidata.org/entity/Q93373229
https://ehkultura.wikibase.cloud/entity/Q31955	http://www.wikidata.org/entity/Q93381418
https://ehkultura.wikibase.cloud/entity/Q31743	http://www.wikidata.org/entity/Q96350917
https://ehkultura.wikibase.cloud/entity/Q31926	http://www.wikidata.org/entity/Q97371018
https://ehkultura.wikibase.cloud/entity/Q31747	http://www.wikidata.org/entity/Q97610525
https://ehkultura.wikibase.cloud/entity/Q31915	http://www.wikidata.org/entity/Q99662615
https://ehkultura.wikibase.cloud/entity/Q31951	http://www.wikidata.org/entity/Q109424345
https://ehkultura.wikibase.cloud/entity/Q31729	http://www.wikidata.org/entity/Q109659717
https://ehkultura.wikibase.cloud/entity/Q31948	http://www.wikidata.org/entity/Q110508944
https://ehkultura.wikibase.cloud/entity/Q31827	http://www.wikidata.org/entity/Q111979545
https://ehkultura.wikibase.cloud/entity/Q31793	http://www.wikidata.org/entity/Q111995893
https://ehkultura.wikibase.cloud/entity/Q31734	http://www.wikidata.org/entity/Q112447688
https://ehkultura.wikibase.cloud/entity/Q31810	http://www.wikidata.org/entity/Q115282792
https://ehkultura.wikibase.cloud/entity/Q31950	http://www.wikidata.org/entity/Q115443095
https://ehkultura.wikibase.cloud/entity/Q31916	http://www.wikidata.org/entity/Q117118534
https://ehkultura.wikibase.cloud/entity/Q31962	http://www.wikidata.org/entity/Q125246070
https://ehkultura.wikibase.cloud/entity/Q31941	http://www.wikidata.org/entity/Q125281805
https://ehkultura.wikibase.cloud/entity/Q31888	http://www.wikidata.org/entity/Q132774373
https://ehkultura.wikibase.cloud/entity/Q31790	http://www.wikidata.org/entity/Q34661
https://ehkultura.wikibase.cloud/entity/Q31935	http://www.wikidata.org/entity/Q17714
https://ehkultura.wikibase.cloud/entity/Q29401	http://www.wikidata.org/entity/Q133730
https://ehkultura.wikibase.cloud/entity/Q29350	http://www.wikidata.org/entity/Q155407
https://ehkultura.wikibase.cloud/entity/Q29431	http://www.wikidata.org/entity/Q136221
https://ehkultura.wikibase.cloud/entity/Q29341	http://www.wikidata.org/entity/Q164683
https://ehkultura.wikibase.cloud/entity/Q29464	http://www.wikidata.org/entity/Q137642
https://ehkultura.wikibase.cloud/entity/Q29437	http://www.wikidata.org/entity/Q168496
https://ehkultura.wikibase.cloud/entity/Q29502	http://www.wikidata.org/entity/Q159465
https://ehkultura.wikibase.cloud/entity/Q29322	http://www.wikidata.org/entity/Q264193
https://ehkultura.wikibase.cloud/entity/Q29453	http://www.wikidata.org/entity/Q239117
https://ehkultura.wikibase.cloud/entity/Q29530	http://www.wikidata.org/entity/Q219862
https://ehkultura.wikibase.cloud/entity/Q29354	http://www.wikidata.org/entity/Q288793
https://ehkultura.wikibase.cloud/entity/Q29330	http://www.wikidata.org/entity/Q330072
https://ehkultura.wikibase.cloud/entity/Q29509	http://www.wikidata.org/entity/Q318829
https://ehkultura.wikibase.cloud/entity/Q29466	http://www.wikidata.org/entity/Q462591
https://ehkultura.wikibase.cloud/entity/Q29433	http://www.wikidata.org/entity/Q504959
https://ehkultura.wikibase.cloud/entity/Q29515	http://www.wikidata.org/entity/Q602119
https://ehkultura.wikibase.cloud/entity/Q29536	http://www.wikidata.org/entity/Q765758
https://ehkultura.wikibase.cloud/entity/Q29506	http://www.wikidata.org/entity/Q778890
https://ehkultura.wikibase.cloud/entity/Q29327	http://www.wikidata.org/entity/Q1147958
https://ehkultura.wikibase.cloud/entity/Q29410	http://www.wikidata.org/entity/Q1167044
https://ehkultura.wikibase.cloud/entity/Q29472	http://www.wikidata.org/entity/Q1153347
https://ehkultura.wikibase.cloud/entity/Q29461	http://www.wikidata.org/entity/Q1334259
https://ehkultura.wikibase.cloud/entity/Q29463	http://www.wikidata.org/entity/Q1745109
https://ehkultura.wikibase.cloud/entity/Q29323	http://www.wikidata.org/entity/Q2037162
https://ehkultura.wikibase.cloud/entity/Q29416	http://www.wikidata.org/entity/Q2133880
https://ehkultura.wikibase.cloud/entity/Q29450	http://www.wikidata.org/entity/Q2286681
https://ehkultura.wikibase.cloud/entity/Q29535	http://www.wikidata.org/entity/Q2331111
https://ehkultura.wikibase.cloud/entity/Q29539	http://www.wikidata.org/entity/Q2534375
https://ehkultura.wikibase.cloud/entity/Q29421	http://www.wikidata.org/entity/Q2714574
https://ehkultura.wikibase.cloud/entity/Q29405	http://www.wikidata.org/entity/Q2856833
https://ehkultura.wikibase.cloud/entity/Q29358	http://www.wikidata.org/entity/Q3026588
https://ehkultura.wikibase.cloud/entity/Q29542	http://www.wikidata.org/entity/Q3166708
https://ehkultura.wikibase.cloud/entity/Q29340	http://www.wikidata.org/entity/Q3293386
https://ehkultura.wikibase.cloud/entity/Q29547	http://www.wikidata.org/entity/Q3418490
https://ehkultura.wikibase.cloud/entity/Q29520	http://www.wikidata.org/entity/Q3752217
https://ehkultura.wikibase.cloud/entity/Q29409	http://www.wikidata.org/entity/Q3929036
https://ehkultura.wikibase.cloud/entity/Q29531	http://www.wikidata.org/entity/Q3984991
https://ehkultura.wikibase.cloud/entity/Q29516	http://www.wikidata.org/entity/Q4963320
https://ehkultura.wikibase.cloud/entity/Q29333	http://www.wikidata.org/entity/Q5184733
https://ehkultura.wikibase.cloud/entity/Q29351	http://www.wikidata.org/entity/Q5307132
https://ehkultura.wikibase.cloud/entity/Q29424	http://www.wikidata.org/entity/Q5588354
https://ehkultura.wikibase.cloud/entity/Q29505	http://www.wikidata.org/entity/Q5927595
https://ehkultura.wikibase.cloud/entity/Q29331	http://www.wikidata.org/entity/Q6015182
https://ehkultura.wikibase.cloud/entity/Q29500	http://www.wikidata.org/entity/Q6152513
https://ehkultura.wikibase.cloud/entity/Q29545	http://www.wikidata.org/entity/Q6291613
https://ehkultura.wikibase.cloud/entity/Q29498	http://www.wikidata.org/entity/Q7000070
https://ehkultura.wikibase.cloud/entity/Q29419	http://www.wikidata.org/entity/Q7345529
https://ehkultura.wikibase.cloud/entity/Q29488	http://www.wikidata.org/entity/Q7633989
https://ehkultura.wikibase.cloud/entity/Q29339	http://www.wikidata.org/entity/Q8961281
https://ehkultura.wikibase.cloud/entity/Q29549	http://www.wikidata.org/entity/Q11111360
https://ehkultura.wikibase.cloud/entity/Q29417	http://www.wikidata.org/entity/Q11860480
https://ehkultura.wikibase.cloud/entity/Q29491	http://www.wikidata.org/entity/Q11923043
https://ehkultura.wikibase.cloud/entity/Q29395	http://www.wikidata.org/entity/Q12260728
https://ehkultura.wikibase.cloud/entity/Q29436	http://www.wikidata.org/entity/Q12264712
https://ehkultura.wikibase.cloud/entity/Q29459	http://www.wikidata.org/entity/Q12260231
https://ehkultura.wikibase.cloud/entity/Q29544	http://www.wikidata.org/entity/Q12253073
https://ehkultura.wikibase.cloud/entity/Q29492	http://www.wikidata.org/entity/Q16028434
https://ehkultura.wikibase.cloud/entity/Q29343	http://www.wikidata.org/entity/Q16217189
https://ehkultura.wikibase.cloud/entity/Q29533	http://www.wikidata.org/entity/Q16678087
https://ehkultura.wikibase.cloud/entity/Q29495	http://www.wikidata.org/entity/Q16732459
https://ehkultura.wikibase.cloud/entity/Q29342	http://www.wikidata.org/entity/Q17118618
https://ehkultura.wikibase.cloud/entity/Q29499	http://www.wikidata.org/entity/Q17509076
https://ehkultura.wikibase.cloud/entity/Q29412	http://www.wikidata.org/entity/Q18030446
https://ehkultura.wikibase.cloud/entity/Q29497	http://www.wikidata.org/entity/Q22115496
https://ehkultura.wikibase.cloud/entity/Q29546	http://www.wikidata.org/entity/Q23382360
https://ehkultura.wikibase.cloud/entity/Q29362	http://www.wikidata.org/entity/Q23661649
https://ehkultura.wikibase.cloud/entity/Q29346	http://www.wikidata.org/entity/Q24042296
https://ehkultura.wikibase.cloud/entity/Q29470	http://www.wikidata.org/entity/Q28503247
https://ehkultura.wikibase.cloud/entity/Q29462	http://www.wikidata.org/entity/Q28874611
https://ehkultura.wikibase.cloud/entity/Q29407	http://www.wikidata.org/entity/Q48929888
https://ehkultura.wikibase.cloud/entity/Q29527	http://www.wikidata.org/entity/Q49709898
https://ehkultura.wikibase.cloud/entity/Q29355	http://www.wikidata.org/entity/Q53544475
https://ehkultura.wikibase.cloud/entity/Q29479	http://www.wikidata.org/entity/Q55314939
https://ehkultura.wikibase.cloud/entity/Q29508	http://www.wikidata.org/entity/Q57497284
https://ehkultura.wikibase.cloud/entity/Q29334	http://www.wikidata.org/entity/Q62392869
https://ehkultura.wikibase.cloud/entity/Q29485	http://www.wikidata.org/entity/Q85419308
https://ehkultura.wikibase.cloud/entity/Q29511	http://www.wikidata.org/entity/Q85438307
https://ehkultura.wikibase.cloud/entity/Q29385	http://www.wikidata.org/entity/Q85956039
https://ehkultura.wikibase.cloud/entity/Q29486	http://www.wikidata.org/entity/Q85956212
https://ehkultura.wikibase.cloud/entity/Q29443	http://www.wikidata.org/entity/Q93435214
https://ehkultura.wikibase.cloud/entity/Q29528	http://www.wikidata.org/entity/Q95223789
https://ehkultura.wikibase.cloud/entity/Q29457	http://www.wikidata.org/entity/Q107305213
https://ehkultura.wikibase.cloud/entity/Q29364	http://www.wikidata.org/entity/Q110056083
https://ehkultura.wikibase.cloud/entity/Q29465	http://www.wikidata.org/entity/Q111703386
https://ehkultura.wikibase.cloud/entity/Q29349	http://www.wikidata.org/entity/Q112439229
https://ehkultura.wikibase.cloud/entity/Q29394	http://www.wikidata.org/entity/Q112452747
https://ehkultura.wikibase.cloud/entity/Q29556	http://www.wikidata.org/entity/Q114439686
https://ehkultura.wikibase.cloud/entity/Q29540	http://www.wikidata.org/entity/Q115961284
https://ehkultura.wikibase.cloud/entity/Q29541	http://www.wikidata.org/entity/Q123975122
https://ehkultura.wikibase.cloud/entity/Q29369	http://www.wikidata.org/entity/Q132348658
https://ehkultura.wikibase.cloud/entity/Q29375	http://www.wikidata.org/entity/Q136332736
https://ehkultura.wikibase.cloud/entity/Q29400	http://www.wikidata.org/entity/Q7546
https://ehkultura.wikibase.cloud/entity/Q29496	http://www.wikidata.org/entity/Q7197
https://ehkultura.wikibase.cloud/entity/Q29397	http://www.wikidata.org/entity/Q51127
https://ehkultura.wikibase.cloud/entity/Q29398	http://www.wikidata.org/entity/Q53003
https://ehkultura.wikibase.cloud/entity/Q29396	http://www.wikidata.org/entity/Q55412
https://ehkultura.wikibase.cloud/entity/Q29415	http://www.wikidata.org/entity/Q51488
https://ehkultura.wikibase.cloud/entity/Q30438	http://www.wikidata.org/entity/Q157610
https://ehkultura.wikibase.cloud/entity/Q30611	http://www.wikidata.org/entity/Q117012
https://ehkultura.wikibase.cloud/entity/Q30530	http://www.wikidata.org/entity/Q156622
https://ehkultura.wikibase.cloud/entity/Q30557	http://www.wikidata.org/entity/Q158056
https://ehkultura.wikibase.cloud/entity/Q30590	http://www.wikidata.org/entity/Q154756
https://ehkultura.wikibase.cloud/entity/Q32366	http://www.wikidata.org/entity/Q234335
https://ehkultura.wikibase.cloud/entity/Q32232	http://www.wikidata.org/entity/Q279088
https://ehkultura.wikibase.cloud/entity/Q32241	http://www.wikidata.org/entity/Q302675
https://ehkultura.wikibase.cloud/entity/Q32038	http://www.wikidata.org/entity/Q356842
https://ehkultura.wikibase.cloud/entity/Q32244	http://www.wikidata.org/entity/Q319723
https://ehkultura.wikibase.cloud/entity/Q32139	http://www.wikidata.org/entity/Q399446
https://ehkultura.wikibase.cloud/entity/Q32323	http://www.wikidata.org/entity/Q374504
https://ehkultura.wikibase.cloud/entity/Q31998	http://www.wikidata.org/entity/Q471419
https://ehkultura.wikibase.cloud/entity/Q32048	http://www.wikidata.org/entity/Q527001
https://ehkultura.wikibase.cloud/entity/Q31981	http://www.wikidata.org/entity/Q563549
https://ehkultura.wikibase.cloud/entity/Q32155	http://www.wikidata.org/entity/Q638397
https://ehkultura.wikibase.cloud/entity/Q32063	http://www.wikidata.org/entity/Q679765
https://ehkultura.wikibase.cloud/entity/Q32030	http://www.wikidata.org/entity/Q772062
https://ehkultura.wikibase.cloud/entity/Q32016	http://www.wikidata.org/entity/Q843049
https://ehkultura.wikibase.cloud/entity/Q32169	http://www.wikidata.org/entity/Q870924
https://ehkultura.wikibase.cloud/entity/Q32279	http://www.wikidata.org/entity/Q982677
https://ehkultura.wikibase.cloud/entity/Q32077	http://www.wikidata.org/entity/Q1032506
https://ehkultura.wikibase.cloud/entity/Q31989	http://www.wikidata.org/entity/Q1152592
https://ehkultura.wikibase.cloud/entity/Q32156	http://www.wikidata.org/entity/Q1300788
https://ehkultura.wikibase.cloud/entity/Q32084	http://www.wikidata.org/entity/Q1672502
https://ehkultura.wikibase.cloud/entity/Q32123	http://www.wikidata.org/entity/Q1702239
https://ehkultura.wikibase.cloud/entity/Q32252	http://www.wikidata.org/entity/Q1677806
https://ehkultura.wikibase.cloud/entity/Q32117	http://www.wikidata.org/entity/Q2275886
https://ehkultura.wikibase.cloud/entity/Q31988	http://www.wikidata.org/entity/Q2458256
https://ehkultura.wikibase.cloud/entity/Q32159	http://www.wikidata.org/entity/Q2559571
https://ehkultura.wikibase.cloud/entity/Q32147	http://www.wikidata.org/entity/Q2638302
https://ehkultura.wikibase.cloud/entity/Q32164	http://www.wikidata.org/entity/Q2850971
https://ehkultura.wikibase.cloud/entity/Q31990	http://www.wikidata.org/entity/Q3013066
https://ehkultura.wikibase.cloud/entity/Q32360	http://www.wikidata.org/entity/Q3072722
https://ehkultura.wikibase.cloud/entity/Q32141	http://www.wikidata.org/entity/Q3159098
https://ehkultura.wikibase.cloud/entity/Q32350	http://www.wikidata.org/entity/Q3160712
https://ehkultura.wikibase.cloud/entity/Q32028	http://www.wikidata.org/entity/Q3587907
https://ehkultura.wikibase.cloud/entity/Q32381	http://www.wikidata.org/entity/Q3593652
https://ehkultura.wikibase.cloud/entity/Q32111	http://www.wikidata.org/entity/Q3755498
https://ehkultura.wikibase.cloud/entity/Q32152	http://www.wikidata.org/entity/Q3749747
https://ehkultura.wikibase.cloud/entity/Q32019	http://www.wikidata.org/entity/Q3847957
https://ehkultura.wikibase.cloud/entity/Q32025	http://www.wikidata.org/entity/Q3894853
https://ehkultura.wikibase.cloud/entity/Q32161	http://www.wikidata.org/entity/Q4867174
https://ehkultura.wikibase.cloud/entity/Q32357	http://www.wikidata.org/entity/Q4893534
https://ehkultura.wikibase.cloud/entity/Q32245	http://www.wikidata.org/entity/Q5248733
https://ehkultura.wikibase.cloud/entity/Q31985	http://www.wikidata.org/entity/Q5563480
https://ehkultura.wikibase.cloud/entity/Q32012	http://www.wikidata.org/entity/Q5852397
https://ehkultura.wikibase.cloud/entity/Q32284	http://www.wikidata.org/entity/Q6147067
https://ehkultura.wikibase.cloud/entity/Q32370	http://www.wikidata.org/entity/Q6173018
https://ehkultura.wikibase.cloud/entity/Q32273	http://www.wikidata.org/entity/Q6662440
https://ehkultura.wikibase.cloud/entity/Q32238	http://www.wikidata.org/entity/Q7025907
https://ehkultura.wikibase.cloud/entity/Q32000	http://www.wikidata.org/entity/Q7151220
https://ehkultura.wikibase.cloud/entity/Q32097	http://www.wikidata.org/entity/Q7323783
https://ehkultura.wikibase.cloud/entity/Q32132	http://www.wikidata.org/entity/Q8202029
https://ehkultura.wikibase.cloud/entity/Q32269	http://www.wikidata.org/entity/Q8962193
https://ehkultura.wikibase.cloud/entity/Q32343	http://www.wikidata.org/entity/Q11921230
https://ehkultura.wikibase.cloud/entity/Q32099	http://www.wikidata.org/entity/Q15052606
https://ehkultura.wikibase.cloud/entity/Q32007	http://www.wikidata.org/entity/Q15433364
https://ehkultura.wikibase.cloud/entity/Q32096	http://www.wikidata.org/entity/Q16729005
https://ehkultura.wikibase.cloud/entity/Q31994	http://www.wikidata.org/entity/Q17388413
https://ehkultura.wikibase.cloud/entity/Q32138	http://www.wikidata.org/entity/Q18934829
https://ehkultura.wikibase.cloud/entity/Q32287	http://www.wikidata.org/entity/Q19594407
https://ehkultura.wikibase.cloud/entity/Q32027	http://www.wikidata.org/entity/Q19753812
https://ehkultura.wikibase.cloud/entity/Q32329	http://www.wikidata.org/entity/Q20715572
https://ehkultura.wikibase.cloud/entity/Q32118	http://www.wikidata.org/entity/Q21155836
https://ehkultura.wikibase.cloud/entity/Q31997	http://www.wikidata.org/entity/Q21486244
https://ehkultura.wikibase.cloud/entity/Q32379	http://www.wikidata.org/entity/Q22968476
https://ehkultura.wikibase.cloud/entity/Q32338	http://www.wikidata.org/entity/Q25686488
https://ehkultura.wikibase.cloud/entity/Q32146	http://www.wikidata.org/entity/Q28925716
https://ehkultura.wikibase.cloud/entity/Q32264	http://www.wikidata.org/entity/Q30243149
https://ehkultura.wikibase.cloud/entity/Q31984	http://www.wikidata.org/entity/Q47008627
https://ehkultura.wikibase.cloud/entity/Q32150	http://www.wikidata.org/entity/Q59776759
https://ehkultura.wikibase.cloud/entity/Q32143	http://www.wikidata.org/entity/Q63243928
https://ehkultura.wikibase.cloud/entity/Q32078	http://www.wikidata.org/entity/Q93370971
https://ehkultura.wikibase.cloud/entity/Q32006	http://www.wikidata.org/entity/Q93431356
https://ehkultura.wikibase.cloud/entity/Q32163	http://www.wikidata.org/entity/Q93434885
https://ehkultura.wikibase.cloud/entity/Q32260	http://www.wikidata.org/entity/Q95321803
https://ehkultura.wikibase.cloud/entity/Q32115	http://www.wikidata.org/entity/Q99397782
https://ehkultura.wikibase.cloud/entity/Q32116	http://www.wikidata.org/entity/Q105395407
https://ehkultura.wikibase.cloud/entity/Q32017	http://www.wikidata.org/entity/Q105801786
https://ehkultura.wikibase.cloud/entity/Q32120	http://www.wikidata.org/entity/Q107656559
https://ehkultura.wikibase.cloud/entity/Q32239	http://www.wikidata.org/entity/Q108784897
https://ehkultura.wikibase.cloud/entity/Q32340	http://www.wikidata.org/entity/Q111162463
https://ehkultura.wikibase.cloud/entity/Q32140	http://www.wikidata.org/entity/Q112425667
https://ehkultura.wikibase.cloud/entity/Q32274	http://www.wikidata.org/entity/Q112469060
https://ehkultura.wikibase.cloud/entity/Q32067	http://www.wikidata.org/entity/Q113770592
https://ehkultura.wikibase.cloud/entity/Q32203	http://www.wikidata.org/entity/Q117119369
https://ehkultura.wikibase.cloud/entity/Q32023	http://www.wikidata.org/entity/Q124641458
https://ehkultura.wikibase.cloud/entity/Q32011	http://www.wikidata.org/entity/Q44107
https://ehkultura.wikibase.cloud/entity/Q32193	http://www.wikidata.org/entity/Q9061
https://ehkultura.wikibase.cloud/entity/Q32069	http://www.wikidata.org/entity/Q55171
https://ehkultura.wikibase.cloud/entity/Q32322	http://www.wikidata.org/entity/Q37571
https://ehkultura.wikibase.cloud/entity/Q32265	http://www.wikidata.org/entity/Q51506
https://ehkultura.wikibase.cloud/entity/Q32247	http://www.wikidata.org/entity/Q61594
https://ehkultura.wikibase.cloud/entity/Q32320	http://www.wikidata.org/entity/Q61064
https://ehkultura.wikibase.cloud/entity/Q32378	http://www.wikidata.org/entity/Q51562
https://ehkultura.wikibase.cloud/entity/Q35572	http://www.wikidata.org/entity/Q70258
https://ehkultura.wikibase.cloud/entity/Q35761	http://www.wikidata.org/entity/Q87928
https://ehkultura.wikibase.cloud/entity/Q35862	http://www.wikidata.org/entity/Q110462
https://ehkultura.wikibase.cloud/entity/Q35681	http://www.wikidata.org/entity/Q240851
https://ehkultura.wikibase.cloud/entity/Q35784	http://www.wikidata.org/entity/Q215618
https://ehkultura.wikibase.cloud/entity/Q35706	http://www.wikidata.org/entity/Q237412
https://ehkultura.wikibase.cloud/entity/Q35688	http://www.wikidata.org/entity/Q298726
https://ehkultura.wikibase.cloud/entity/Q35643	http://www.wikidata.org/entity/Q328723
https://ehkultura.wikibase.cloud/entity/Q35833	http://www.wikidata.org/entity/Q289333
https://ehkultura.wikibase.cloud/entity/Q30525	http://www.wikidata.org/entity/Q187506
https://ehkultura.wikibase.cloud/entity/Q30658	http://www.wikidata.org/entity/Q164712
https://ehkultura.wikibase.cloud/entity/Q30692	http://www.wikidata.org/entity/Q156272
https://ehkultura.wikibase.cloud/entity/Q30540	http://www.wikidata.org/entity/Q207447
https://ehkultura.wikibase.cloud/entity/Q30518	http://www.wikidata.org/entity/Q232972
https://ehkultura.wikibase.cloud/entity/Q30439	http://www.wikidata.org/entity/Q275664
https://ehkultura.wikibase.cloud/entity/Q30660	http://www.wikidata.org/entity/Q243078
https://ehkultura.wikibase.cloud/entity/Q30571	http://www.wikidata.org/entity/Q295855
https://ehkultura.wikibase.cloud/entity/Q30500	http://www.wikidata.org/entity/Q318364
https://ehkultura.wikibase.cloud/entity/Q30706	http://www.wikidata.org/entity/Q267170
https://ehkultura.wikibase.cloud/entity/Q30537	http://www.wikidata.org/entity/Q316147
https://ehkultura.wikibase.cloud/entity/Q30431	http://www.wikidata.org/entity/Q382393
https://ehkultura.wikibase.cloud/entity/Q30680	http://www.wikidata.org/entity/Q326226
https://ehkultura.wikibase.cloud/entity/Q30563	http://www.wikidata.org/entity/Q433981
https://ehkultura.wikibase.cloud/entity/Q30570	http://www.wikidata.org/entity/Q455931
https://ehkultura.wikibase.cloud/entity/Q30696	http://www.wikidata.org/entity/Q432585
https://ehkultura.wikibase.cloud/entity/Q30646	http://www.wikidata.org/entity/Q447672
https://ehkultura.wikibase.cloud/entity/Q30682	http://www.wikidata.org/entity/Q440369
https://ehkultura.wikibase.cloud/entity/Q30617	http://www.wikidata.org/entity/Q686321
https://ehkultura.wikibase.cloud/entity/Q30613	http://www.wikidata.org/entity/Q827389
https://ehkultura.wikibase.cloud/entity/Q30673	http://www.wikidata.org/entity/Q951321
https://ehkultura.wikibase.cloud/entity/Q30688	http://www.wikidata.org/entity/Q955028
https://ehkultura.wikibase.cloud/entity/Q30581	http://www.wikidata.org/entity/Q982526
https://ehkultura.wikibase.cloud/entity/Q30503	http://www.wikidata.org/entity/Q1056972
https://ehkultura.wikibase.cloud/entity/Q30701	http://www.wikidata.org/entity/Q1125077
https://ehkultura.wikibase.cloud/entity/Q30561	http://www.wikidata.org/entity/Q1209700
https://ehkultura.wikibase.cloud/entity/Q30478	http://www.wikidata.org/entity/Q1680178
https://ehkultura.wikibase.cloud/entity/Q30534	http://www.wikidata.org/entity/Q1976640
https://ehkultura.wikibase.cloud/entity/Q30469	http://www.wikidata.org/entity/Q2841470
https://ehkultura.wikibase.cloud/entity/Q30704	http://www.wikidata.org/entity/Q2903368
https://ehkultura.wikibase.cloud/entity/Q30609	http://www.wikidata.org/entity/Q3084346
https://ehkultura.wikibase.cloud/entity/Q30558	http://www.wikidata.org/entity/Q3170286
https://ehkultura.wikibase.cloud/entity/Q30630	http://www.wikidata.org/entity/Q3158624
https://ehkultura.wikibase.cloud/entity/Q30640	http://www.wikidata.org/entity/Q3379668
https://ehkultura.wikibase.cloud/entity/Q30627	http://www.wikidata.org/entity/Q3498535
https://ehkultura.wikibase.cloud/entity/Q30612	http://www.wikidata.org/entity/Q3559550
https://ehkultura.wikibase.cloud/entity/Q30591	http://www.wikidata.org/entity/Q3725709
https://ehkultura.wikibase.cloud/entity/Q30669	http://www.wikidata.org/entity/Q3802255
https://ehkultura.wikibase.cloud/entity/Q30641	http://www.wikidata.org/entity/Q3876195
https://ehkultura.wikibase.cloud/entity/Q30433	http://www.wikidata.org/entity/Q4427258
https://ehkultura.wikibase.cloud/entity/Q30480	http://www.wikidata.org/entity/Q5047646
https://ehkultura.wikibase.cloud/entity/Q30450	http://www.wikidata.org/entity/Q5056013
https://ehkultura.wikibase.cloud/entity/Q30479	http://www.wikidata.org/entity/Q5488594
https://ehkultura.wikibase.cloud/entity/Q30649	http://www.wikidata.org/entity/Q5850423
https://ehkultura.wikibase.cloud/entity/Q30616	http://www.wikidata.org/entity/Q6011224
https://ehkultura.wikibase.cloud/entity/Q30575	http://www.wikidata.org/entity/Q6843723
https://ehkultura.wikibase.cloud/entity/Q30423	http://www.wikidata.org/entity/Q7253041
https://ehkultura.wikibase.cloud/entity/Q30520	http://www.wikidata.org/entity/Q7982682
https://ehkultura.wikibase.cloud/entity/Q30521	http://www.wikidata.org/entity/Q7982682
https://ehkultura.wikibase.cloud/entity/Q30507	http://www.wikidata.org/entity/Q7999783
https://ehkultura.wikibase.cloud/entity/Q30553	http://www.wikidata.org/entity/Q12260717
https://ehkultura.wikibase.cloud/entity/Q30542	http://www.wikidata.org/entity/Q12402525
https://ehkultura.wikibase.cloud/entity/Q30449	http://www.wikidata.org/entity/Q15410072
https://ehkultura.wikibase.cloud/entity/Q30655	http://www.wikidata.org/entity/Q15970670
https://ehkultura.wikibase.cloud/entity/Q30554	http://www.wikidata.org/entity/Q16268308
https://ehkultura.wikibase.cloud/entity/Q30663	http://www.wikidata.org/entity/Q19290694
https://ehkultura.wikibase.cloud/entity/Q30526	http://www.wikidata.org/entity/Q20068191
https://ehkultura.wikibase.cloud/entity/Q30569	http://www.wikidata.org/entity/Q20828210
https://ehkultura.wikibase.cloud/entity/Q30512	http://www.wikidata.org/entity/Q23010071
https://ehkultura.wikibase.cloud/entity/Q30494	http://www.wikidata.org/entity/Q23050164
https://ehkultura.wikibase.cloud/entity/Q30430	http://www.wikidata.org/entity/Q23939853
https://ehkultura.wikibase.cloud/entity/Q30434	http://www.wikidata.org/entity/Q25184365
https://ehkultura.wikibase.cloud/entity/Q30705	http://www.wikidata.org/entity/Q27078209
https://ehkultura.wikibase.cloud/entity/Q30514	http://www.wikidata.org/entity/Q28128926
https://ehkultura.wikibase.cloud/entity/Q30645	http://www.wikidata.org/entity/Q28754024
https://ehkultura.wikibase.cloud/entity/Q30565	http://www.wikidata.org/entity/Q30076338
https://ehkultura.wikibase.cloud/entity/Q30564	http://www.wikidata.org/entity/Q47486446
https://ehkultura.wikibase.cloud/entity/Q30455	http://www.wikidata.org/entity/Q53031003
https://ehkultura.wikibase.cloud/entity/Q30687	http://www.wikidata.org/entity/Q55218694
https://ehkultura.wikibase.cloud/entity/Q30536	http://www.wikidata.org/entity/Q55688293
https://ehkultura.wikibase.cloud/entity/Q30577	http://www.wikidata.org/entity/Q55688445
https://ehkultura.wikibase.cloud/entity/Q30576	http://www.wikidata.org/entity/Q55946693
https://ehkultura.wikibase.cloud/entity/Q30513	http://www.wikidata.org/entity/Q59525555
https://ehkultura.wikibase.cloud/entity/Q30432	http://www.wikidata.org/entity/Q63117456
https://ehkultura.wikibase.cloud/entity/Q30690	http://www.wikidata.org/entity/Q85095065
https://ehkultura.wikibase.cloud/entity/Q30541	http://www.wikidata.org/entity/Q91001584
https://ehkultura.wikibase.cloud/entity/Q30566	http://www.wikidata.org/entity/Q93261263
https://ehkultura.wikibase.cloud/entity/Q30597	http://www.wikidata.org/entity/Q95193973
https://ehkultura.wikibase.cloud/entity/Q30519	http://www.wikidata.org/entity/Q97069474
https://ehkultura.wikibase.cloud/entity/Q30691	http://www.wikidata.org/entity/Q97596180
https://ehkultura.wikibase.cloud/entity/Q30523	http://www.wikidata.org/entity/Q98761888
https://ehkultura.wikibase.cloud/entity/Q30456	http://www.wikidata.org/entity/Q99735589
https://ehkultura.wikibase.cloud/entity/Q30440	http://www.wikidata.org/entity/Q102174125
https://ehkultura.wikibase.cloud/entity/Q30573	http://www.wikidata.org/entity/Q106574465
https://ehkultura.wikibase.cloud/entity/Q30628	http://www.wikidata.org/entity/Q106574465
https://ehkultura.wikibase.cloud/entity/Q30497	http://www.wikidata.org/entity/Q106638409
https://ehkultura.wikibase.cloud/entity/Q30527	http://www.wikidata.org/entity/Q112033928
https://ehkultura.wikibase.cloud/entity/Q30484	http://www.wikidata.org/entity/Q112442268
https://ehkultura.wikibase.cloud/entity/Q30637	http://www.wikidata.org/entity/Q112480522
https://ehkultura.wikibase.cloud/entity/Q30708	http://www.wikidata.org/entity/Q125304260
https://ehkultura.wikibase.cloud/entity/Q30625	http://www.wikidata.org/entity/Q136824587
https://ehkultura.wikibase.cloud/entity/Q30515	http://www.wikidata.org/entity/Q33978
https://ehkultura.wikibase.cloud/entity/Q30552	http://www.wikidata.org/entity/Q46373
https://ehkultura.wikibase.cloud/entity/Q31999	http://www.wikidata.org/entity/Q78663
https://ehkultura.wikibase.cloud/entity/Q32003	http://www.wikidata.org/entity/Q84503
https://ehkultura.wikibase.cloud/entity/Q31991	http://www.wikidata.org/entity/Q151152
https://ehkultura.wikibase.cloud/entity/Q32131	http://www.wikidata.org/entity/Q123138
https://ehkultura.wikibase.cloud/entity/Q31996	http://www.wikidata.org/entity/Q159907
https://ehkultura.wikibase.cloud/entity/Q32318	http://www.wikidata.org/entity/Q130777
https://ehkultura.wikibase.cloud/entity/Q32316	http://www.wikidata.org/entity/Q151803
https://ehkultura.wikibase.cloud/entity/Q35651	http://www.wikidata.org/entity/Q357627
https://ehkultura.wikibase.cloud/entity/Q35552	http://www.wikidata.org/entity/Q469164
https://ehkultura.wikibase.cloud/entity/Q35923	http://www.wikidata.org/entity/Q467574
https://ehkultura.wikibase.cloud/entity/Q35846	http://www.wikidata.org/entity/Q599556
https://ehkultura.wikibase.cloud/entity/Q35723	http://www.wikidata.org/entity/Q718596
https://ehkultura.wikibase.cloud/entity/Q35809	http://www.wikidata.org/entity/Q708028
https://ehkultura.wikibase.cloud/entity/Q35900	http://www.wikidata.org/entity/Q731595
https://ehkultura.wikibase.cloud/entity/Q35701	http://www.wikidata.org/entity/Q1034928
https://ehkultura.wikibase.cloud/entity/Q35575	http://www.wikidata.org/entity/Q1270804
https://ehkultura.wikibase.cloud/entity/Q35710	http://www.wikidata.org/entity/Q1282569
https://ehkultura.wikibase.cloud/entity/Q35875	http://www.wikidata.org/entity/Q1273122
https://ehkultura.wikibase.cloud/entity/Q35897	http://www.wikidata.org/entity/Q1338563
https://ehkultura.wikibase.cloud/entity/Q35727	http://www.wikidata.org/entity/Q1579102
https://ehkultura.wikibase.cloud/entity/Q35827	http://www.wikidata.org/entity/Q1657377
https://ehkultura.wikibase.cloud/entity/Q35998	http://www.wikidata.org/entity/Q1629436
https://ehkultura.wikibase.cloud/entity/Q35958	http://www.wikidata.org/entity/Q1662880
https://ehkultura.wikibase.cloud/entity/Q35806	http://www.wikidata.org/entity/Q1734448
https://ehkultura.wikibase.cloud/entity/Q35858	http://www.wikidata.org/entity/Q1862458
https://ehkultura.wikibase.cloud/entity/Q35730	http://www.wikidata.org/entity/Q2031022
https://ehkultura.wikibase.cloud/entity/Q35769	http://www.wikidata.org/entity/Q2038348
https://ehkultura.wikibase.cloud/entity/Q35729	http://www.wikidata.org/entity/Q2344835
https://ehkultura.wikibase.cloud/entity/Q35891	http://www.wikidata.org/entity/Q2331061
https://ehkultura.wikibase.cloud/entity/Q35561	http://www.wikidata.org/entity/Q2574020
https://ehkultura.wikibase.cloud/entity/Q35787	http://www.wikidata.org/entity/Q2636406
https://ehkultura.wikibase.cloud/entity/Q36007	http://www.wikidata.org/entity/Q2830541
https://ehkultura.wikibase.cloud/entity/Q35801	http://www.wikidata.org/entity/Q3166902
https://ehkultura.wikibase.cloud/entity/Q35621	http://www.wikidata.org/entity/Q3288482
https://ehkultura.wikibase.cloud/entity/Q35634	http://www.wikidata.org/entity/Q3370193
https://ehkultura.wikibase.cloud/entity/Q35689	http://www.wikidata.org/entity/Q3376548
https://ehkultura.wikibase.cloud/entity/Q35707	http://www.wikidata.org/entity/Q3592128
https://ehkultura.wikibase.cloud/entity/Q35773	http://www.wikidata.org/entity/Q3744983
https://ehkultura.wikibase.cloud/entity/Q35619	http://www.wikidata.org/entity/Q4782033
https://ehkultura.wikibase.cloud/entity/Q35914	http://www.wikidata.org/entity/Q4796732
https://ehkultura.wikibase.cloud/entity/Q35612	http://www.wikidata.org/entity/Q5248410
https://ehkultura.wikibase.cloud/entity/Q35781	http://www.wikidata.org/entity/Q5812729
https://ehkultura.wikibase.cloud/entity/Q35987	http://www.wikidata.org/entity/Q5859665
https://ehkultura.wikibase.cloud/entity/Q36000	http://www.wikidata.org/entity/Q5930800
https://ehkultura.wikibase.cloud/entity/Q35966	http://www.wikidata.org/entity/Q5981772
https://ehkultura.wikibase.cloud/entity/Q35972	http://www.wikidata.org/entity/Q5983011
https://ehkultura.wikibase.cloud/entity/Q35837	http://www.wikidata.org/entity/Q6056889
https://ehkultura.wikibase.cloud/entity/Q35606	http://www.wikidata.org/entity/Q6310340
https://ehkultura.wikibase.cloud/entity/Q35819	http://www.wikidata.org/entity/Q6438712
https://ehkultura.wikibase.cloud/entity/Q35569	http://www.wikidata.org/entity/Q7351622
https://ehkultura.wikibase.cloud/entity/Q35792	http://www.wikidata.org/entity/Q8050043
https://ehkultura.wikibase.cloud/entity/Q35590	http://www.wikidata.org/entity/Q9151841
https://ehkultura.wikibase.cloud/entity/Q35550	http://www.wikidata.org/entity/Q11684904
https://ehkultura.wikibase.cloud/entity/Q35600	http://www.wikidata.org/entity/Q11928502
https://ehkultura.wikibase.cloud/entity/Q35656	http://www.wikidata.org/entity/Q13560755
https://ehkultura.wikibase.cloud/entity/Q35587	http://www.wikidata.org/entity/Q15222715
https://ehkultura.wikibase.cloud/entity/Q35877	http://www.wikidata.org/entity/Q15448993
https://ehkultura.wikibase.cloud/entity/Q35813	http://www.wikidata.org/entity/Q15635626
https://ehkultura.wikibase.cloud/entity/Q35702	http://www.wikidata.org/entity/Q21328728
https://ehkultura.wikibase.cloud/entity/Q36010	http://www.wikidata.org/entity/Q21426789
https://ehkultura.wikibase.cloud/entity/Q36012	http://www.wikidata.org/entity/Q21531390
https://ehkultura.wikibase.cloud/entity/Q35646	http://www.wikidata.org/entity/Q22672604
https://ehkultura.wikibase.cloud/entity/Q35831	http://www.wikidata.org/entity/Q22916713
https://ehkultura.wikibase.cloud/entity/Q35549	http://www.wikidata.org/entity/Q24042266
https://ehkultura.wikibase.cloud/entity/Q35697	http://www.wikidata.org/entity/Q29898087
https://ehkultura.wikibase.cloud/entity/Q35712	http://www.wikidata.org/entity/Q42309284
https://ehkultura.wikibase.cloud/entity/Q35596	http://www.wikidata.org/entity/Q42345447
https://ehkultura.wikibase.cloud/entity/Q35647	http://www.wikidata.org/entity/Q52500069
https://ehkultura.wikibase.cloud/entity/Q35551	http://www.wikidata.org/entity/Q55992801
https://ehkultura.wikibase.cloud/entity/Q35794	http://www.wikidata.org/entity/Q55990658
https://ehkultura.wikibase.cloud/entity/Q35644	http://www.wikidata.org/entity/Q71314242
https://ehkultura.wikibase.cloud/entity/Q35732	http://www.wikidata.org/entity/Q81233081
https://ehkultura.wikibase.cloud/entity/Q35718	http://www.wikidata.org/entity/Q85984033
https://ehkultura.wikibase.cloud/entity/Q35598	http://www.wikidata.org/entity/Q93386614
https://ehkultura.wikibase.cloud/entity/Q35793	http://www.wikidata.org/entity/Q93373403
https://ehkultura.wikibase.cloud/entity/Q35995	http://www.wikidata.org/entity/Q93373616
https://ehkultura.wikibase.cloud/entity/Q35871	http://www.wikidata.org/entity/Q105502369
https://ehkultura.wikibase.cloud/entity/Q35928	http://www.wikidata.org/entity/Q106664755
https://ehkultura.wikibase.cloud/entity/Q35978	http://www.wikidata.org/entity/Q108494060
https://ehkultura.wikibase.cloud/entity/Q35920	http://www.wikidata.org/entity/Q108697920
https://ehkultura.wikibase.cloud/entity/Q35936	http://www.wikidata.org/entity/Q111668629
https://ehkultura.wikibase.cloud/entity/Q35753	http://www.wikidata.org/entity/Q111985744
https://ehkultura.wikibase.cloud/entity/Q35608	http://www.wikidata.org/entity/Q112455425
https://ehkultura.wikibase.cloud/entity/Q35583	http://www.wikidata.org/entity/Q112634967
https://ehkultura.wikibase.cloud/entity/Q35578	http://www.wikidata.org/entity/Q113790639
https://ehkultura.wikibase.cloud/entity/Q35613	http://www.wikidata.org/entity/Q116172462
https://ehkultura.wikibase.cloud/entity/Q35684	http://www.wikidata.org/entity/Q117860615
https://ehkultura.wikibase.cloud/entity/Q35728	http://www.wikidata.org/entity/Q120592637
https://ehkultura.wikibase.cloud/entity/Q35895	http://www.wikidata.org/entity/Q122802230
https://ehkultura.wikibase.cloud/entity/Q35576	http://www.wikidata.org/entity/Q124849872
https://ehkultura.wikibase.cloud/entity/Q35653	http://www.wikidata.org/entity/Q132565212
https://ehkultura.wikibase.cloud/entity/Q35680	http://www.wikidata.org/entity/Q44032
https://ehkultura.wikibase.cloud/entity/Q35759	http://www.wikidata.org/entity/Q42
https://ehkultura.wikibase.cloud/entity/Q35764	http://www.wikidata.org/entity/Q47496
https://ehkultura.wikibase.cloud/entity/Q35887	http://www.wikidata.org/entity/Q34012
https://ehkultura.wikibase.cloud/entity/Q35886	http://www.wikidata.org/entity/Q51461
https://ehkultura.wikibase.cloud/entity/Q35894	http://www.wikidata.org/entity/Q51133
https://ehkultura.wikibase.cloud/entity/Q29609	http://www.wikidata.org/entity/Q76000
https://ehkultura.wikibase.cloud/entity/Q29785	http://www.wikidata.org/entity/Q76837
https://ehkultura.wikibase.cloud/entity/Q29788	http://www.wikidata.org/entity/Q77033
https://ehkultura.wikibase.cloud/entity/Q29703	http://www.wikidata.org/entity/Q153793
https://ehkultura.wikibase.cloud/entity/Q29583	http://www.wikidata.org/entity/Q191755
https://ehkultura.wikibase.cloud/entity/Q29786	http://www.wikidata.org/entity/Q220813
https://ehkultura.wikibase.cloud/entity/Q29608	http://www.wikidata.org/entity/Q272877
https://ehkultura.wikibase.cloud/entity/Q29795	http://www.wikidata.org/entity/Q266127
https://ehkultura.wikibase.cloud/entity/Q29627	http://www.wikidata.org/entity/Q321527
https://ehkultura.wikibase.cloud/entity/Q29808	http://www.wikidata.org/entity/Q295144
https://ehkultura.wikibase.cloud/entity/Q29687	http://www.wikidata.org/entity/Q326367
https://ehkultura.wikibase.cloud/entity/Q29739	http://www.wikidata.org/entity/Q365304
https://ehkultura.wikibase.cloud/entity/Q29611	http://www.wikidata.org/entity/Q443779
https://ehkultura.wikibase.cloud/entity/Q29754	http://www.wikidata.org/entity/Q469459
https://ehkultura.wikibase.cloud/entity/Q29794	http://www.wikidata.org/entity/Q461740
https://ehkultura.wikibase.cloud/entity/Q29824	http://www.wikidata.org/entity/Q460095
https://ehkultura.wikibase.cloud/entity/Q29711	http://www.wikidata.org/entity/Q604702
https://ehkultura.wikibase.cloud/entity/Q29821	http://www.wikidata.org/entity/Q603855
https://ehkultura.wikibase.cloud/entity/Q29604	http://www.wikidata.org/entity/Q722341
https://ehkultura.wikibase.cloud/entity/Q29618	http://www.wikidata.org/entity/Q734355
https://ehkultura.wikibase.cloud/entity/Q29672	http://www.wikidata.org/entity/Q725681
https://ehkultura.wikibase.cloud/entity/Q29589	http://www.wikidata.org/entity/Q867852
https://ehkultura.wikibase.cloud/entity/Q29667	http://www.wikidata.org/entity/Q873279
https://ehkultura.wikibase.cloud/entity/Q29784	http://www.wikidata.org/entity/Q878707
https://ehkultura.wikibase.cloud/entity/Q29664	http://www.wikidata.org/entity/Q1080884
https://ehkultura.wikibase.cloud/entity/Q29832	http://www.wikidata.org/entity/Q1093350
https://ehkultura.wikibase.cloud/entity/Q29602	http://www.wikidata.org/entity/Q1176790
https://ehkultura.wikibase.cloud/entity/Q29689	http://www.wikidata.org/entity/Q1167041
https://ehkultura.wikibase.cloud/entity/Q29740	http://www.wikidata.org/entity/Q1403669
https://ehkultura.wikibase.cloud/entity/Q29552	http://www.wikidata.org/entity/Q1522570
https://ehkultura.wikibase.cloud/entity/Q29777	http://www.wikidata.org/entity/Q1709949
https://ehkultura.wikibase.cloud/entity/Q29668	http://www.wikidata.org/entity/Q1903349
https://ehkultura.wikibase.cloud/entity/Q29567	http://www.wikidata.org/entity/Q1984891
https://ehkultura.wikibase.cloud/entity/Q29716	http://www.wikidata.org/entity/Q2071033
https://ehkultura.wikibase.cloud/entity/Q29831	http://www.wikidata.org/entity/Q2066459
https://ehkultura.wikibase.cloud/entity/Q29793	http://www.wikidata.org/entity/Q2585354
https://ehkultura.wikibase.cloud/entity/Q29636	http://www.wikidata.org/entity/Q2847746
https://ehkultura.wikibase.cloud/entity/Q29804	http://www.wikidata.org/entity/Q3106150
https://ehkultura.wikibase.cloud/entity/Q29660	http://www.wikidata.org/entity/Q3177057
https://ehkultura.wikibase.cloud/entity/Q29751	http://www.wikidata.org/entity/Q3384229
https://ehkultura.wikibase.cloud/entity/Q29826	http://www.wikidata.org/entity/Q3562411
https://ehkultura.wikibase.cloud/entity/Q29800	http://www.wikidata.org/entity/Q3615689
https://ehkultura.wikibase.cloud/entity/Q29593	http://www.wikidata.org/entity/Q3766950
https://ehkultura.wikibase.cloud/entity/Q29595	http://www.wikidata.org/entity/Q3822932
https://ehkultura.wikibase.cloud/entity/Q29630	http://www.wikidata.org/entity/Q3820714
https://ehkultura.wikibase.cloud/entity/Q29775	http://www.wikidata.org/entity/Q3791452
https://ehkultura.wikibase.cloud/entity/Q29779	http://www.wikidata.org/entity/Q4096551
https://ehkultura.wikibase.cloud/entity/Q29743	http://www.wikidata.org/entity/Q4815670
https://ehkultura.wikibase.cloud/entity/Q29811	http://www.wikidata.org/entity/Q4830820
https://ehkultura.wikibase.cloud/entity/Q29774	http://www.wikidata.org/entity/Q5041831
https://ehkultura.wikibase.cloud/entity/Q29827	http://www.wikidata.org/entity/Q5141856
https://ehkultura.wikibase.cloud/entity/Q29742	http://www.wikidata.org/entity/Q5475794
https://ehkultura.wikibase.cloud/entity/Q29825	http://www.wikidata.org/entity/Q5550291
https://ehkultura.wikibase.cloud/entity/Q29813	http://www.wikidata.org/entity/Q5950978
https://ehkultura.wikibase.cloud/entity/Q29681	http://www.wikidata.org/entity/Q5992321
https://ehkultura.wikibase.cloud/entity/Q29745	http://www.wikidata.org/entity/Q6089117
https://ehkultura.wikibase.cloud/entity/Q29807	http://www.wikidata.org/entity/Q6415540
https://ehkultura.wikibase.cloud/entity/Q29710	http://www.wikidata.org/entity/Q7150414
https://ehkultura.wikibase.cloud/entity/Q29560	http://www.wikidata.org/entity/Q9095296
https://ehkultura.wikibase.cloud/entity/Q29628	http://www.wikidata.org/entity/Q9093224
https://ehkultura.wikibase.cloud/entity/Q29830	http://www.wikidata.org/entity/Q10359463
https://ehkultura.wikibase.cloud/entity/Q29652	http://www.wikidata.org/entity/Q11076240
https://ehkultura.wikibase.cloud/entity/Q29723	http://www.wikidata.org/entity/Q11685969
https://ehkultura.wikibase.cloud/entity/Q29738	http://www.wikidata.org/entity/Q11954705
https://ehkultura.wikibase.cloud/entity/Q29646	http://www.wikidata.org/entity/Q12256256
https://ehkultura.wikibase.cloud/entity/Q29737	http://www.wikidata.org/entity/Q12255043
https://ehkultura.wikibase.cloud/entity/Q29814	http://www.wikidata.org/entity/Q12268847
https://ehkultura.wikibase.cloud/entity/Q29605	http://www.wikidata.org/entity/Q12402761
https://ehkultura.wikibase.cloud/entity/Q29557	http://www.wikidata.org/entity/Q15407996
https://ehkultura.wikibase.cloud/entity/Q29802	http://www.wikidata.org/entity/Q16188927
https://ehkultura.wikibase.cloud/entity/Q29736	http://www.wikidata.org/entity/Q17364310
https://ehkultura.wikibase.cloud/entity/Q29783	http://www.wikidata.org/entity/Q18592223
https://ehkultura.wikibase.cloud/entity/Q29691	http://www.wikidata.org/entity/Q19858053
https://ehkultura.wikibase.cloud/entity/Q29750	http://www.wikidata.org/entity/Q20003249
https://ehkultura.wikibase.cloud/entity/Q29622	http://www.wikidata.org/entity/Q20901611
https://ehkultura.wikibase.cloud/entity/Q29741	http://www.wikidata.org/entity/Q20995093
https://ehkultura.wikibase.cloud/entity/Q29574	http://www.wikidata.org/entity/Q22917723
https://ehkultura.wikibase.cloud/entity/Q29797	http://www.wikidata.org/entity/Q24067506
https://ehkultura.wikibase.cloud/entity/Q29601	http://www.wikidata.org/entity/Q26240383
https://ehkultura.wikibase.cloud/entity/Q29588	http://www.wikidata.org/entity/Q29001903
https://ehkultura.wikibase.cloud/entity/Q29762	http://www.wikidata.org/entity/Q30340520
https://ehkultura.wikibase.cloud/entity/Q29704	http://www.wikidata.org/entity/Q52148676
https://ehkultura.wikibase.cloud/entity/Q29658	http://www.wikidata.org/entity/Q60464945
https://ehkultura.wikibase.cloud/entity/Q29654	http://www.wikidata.org/entity/Q60830894
https://ehkultura.wikibase.cloud/entity/Q29679	http://www.wikidata.org/entity/Q64495664
https://ehkultura.wikibase.cloud/entity/Q29709	http://www.wikidata.org/entity/Q85695237
https://ehkultura.wikibase.cloud/entity/Q29580	http://www.wikidata.org/entity/Q88810352
https://ehkultura.wikibase.cloud/entity/Q29799	http://www.wikidata.org/entity/Q93266501
https://ehkultura.wikibase.cloud/entity/Q29746	http://www.wikidata.org/entity/Q94647428
https://ehkultura.wikibase.cloud/entity/Q29787	http://www.wikidata.org/entity/Q97066036
https://ehkultura.wikibase.cloud/entity/Q29692	http://www.wikidata.org/entity/Q97519685
https://ehkultura.wikibase.cloud/entity/Q29633	http://www.wikidata.org/entity/Q105659221
https://ehkultura.wikibase.cloud/entity/Q29780	http://www.wikidata.org/entity/Q105778334
https://ehkultura.wikibase.cloud/entity/Q29639	http://www.wikidata.org/entity/Q109527056
https://ehkultura.wikibase.cloud/entity/Q29579	http://www.wikidata.org/entity/Q110056095
https://ehkultura.wikibase.cloud/entity/Q29769	http://www.wikidata.org/entity/Q110081479
https://ehkultura.wikibase.cloud/entity/Q29571	http://www.wikidata.org/entity/Q40599
https://ehkultura.wikibase.cloud/entity/Q29635	http://www.wikidata.org/entity/Q26408
https://ehkultura.wikibase.cloud/entity/Q29810	http://www.wikidata.org/entity/Q55168
https://ehkultura.wikibase.cloud/entity/Q40869	http://www.wikidata.org/entity/Q80064
https://ehkultura.wikibase.cloud/entity/Q40873	http://www.wikidata.org/entity/Q107959
https://ehkultura.wikibase.cloud/entity/Q41278	http://www.wikidata.org/entity/Q158080
https://ehkultura.wikibase.cloud/entity/Q40858	http://www.wikidata.org/entity/Q262413
https://ehkultura.wikibase.cloud/entity/Q41118	http://www.wikidata.org/entity/Q207960
https://ehkultura.wikibase.cloud/entity/Q41220	http://www.wikidata.org/entity/Q205739
https://ehkultura.wikibase.cloud/entity/Q40861	http://www.wikidata.org/entity/Q459310
https://ehkultura.wikibase.cloud/entity/Q41209	http://www.wikidata.org/entity/Q453440
https://ehkultura.wikibase.cloud/entity/Q40914	http://www.wikidata.org/entity/Q525918
https://ehkultura.wikibase.cloud/entity/Q40852	http://www.wikidata.org/entity/Q541526
https://ehkultura.wikibase.cloud/entity/Q41218	http://www.wikidata.org/entity/Q457015
https://ehkultura.wikibase.cloud/entity/Q31380	http://www.wikidata.org/entity/Q434813
https://ehkultura.wikibase.cloud/entity/Q31288	http://www.wikidata.org/entity/Q531113
https://ehkultura.wikibase.cloud/entity/Q31280	http://www.wikidata.org/entity/Q555324
https://ehkultura.wikibase.cloud/entity/Q31370	http://www.wikidata.org/entity/Q537838
https://ehkultura.wikibase.cloud/entity/Q31275	http://www.wikidata.org/entity/Q702439
https://ehkultura.wikibase.cloud/entity/Q31341	http://www.wikidata.org/entity/Q688444
https://ehkultura.wikibase.cloud/entity/Q31329	http://www.wikidata.org/entity/Q707877
https://ehkultura.wikibase.cloud/entity/Q31433	http://www.wikidata.org/entity/Q1006191
https://ehkultura.wikibase.cloud/entity/Q31291	http://www.wikidata.org/entity/Q1219296
https://ehkultura.wikibase.cloud/entity/Q31387	http://www.wikidata.org/entity/Q1225543
https://ehkultura.wikibase.cloud/entity/Q31414	http://www.wikidata.org/entity/Q1225543
https://ehkultura.wikibase.cloud/entity/Q31270	http://www.wikidata.org/entity/Q1332698
https://ehkultura.wikibase.cloud/entity/Q31350	http://www.wikidata.org/entity/Q1426480
https://ehkultura.wikibase.cloud/entity/Q31402	http://www.wikidata.org/entity/Q1533178
https://ehkultura.wikibase.cloud/entity/Q31238	http://www.wikidata.org/entity/Q1663640
https://ehkultura.wikibase.cloud/entity/Q31279	http://www.wikidata.org/entity/Q1677981
https://ehkultura.wikibase.cloud/entity/Q31295	http://www.wikidata.org/entity/Q1680032
https://ehkultura.wikibase.cloud/entity/Q31354	http://www.wikidata.org/entity/Q1691084
https://ehkultura.wikibase.cloud/entity/Q31338	http://www.wikidata.org/entity/Q1710483
https://ehkultura.wikibase.cloud/entity/Q31320	http://www.wikidata.org/entity/Q1876397
https://ehkultura.wikibase.cloud/entity/Q31228	http://www.wikidata.org/entity/Q2346435
https://ehkultura.wikibase.cloud/entity/Q31470	http://www.wikidata.org/entity/Q2446531
https://ehkultura.wikibase.cloud/entity/Q31364	http://www.wikidata.org/entity/Q3081751
https://ehkultura.wikibase.cloud/entity/Q31307	http://www.wikidata.org/entity/Q3123977
https://ehkultura.wikibase.cloud/entity/Q31371	http://www.wikidata.org/entity/Q3379829
https://ehkultura.wikibase.cloud/entity/Q31368	http://www.wikidata.org/entity/Q3384259
https://ehkultura.wikibase.cloud/entity/Q31403	http://www.wikidata.org/entity/Q3380721
https://ehkultura.wikibase.cloud/entity/Q31441	http://www.wikidata.org/entity/Q3702169
https://ehkultura.wikibase.cloud/entity/Q31353	http://www.wikidata.org/entity/Q3738050
https://ehkultura.wikibase.cloud/entity/Q31412	http://www.wikidata.org/entity/Q3749356
https://ehkultura.wikibase.cloud/entity/Q31410	http://www.wikidata.org/entity/Q3932602
https://ehkultura.wikibase.cloud/entity/Q31274	http://www.wikidata.org/entity/Q4776362
https://ehkultura.wikibase.cloud/entity/Q31382	http://www.wikidata.org/entity/Q4775736
https://ehkultura.wikibase.cloud/entity/Q31468	http://www.wikidata.org/entity/Q5396371
https://ehkultura.wikibase.cloud/entity/Q31474	http://www.wikidata.org/entity/Q5751933
https://ehkultura.wikibase.cloud/entity/Q31285	http://www.wikidata.org/entity/Q5875299
https://ehkultura.wikibase.cloud/entity/Q31491	http://www.wikidata.org/entity/Q5949777
https://ehkultura.wikibase.cloud/entity/Q31431	http://www.wikidata.org/entity/Q6369637
https://ehkultura.wikibase.cloud/entity/Q31465	http://www.wikidata.org/entity/Q6828778
https://ehkultura.wikibase.cloud/entity/Q31297	http://www.wikidata.org/entity/Q8069057
https://ehkultura.wikibase.cloud/entity/Q31451	http://www.wikidata.org/entity/Q9069878
https://ehkultura.wikibase.cloud/entity/Q31273	http://www.wikidata.org/entity/Q11309296
https://ehkultura.wikibase.cloud/entity/Q31486	http://www.wikidata.org/entity/Q11690955
https://ehkultura.wikibase.cloud/entity/Q31233	http://www.wikidata.org/entity/Q12255856
https://ehkultura.wikibase.cloud/entity/Q31259	http://www.wikidata.org/entity/Q12259458
https://ehkultura.wikibase.cloud/entity/Q31276	http://www.wikidata.org/entity/Q16014867
https://ehkultura.wikibase.cloud/entity/Q31434	http://www.wikidata.org/entity/Q16860439
https://ehkultura.wikibase.cloud/entity/Q31272	http://www.wikidata.org/entity/Q19863860
https://ehkultura.wikibase.cloud/entity/Q31310	http://www.wikidata.org/entity/Q21065585
https://ehkultura.wikibase.cloud/entity/Q31411	http://www.wikidata.org/entity/Q23309779
https://ehkultura.wikibase.cloud/entity/Q31315	http://www.wikidata.org/entity/Q23760629
https://ehkultura.wikibase.cloud/entity/Q31362	http://www.wikidata.org/entity/Q23759538
https://ehkultura.wikibase.cloud/entity/Q31424	http://www.wikidata.org/entity/Q23782397
https://ehkultura.wikibase.cloud/entity/Q31390	http://www.wikidata.org/entity/Q23795336
https://ehkultura.wikibase.cloud/entity/Q31488	http://www.wikidata.org/entity/Q23796161
https://ehkultura.wikibase.cloud/entity/Q31222	http://www.wikidata.org/entity/Q28320323
https://ehkultura.wikibase.cloud/entity/Q31379	http://www.wikidata.org/entity/Q28836301
https://ehkultura.wikibase.cloud/entity/Q31372	http://www.wikidata.org/entity/Q53550964
https://ehkultura.wikibase.cloud/entity/Q31360	http://www.wikidata.org/entity/Q55687554
https://ehkultura.wikibase.cloud/entity/Q31319	http://www.wikidata.org/entity/Q55725975
https://ehkultura.wikibase.cloud/entity/Q31348	http://www.wikidata.org/entity/Q55998394
https://ehkultura.wikibase.cloud/entity/Q31343	http://www.wikidata.org/entity/Q59201784
https://ehkultura.wikibase.cloud/entity/Q31286	http://www.wikidata.org/entity/Q59458790
https://ehkultura.wikibase.cloud/entity/Q31462	http://www.wikidata.org/entity/Q59525012
https://ehkultura.wikibase.cloud/entity/Q31306	http://www.wikidata.org/entity/Q61959591
https://ehkultura.wikibase.cloud/entity/Q31454	http://www.wikidata.org/entity/Q76181516
https://ehkultura.wikibase.cloud/entity/Q31377	http://www.wikidata.org/entity/Q77325234
https://ehkultura.wikibase.cloud/entity/Q31326	http://www.wikidata.org/entity/Q85448981
https://ehkultura.wikibase.cloud/entity/Q31413	http://www.wikidata.org/entity/Q93370383
https://ehkultura.wikibase.cloud/entity/Q31305	http://www.wikidata.org/entity/Q93431025
https://ehkultura.wikibase.cloud/entity/Q31345	http://www.wikidata.org/entity/Q94913124
https://ehkultura.wikibase.cloud/entity/Q31384	http://www.wikidata.org/entity/Q95191408
https://ehkultura.wikibase.cloud/entity/Q31428	http://www.wikidata.org/entity/Q95190096
https://ehkultura.wikibase.cloud/entity/Q31247	http://www.wikidata.org/entity/Q99495258
https://ehkultura.wikibase.cloud/entity/Q31352	http://www.wikidata.org/entity/Q99492734
https://ehkultura.wikibase.cloud/entity/Q31442	http://www.wikidata.org/entity/Q99955304
https://ehkultura.wikibase.cloud/entity/Q31487	http://www.wikidata.org/entity/Q106085400
https://ehkultura.wikibase.cloud/entity/Q31475	http://www.wikidata.org/entity/Q110037810
https://ehkultura.wikibase.cloud/entity/Q31254	http://www.wikidata.org/entity/Q111976272
https://ehkultura.wikibase.cloud/entity/Q31308	http://www.wikidata.org/entity/Q112478739
https://ehkultura.wikibase.cloud/entity/Q31455	http://www.wikidata.org/entity/Q112456683
https://ehkultura.wikibase.cloud/entity/Q31426	http://www.wikidata.org/entity/Q112494992
https://ehkultura.wikibase.cloud/entity/Q31258	http://www.wikidata.org/entity/Q124848580
https://ehkultura.wikibase.cloud/entity/Q31281	http://www.wikidata.org/entity/Q129485592
https://ehkultura.wikibase.cloud/entity/Q31232	http://www.wikidata.org/entity/Q7374
https://ehkultura.wikibase.cloud/entity/Q31321	http://www.wikidata.org/entity/Q37693
https://ehkultura.wikibase.cloud/entity/Q31415	http://www.wikidata.org/entity/Q16409
https://ehkultura.wikibase.cloud/entity/Q31453	http://www.wikidata.org/entity/Q61616
https://ehkultura.wikibase.cloud/entity/Q41071	http://www.wikidata.org/entity/Q540510
https://ehkultura.wikibase.cloud/entity/Q40767	http://www.wikidata.org/entity/Q680377
https://ehkultura.wikibase.cloud/entity/Q41232	http://www.wikidata.org/entity/Q615701
https://ehkultura.wikibase.cloud/entity/Q40789	http://www.wikidata.org/entity/Q726169
https://ehkultura.wikibase.cloud/entity/Q41141	http://www.wikidata.org/entity/Q704609
https://ehkultura.wikibase.cloud/entity/Q41225	http://www.wikidata.org/entity/Q953734
https://ehkultura.wikibase.cloud/entity/Q41064	http://www.wikidata.org/entity/Q1056780
https://ehkultura.wikibase.cloud/entity/Q40815	http://www.wikidata.org/entity/Q1236969
https://ehkultura.wikibase.cloud/entity/Q41211	http://www.wikidata.org/entity/Q1150229
https://ehkultura.wikibase.cloud/entity/Q41195	http://www.wikidata.org/entity/Q1158576
https://ehkultura.wikibase.cloud/entity/Q40829	http://www.wikidata.org/entity/Q1396516
https://ehkultura.wikibase.cloud/entity/Q40988	http://www.wikidata.org/entity/Q1635995
https://ehkultura.wikibase.cloud/entity/Q40822	http://www.wikidata.org/entity/Q1726813
https://ehkultura.wikibase.cloud/entity/Q41119	http://www.wikidata.org/entity/Q1699538
https://ehkultura.wikibase.cloud/entity/Q40909	http://www.wikidata.org/entity/Q2015324
https://ehkultura.wikibase.cloud/entity/Q40978	http://www.wikidata.org/entity/Q2422310
https://ehkultura.wikibase.cloud/entity/Q41163	http://www.wikidata.org/entity/Q2746766
https://ehkultura.wikibase.cloud/entity/Q40773	http://www.wikidata.org/entity/Q2965253
https://ehkultura.wikibase.cloud/entity/Q41005	http://www.wikidata.org/entity/Q2917665
https://ehkultura.wikibase.cloud/entity/Q40951	http://www.wikidata.org/entity/Q3027425
https://ehkultura.wikibase.cloud/entity/Q41169	http://www.wikidata.org/entity/Q2978548
https://ehkultura.wikibase.cloud/entity/Q40817	http://www.wikidata.org/entity/Q3173446
https://ehkultura.wikibase.cloud/entity/Q40819	http://www.wikidata.org/entity/Q3190806
https://ehkultura.wikibase.cloud/entity/Q41068	http://www.wikidata.org/entity/Q3370197
https://ehkultura.wikibase.cloud/entity/Q41065	http://www.wikidata.org/entity/Q3766952
https://ehkultura.wikibase.cloud/entity/Q41216	http://www.wikidata.org/entity/Q3774873
https://ehkultura.wikibase.cloud/entity/Q40847	http://www.wikidata.org/entity/Q4363055
https://ehkultura.wikibase.cloud/entity/Q41007	http://www.wikidata.org/entity/Q4407974
https://ehkultura.wikibase.cloud/entity/Q41152	http://www.wikidata.org/entity/Q5485095
https://ehkultura.wikibase.cloud/entity/Q41269	http://www.wikidata.org/entity/Q5849359
https://ehkultura.wikibase.cloud/entity/Q41206	http://www.wikidata.org/entity/Q6006167
https://ehkultura.wikibase.cloud/entity/Q41113	http://www.wikidata.org/entity/Q6279834
https://ehkultura.wikibase.cloud/entity/Q40862	http://www.wikidata.org/entity/Q6536296
https://ehkultura.wikibase.cloud/entity/Q40807	http://www.wikidata.org/entity/Q6774145
https://ehkultura.wikibase.cloud/entity/Q41263	http://www.wikidata.org/entity/Q11945525
https://ehkultura.wikibase.cloud/entity/Q41174	http://www.wikidata.org/entity/Q16039625
https://ehkultura.wikibase.cloud/entity/Q40875	http://www.wikidata.org/entity/Q16439305
https://ehkultura.wikibase.cloud/entity/Q40924	http://www.wikidata.org/entity/Q16493236
https://ehkultura.wikibase.cloud/entity/Q41230	http://www.wikidata.org/entity/Q17029927
https://ehkultura.wikibase.cloud/entity/Q41193	http://www.wikidata.org/entity/Q18097209
https://ehkultura.wikibase.cloud/entity/Q41253	http://www.wikidata.org/entity/Q19299842
https://ehkultura.wikibase.cloud/entity/Q41098	http://www.wikidata.org/entity/Q20533741
https://ehkultura.wikibase.cloud/entity/Q40921	http://www.wikidata.org/entity/Q20876002
https://ehkultura.wikibase.cloud/entity/Q41038	http://www.wikidata.org/entity/Q20858338
https://ehkultura.wikibase.cloud/entity/Q41060	http://www.wikidata.org/entity/Q21003115
https://ehkultura.wikibase.cloud/entity/Q41215	http://www.wikidata.org/entity/Q21097713
https://ehkultura.wikibase.cloud/entity/Q41047	http://www.wikidata.org/entity/Q21810738
https://ehkultura.wikibase.cloud/entity/Q40993	http://www.wikidata.org/entity/Q23061353
https://ehkultura.wikibase.cloud/entity/Q40979	http://www.wikidata.org/entity/Q27684997
https://ehkultura.wikibase.cloud/entity/Q41244	http://www.wikidata.org/entity/Q29121887
https://ehkultura.wikibase.cloud/entity/Q41004	http://www.wikidata.org/entity/Q29906055
https://ehkultura.wikibase.cloud/entity/Q41201	http://www.wikidata.org/entity/Q33222642
https://ehkultura.wikibase.cloud/entity/Q40771	http://www.wikidata.org/entity/Q37767385
https://ehkultura.wikibase.cloud/entity/Q41067	http://www.wikidata.org/entity/Q43379994
https://ehkultura.wikibase.cloud/entity/Q40797	http://www.wikidata.org/entity/Q48319197
https://ehkultura.wikibase.cloud/entity/Q41185	http://www.wikidata.org/entity/Q49230884
https://ehkultura.wikibase.cloud/entity/Q41056	http://www.wikidata.org/entity/Q51881689
https://ehkultura.wikibase.cloud/entity/Q41214	http://www.wikidata.org/entity/Q55589769
https://ehkultura.wikibase.cloud/entity/Q41142	http://www.wikidata.org/entity/Q58006587
https://ehkultura.wikibase.cloud/entity/Q40994	http://www.wikidata.org/entity/Q59525684
https://ehkultura.wikibase.cloud/entity/Q41145	http://www.wikidata.org/entity/Q59531716
https://ehkultura.wikibase.cloud/entity/Q41058	http://www.wikidata.org/entity/Q74581461
https://ehkultura.wikibase.cloud/entity/Q40920	http://www.wikidata.org/entity/Q84600895
https://ehkultura.wikibase.cloud/entity/Q41035	http://www.wikidata.org/entity/Q85358357
https://ehkultura.wikibase.cloud/entity/Q40919	http://www.wikidata.org/entity/Q94375763
https://ehkultura.wikibase.cloud/entity/Q40897	http://www.wikidata.org/entity/Q94661731
https://ehkultura.wikibase.cloud/entity/Q40962	http://www.wikidata.org/entity/Q95281436
https://ehkultura.wikibase.cloud/entity/Q41159	http://www.wikidata.org/entity/Q99501166
https://ehkultura.wikibase.cloud/entity/Q40810	http://www.wikidata.org/entity/Q102395292
https://ehkultura.wikibase.cloud/entity/Q41033	http://www.wikidata.org/entity/Q105323599
https://ehkultura.wikibase.cloud/entity/Q40991	http://www.wikidata.org/entity/Q108529331
https://ehkultura.wikibase.cloud/entity/Q41034	http://www.wikidata.org/entity/Q110125628
https://ehkultura.wikibase.cloud/entity/Q40832	http://www.wikidata.org/entity/Q111828896
https://ehkultura.wikibase.cloud/entity/Q40775	http://www.wikidata.org/entity/Q112264413
https://ehkultura.wikibase.cloud/entity/Q41000	http://www.wikidata.org/entity/Q112481091
https://ehkultura.wikibase.cloud/entity/Q41154	http://www.wikidata.org/entity/Q112452251
https://ehkultura.wikibase.cloud/entity/Q41153	http://www.wikidata.org/entity/Q113044383
https://ehkultura.wikibase.cloud/entity/Q40827	http://www.wikidata.org/entity/Q114862210
https://ehkultura.wikibase.cloud/entity/Q41074	http://www.wikidata.org/entity/Q115867260
https://ehkultura.wikibase.cloud/entity/Q41177	http://www.wikidata.org/entity/Q120402826
https://ehkultura.wikibase.cloud/entity/Q40975	http://www.wikidata.org/entity/Q120598047
https://ehkultura.wikibase.cloud/entity/Q40856	http://www.wikidata.org/entity/Q124857762
https://ehkultura.wikibase.cloud/entity/Q41249	http://www.wikidata.org/entity/Q131052887
https://ehkultura.wikibase.cloud/entity/Q40901	http://www.wikidata.org/entity/Q134954171
https://ehkultura.wikibase.cloud/entity/Q41001	http://www.wikidata.org/entity/Q136214769
https://ehkultura.wikibase.cloud/entity/Q40984	http://www.wikidata.org/entity/Q5580
https://ehkultura.wikibase.cloud/entity/Q33712	http://www.wikidata.org/entity/Q102289
https://ehkultura.wikibase.cloud/entity/Q33837	http://www.wikidata.org/entity/Q78704
https://ehkultura.wikibase.cloud/entity/Q33740	http://www.wikidata.org/entity/Q139453
https://ehkultura.wikibase.cloud/entity/Q33603	http://www.wikidata.org/entity/Q309648
https://ehkultura.wikibase.cloud/entity/Q33746	http://www.wikidata.org/entity/Q275610
https://ehkultura.wikibase.cloud/entity/Q33647	http://www.wikidata.org/entity/Q317164
https://ehkultura.wikibase.cloud/entity/Q33683	http://www.wikidata.org/entity/Q309754
https://ehkultura.wikibase.cloud/entity/Q33830	http://www.wikidata.org/entity/Q295589
https://ehkultura.wikibase.cloud/entity/Q33608	http://www.wikidata.org/entity/Q369756
https://ehkultura.wikibase.cloud/entity/Q33868	http://www.wikidata.org/entity/Q369916
https://ehkultura.wikibase.cloud/entity/Q33605	http://www.wikidata.org/entity/Q434610
https://ehkultura.wikibase.cloud/entity/Q33581	http://www.wikidata.org/entity/Q444857
https://ehkultura.wikibase.cloud/entity/Q33747	http://www.wikidata.org/entity/Q454486
https://ehkultura.wikibase.cloud/entity/Q33862	http://www.wikidata.org/entity/Q428928
https://ehkultura.wikibase.cloud/entity/Q35431	http://www.wikidata.org/entity/Q154717
https://ehkultura.wikibase.cloud/entity/Q35240	http://www.wikidata.org/entity/Q315744
https://ehkultura.wikibase.cloud/entity/Q35480	http://www.wikidata.org/entity/Q283088
https://ehkultura.wikibase.cloud/entity/Q35370	http://www.wikidata.org/entity/Q313044
https://ehkultura.wikibase.cloud/entity/Q35454	http://www.wikidata.org/entity/Q318319
https://ehkultura.wikibase.cloud/entity/Q35421	http://www.wikidata.org/entity/Q326011
https://ehkultura.wikibase.cloud/entity/Q35482	http://www.wikidata.org/entity/Q380237
https://ehkultura.wikibase.cloud/entity/Q35205	http://www.wikidata.org/entity/Q446451
https://ehkultura.wikibase.cloud/entity/Q35459	http://www.wikidata.org/entity/Q444277
https://ehkultura.wikibase.cloud/entity/Q35337	http://www.wikidata.org/entity/Q523525
https://ehkultura.wikibase.cloud/entity/Q35221	http://www.wikidata.org/entity/Q565834
https://ehkultura.wikibase.cloud/entity/Q35483	http://www.wikidata.org/entity/Q563517
https://ehkultura.wikibase.cloud/entity/Q35292	http://www.wikidata.org/entity/Q610255
https://ehkultura.wikibase.cloud/entity/Q35264	http://www.wikidata.org/entity/Q723669
https://ehkultura.wikibase.cloud/entity/Q35418	http://www.wikidata.org/entity/Q742799
https://ehkultura.wikibase.cloud/entity/Q35354	http://www.wikidata.org/entity/Q784641
https://ehkultura.wikibase.cloud/entity/Q35356	http://www.wikidata.org/entity/Q940399
https://ehkultura.wikibase.cloud/entity/Q35499	http://www.wikidata.org/entity/Q950570
https://ehkultura.wikibase.cloud/entity/Q35543	http://www.wikidata.org/entity/Q973528
https://ehkultura.wikibase.cloud/entity/Q35185	http://www.wikidata.org/entity/Q1097509
https://ehkultura.wikibase.cloud/entity/Q35239	http://www.wikidata.org/entity/Q1096682
https://ehkultura.wikibase.cloud/entity/Q35507	http://www.wikidata.org/entity/Q1386188
https://ehkultura.wikibase.cloud/entity/Q35236	http://www.wikidata.org/entity/Q1452750
https://ehkultura.wikibase.cloud/entity/Q35326	http://www.wikidata.org/entity/Q1523713
https://ehkultura.wikibase.cloud/entity/Q35391	http://www.wikidata.org/entity/Q1542644
https://ehkultura.wikibase.cloud/entity/Q35528	http://www.wikidata.org/entity/Q1661813
https://ehkultura.wikibase.cloud/entity/Q35184	http://www.wikidata.org/entity/Q1856626
https://ehkultura.wikibase.cloud/entity/Q35369	http://www.wikidata.org/entity/Q2046611
https://ehkultura.wikibase.cloud/entity/Q35288	http://www.wikidata.org/entity/Q2244791
https://ehkultura.wikibase.cloud/entity/Q35190	http://www.wikidata.org/entity/Q2405815
https://ehkultura.wikibase.cloud/entity/Q35406	http://www.wikidata.org/entity/Q2423760
https://ehkultura.wikibase.cloud/entity/Q35469	http://www.wikidata.org/entity/Q2646339
https://ehkultura.wikibase.cloud/entity/Q35335	http://www.wikidata.org/entity/Q2857292
https://ehkultura.wikibase.cloud/entity/Q35502	http://www.wikidata.org/entity/Q2850501
https://ehkultura.wikibase.cloud/entity/Q35319	http://www.wikidata.org/entity/Q2976952
https://ehkultura.wikibase.cloud/entity/Q35409	http://www.wikidata.org/entity/Q2965124
https://ehkultura.wikibase.cloud/entity/Q35247	http://www.wikidata.org/entity/Q3016165
https://ehkultura.wikibase.cloud/entity/Q35181	http://www.wikidata.org/entity/Q3092424
https://ehkultura.wikibase.cloud/entity/Q35546	http://www.wikidata.org/entity/Q3054342
https://ehkultura.wikibase.cloud/entity/Q35225	http://www.wikidata.org/entity/Q3132685
https://ehkultura.wikibase.cloud/entity/Q35478	http://www.wikidata.org/entity/Q3121665
https://ehkultura.wikibase.cloud/entity/Q35220	http://www.wikidata.org/entity/Q3186202
https://ehkultura.wikibase.cloud/entity/Q35427	http://www.wikidata.org/entity/Q3309681
https://ehkultura.wikibase.cloud/entity/Q35275	http://www.wikidata.org/entity/Q3531444
https://ehkultura.wikibase.cloud/entity/Q35200	http://www.wikidata.org/entity/Q4241969
https://ehkultura.wikibase.cloud/entity/Q35206	http://www.wikidata.org/entity/Q4679085
https://ehkultura.wikibase.cloud/entity/Q35267	http://www.wikidata.org/entity/Q4726061
https://ehkultura.wikibase.cloud/entity/Q35524	http://www.wikidata.org/entity/Q4775366
https://ehkultura.wikibase.cloud/entity/Q35314	http://www.wikidata.org/entity/Q5213449
https://ehkultura.wikibase.cloud/entity/Q35506	http://www.wikidata.org/entity/Q5726784
https://ehkultura.wikibase.cloud/entity/Q35177	http://www.wikidata.org/entity/Q5859687
https://ehkultura.wikibase.cloud/entity/Q35334	http://www.wikidata.org/entity/Q5829252
https://ehkultura.wikibase.cloud/entity/Q35187	http://www.wikidata.org/entity/Q6003620
https://ehkultura.wikibase.cloud/entity/Q35214	http://www.wikidata.org/entity/Q6121197
https://ehkultura.wikibase.cloud/entity/Q35462	http://www.wikidata.org/entity/Q6120828
https://ehkultura.wikibase.cloud/entity/Q35491	http://www.wikidata.org/entity/Q6390076
https://ehkultura.wikibase.cloud/entity/Q35493	http://www.wikidata.org/entity/Q7610760
https://ehkultura.wikibase.cloud/entity/Q35341	http://www.wikidata.org/entity/Q9013192
https://ehkultura.wikibase.cloud/entity/Q35407	http://www.wikidata.org/entity/Q9027777
https://ehkultura.wikibase.cloud/entity/Q35318	http://www.wikidata.org/entity/Q9053106
https://ehkultura.wikibase.cloud/entity/Q35283	http://www.wikidata.org/entity/Q10585168
https://ehkultura.wikibase.cloud/entity/Q35481	http://www.wikidata.org/entity/Q15456480
https://ehkultura.wikibase.cloud/entity/Q35210	http://www.wikidata.org/entity/Q15635899
https://ehkultura.wikibase.cloud/entity/Q35484	http://www.wikidata.org/entity/Q16728205
https://ehkultura.wikibase.cloud/entity/Q35311	http://www.wikidata.org/entity/Q17281126
https://ehkultura.wikibase.cloud/entity/Q35194	http://www.wikidata.org/entity/Q18354443
https://ehkultura.wikibase.cloud/entity/Q35211	http://www.wikidata.org/entity/Q18596371
https://ehkultura.wikibase.cloud/entity/Q35182	http://www.wikidata.org/entity/Q18744694
https://ehkultura.wikibase.cloud/entity/Q35396	http://www.wikidata.org/entity/Q19269177
https://ehkultura.wikibase.cloud/entity/Q35357	http://www.wikidata.org/entity/Q20856682
https://ehkultura.wikibase.cloud/entity/Q35398	http://www.wikidata.org/entity/Q20876282
https://ehkultura.wikibase.cloud/entity/Q35268	http://www.wikidata.org/entity/Q24593537
https://ehkultura.wikibase.cloud/entity/Q35289	http://www.wikidata.org/entity/Q27507388
https://ehkultura.wikibase.cloud/entity/Q35195	http://www.wikidata.org/entity/Q28012431
https://ehkultura.wikibase.cloud/entity/Q35375	http://www.wikidata.org/entity/Q30018532
https://ehkultura.wikibase.cloud/entity/Q35395	http://www.wikidata.org/entity/Q30338117
https://ehkultura.wikibase.cloud/entity/Q35477	http://www.wikidata.org/entity/Q39942698
https://ehkultura.wikibase.cloud/entity/Q35451	http://www.wikidata.org/entity/Q53548599
https://ehkultura.wikibase.cloud/entity/Q35497	http://www.wikidata.org/entity/Q62559683
https://ehkultura.wikibase.cloud/entity/Q35203	http://www.wikidata.org/entity/Q93253234
https://ehkultura.wikibase.cloud/entity/Q35430	http://www.wikidata.org/entity/Q93386886
https://ehkultura.wikibase.cloud/entity/Q35171	http://www.wikidata.org/entity/Q95672660
https://ehkultura.wikibase.cloud/entity/Q35500	http://www.wikidata.org/entity/Q97515320
https://ehkultura.wikibase.cloud/entity/Q35364	http://www.wikidata.org/entity/Q98761560
https://ehkultura.wikibase.cloud/entity/Q35466	http://www.wikidata.org/entity/Q102347408
https://ehkultura.wikibase.cloud/entity/Q35351	http://www.wikidata.org/entity/Q106693038
https://ehkultura.wikibase.cloud/entity/Q35328	http://www.wikidata.org/entity/Q107673290
https://ehkultura.wikibase.cloud/entity/Q35536	http://www.wikidata.org/entity/Q110081321
https://ehkultura.wikibase.cloud/entity/Q35340	http://www.wikidata.org/entity/Q112496124
https://ehkultura.wikibase.cloud/entity/Q35531	http://www.wikidata.org/entity/Q112816929
https://ehkultura.wikibase.cloud/entity/Q35197	http://www.wikidata.org/entity/Q124870035
https://ehkultura.wikibase.cloud/entity/Q35327	http://www.wikidata.org/entity/Q125746778
https://ehkultura.wikibase.cloud/entity/Q35402	http://www.wikidata.org/entity/Q132348608
https://ehkultura.wikibase.cloud/entity/Q35234	http://www.wikidata.org/entity/Q48765
https://ehkultura.wikibase.cloud/entity/Q35383	http://www.wikidata.org/entity/Q31923
https://ehkultura.wikibase.cloud/entity/Q35262	http://www.wikidata.org/entity/Q60694
https://ehkultura.wikibase.cloud/entity/Q35487	http://www.wikidata.org/entity/Q55208
https://ehkultura.wikibase.cloud/entity/Q35513	http://www.wikidata.org/entity/Q53026
https://ehkultura.wikibase.cloud/entity/Q35529	http://www.wikidata.org/entity/Q55444
https://ehkultura.wikibase.cloud/entity/Q35542	http://www.wikidata.org/entity/Q53006
https://ehkultura.wikibase.cloud/entity/Q44308	http://www.wikidata.org/entity/Q82409
https://ehkultura.wikibase.cloud/entity/Q44395	http://www.wikidata.org/entity/Q84153
https://ehkultura.wikibase.cloud/entity/Q44027	http://www.wikidata.org/entity/Q217619
https://ehkultura.wikibase.cloud/entity/Q44221	http://www.wikidata.org/entity/Q215949
https://ehkultura.wikibase.cloud/entity/Q44237	http://www.wikidata.org/entity/Q239419
https://ehkultura.wikibase.cloud/entity/Q44295	http://www.wikidata.org/entity/Q273234
https://ehkultura.wikibase.cloud/entity/Q44188	http://www.wikidata.org/entity/Q322216
https://ehkultura.wikibase.cloud/entity/Q44174	http://www.wikidata.org/entity/Q381950
https://ehkultura.wikibase.cloud/entity/Q44000	http://www.wikidata.org/entity/Q462092
https://ehkultura.wikibase.cloud/entity/Q44283	http://www.wikidata.org/entity/Q497843
https://ehkultura.wikibase.cloud/entity/Q44094	http://www.wikidata.org/entity/Q547200
https://ehkultura.wikibase.cloud/entity/Q44235	http://www.wikidata.org/entity/Q546374
https://ehkultura.wikibase.cloud/entity/Q44002	http://www.wikidata.org/entity/Q720435
https://ehkultura.wikibase.cloud/entity/Q44246	http://www.wikidata.org/entity/Q711391
https://ehkultura.wikibase.cloud/entity/Q43942	http://www.wikidata.org/entity/Q825523
https://ehkultura.wikibase.cloud/entity/Q44311	http://www.wikidata.org/entity/Q828230
https://ehkultura.wikibase.cloud/entity/Q44035	http://www.wikidata.org/entity/Q955980
https://ehkultura.wikibase.cloud/entity/Q44199	http://www.wikidata.org/entity/Q1189056
https://ehkultura.wikibase.cloud/entity/Q44405	http://www.wikidata.org/entity/Q1223367
https://ehkultura.wikibase.cloud/entity/Q44377	http://www.wikidata.org/entity/Q1264872
https://ehkultura.wikibase.cloud/entity/Q44396	http://www.wikidata.org/entity/Q1283236
https://ehkultura.wikibase.cloud/entity/Q44136	http://www.wikidata.org/entity/Q1351325
https://ehkultura.wikibase.cloud/entity/Q44297	http://www.wikidata.org/entity/Q1440596
https://ehkultura.wikibase.cloud/entity/Q44328	http://www.wikidata.org/entity/Q1684820
https://ehkultura.wikibase.cloud/entity/Q44102	http://www.wikidata.org/entity/Q1745240
https://ehkultura.wikibase.cloud/entity/Q44279	http://www.wikidata.org/entity/Q1985807
https://ehkultura.wikibase.cloud/entity/Q44300	http://www.wikidata.org/entity/Q2018743
https://ehkultura.wikibase.cloud/entity/Q44010	http://www.wikidata.org/entity/Q2228607
https://ehkultura.wikibase.cloud/entity/Q44046	http://www.wikidata.org/entity/Q2317938
https://ehkultura.wikibase.cloud/entity/Q43919	http://www.wikidata.org/entity/Q2841467
https://ehkultura.wikibase.cloud/entity/Q44003	http://www.wikidata.org/entity/Q3191056
https://ehkultura.wikibase.cloud/entity/Q44001	http://www.wikidata.org/entity/Q3195118
https://ehkultura.wikibase.cloud/entity/Q44316	http://www.wikidata.org/entity/Q3160975
https://ehkultura.wikibase.cloud/entity/Q44189	http://www.wikidata.org/entity/Q3384087
https://ehkultura.wikibase.cloud/entity/Q44024	http://www.wikidata.org/entity/Q3557837
https://ehkultura.wikibase.cloud/entity/Q44202	http://www.wikidata.org/entity/Q3776378
https://ehkultura.wikibase.cloud/entity/Q44397	http://www.wikidata.org/entity/Q3816935
https://ehkultura.wikibase.cloud/entity/Q43907	http://www.wikidata.org/entity/Q4242074
https://ehkultura.wikibase.cloud/entity/Q44367	http://www.wikidata.org/entity/Q4694662
https://ehkultura.wikibase.cloud/entity/Q44245	http://www.wikidata.org/entity/Q4822995
https://ehkultura.wikibase.cloud/entity/Q44068	http://www.wikidata.org/entity/Q5704398
https://ehkultura.wikibase.cloud/entity/Q43934	http://www.wikidata.org/entity/Q5831134
https://ehkultura.wikibase.cloud/entity/Q44352	http://www.wikidata.org/entity/Q6187181
https://ehkultura.wikibase.cloud/entity/Q44115	http://www.wikidata.org/entity/Q6758741
https://ehkultura.wikibase.cloud/entity/Q44025	http://www.wikidata.org/entity/Q7153495
https://ehkultura.wikibase.cloud/entity/Q44151	http://www.wikidata.org/entity/Q7326722
https://ehkultura.wikibase.cloud/entity/Q44071	http://www.wikidata.org/entity/Q7367732
https://ehkultura.wikibase.cloud/entity/Q44301	http://www.wikidata.org/entity/Q8775491
https://ehkultura.wikibase.cloud/entity/Q44026	http://www.wikidata.org/entity/Q9015549
https://ehkultura.wikibase.cloud/entity/Q43916	http://www.wikidata.org/entity/Q12254280
https://ehkultura.wikibase.cloud/entity/Q44305	http://www.wikidata.org/entity/Q15731681
https://ehkultura.wikibase.cloud/entity/Q44057	http://www.wikidata.org/entity/Q17036443
https://ehkultura.wikibase.cloud/entity/Q44197	http://www.wikidata.org/entity/Q18921838
https://ehkultura.wikibase.cloud/entity/Q44214	http://www.wikidata.org/entity/Q19663488
https://ehkultura.wikibase.cloud/entity/Q44108	http://www.wikidata.org/entity/Q20535646
https://ehkultura.wikibase.cloud/entity/Q44012	http://www.wikidata.org/entity/Q21160838
https://ehkultura.wikibase.cloud/entity/Q44335	http://www.wikidata.org/entity/Q21857882
https://ehkultura.wikibase.cloud/entity/Q44193	http://www.wikidata.org/entity/Q23907151
https://ehkultura.wikibase.cloud/entity/Q44379	http://www.wikidata.org/entity/Q27447033
https://ehkultura.wikibase.cloud/entity/Q44239	http://www.wikidata.org/entity/Q28741737
https://ehkultura.wikibase.cloud/entity/Q44299	http://www.wikidata.org/entity/Q29165575
https://ehkultura.wikibase.cloud/entity/Q44013	http://www.wikidata.org/entity/Q29510471
https://ehkultura.wikibase.cloud/entity/Q44053	http://www.wikidata.org/entity/Q43285186
https://ehkultura.wikibase.cloud/entity/Q44353	http://www.wikidata.org/entity/Q50201825
https://ehkultura.wikibase.cloud/entity/Q44049	http://www.wikidata.org/entity/Q53944365
https://ehkultura.wikibase.cloud/entity/Q44007	http://www.wikidata.org/entity/Q55624922
https://ehkultura.wikibase.cloud/entity/Q43914	http://www.wikidata.org/entity/Q56000722
https://ehkultura.wikibase.cloud/entity/Q44354	http://www.wikidata.org/entity/Q93372661
https://ehkultura.wikibase.cloud/entity/Q44376	http://www.wikidata.org/entity/Q94405215
https://ehkultura.wikibase.cloud/entity/Q44015	http://www.wikidata.org/entity/Q95192330
https://ehkultura.wikibase.cloud/entity/Q44303	http://www.wikidata.org/entity/Q95174270
https://ehkultura.wikibase.cloud/entity/Q44425	http://www.wikidata.org/entity/Q96625256
https://ehkultura.wikibase.cloud/entity/Q43964	http://www.wikidata.org/entity/Q97397960
https://ehkultura.wikibase.cloud/entity/Q44113	http://www.wikidata.org/entity/Q97653754
https://ehkultura.wikibase.cloud/entity/Q44402	http://www.wikidata.org/entity/Q99292846
https://ehkultura.wikibase.cloud/entity/Q43955	http://www.wikidata.org/entity/Q102202622
https://ehkultura.wikibase.cloud/entity/Q43931	http://www.wikidata.org/entity/Q104033934
https://ehkultura.wikibase.cloud/entity/Q44307	http://www.wikidata.org/entity/Q105426569
https://ehkultura.wikibase.cloud/entity/Q44097	http://www.wikidata.org/entity/Q106619952
https://ehkultura.wikibase.cloud/entity/Q44247	http://www.wikidata.org/entity/Q108477496
https://ehkultura.wikibase.cloud/entity/Q43928	http://www.wikidata.org/entity/Q109380023
https://ehkultura.wikibase.cloud/entity/Q44272	http://www.wikidata.org/entity/Q110037812
https://ehkultura.wikibase.cloud/entity/Q44014	http://www.wikidata.org/entity/Q111737378
https://ehkultura.wikibase.cloud/entity/Q44334	http://www.wikidata.org/entity/Q112400120
https://ehkultura.wikibase.cloud/entity/Q44277	http://www.wikidata.org/entity/Q112420510
https://ehkultura.wikibase.cloud/entity/Q44240	http://www.wikidata.org/entity/Q112475306
https://ehkultura.wikibase.cloud/entity/Q44351	http://www.wikidata.org/entity/Q112506991
https://ehkultura.wikibase.cloud/entity/Q44179	http://www.wikidata.org/entity/Q116790252
https://ehkultura.wikibase.cloud/entity/Q44383	http://www.wikidata.org/entity/Q119982108
https://ehkultura.wikibase.cloud/entity/Q43963	http://www.wikidata.org/entity/Q124538236
https://ehkultura.wikibase.cloud/entity/Q44381	http://www.wikidata.org/entity/Q125281678
https://ehkultura.wikibase.cloud/entity/Q44385	http://www.wikidata.org/entity/Q132156663
https://ehkultura.wikibase.cloud/entity/Q44039	http://www.wikidata.org/entity/Q133251364
https://ehkultura.wikibase.cloud/entity/Q43995	http://www.wikidata.org/entity/Q4500
https://ehkultura.wikibase.cloud/entity/Q43975	http://www.wikidata.org/entity/Q34969
https://ehkultura.wikibase.cloud/entity/Q44096	http://www.wikidata.org/entity/Q61848
https://ehkultura.wikibase.cloud/entity/Q44203	http://www.wikidata.org/entity/Q38082
https://ehkultura.wikibase.cloud/entity/Q44392	http://www.wikidata.org/entity/Q6682
https://ehkultura.wikibase.cloud/entity/Q44399	http://www.wikidata.org/entity/Q55424
https://ehkultura.wikibase.cloud/entity/Q37356	http://www.wikidata.org/entity/Q108090
https://ehkultura.wikibase.cloud/entity/Q33728	http://www.wikidata.org/entity/Q475416
https://ehkultura.wikibase.cloud/entity/Q33689	http://www.wikidata.org/entity/Q517252
https://ehkultura.wikibase.cloud/entity/Q33887	http://www.wikidata.org/entity/Q544899
https://ehkultura.wikibase.cloud/entity/Q33879	http://www.wikidata.org/entity/Q569505
https://ehkultura.wikibase.cloud/entity/Q33933	http://www.wikidata.org/entity/Q666092
https://ehkultura.wikibase.cloud/entity/Q33942	http://www.wikidata.org/entity/Q686615
https://ehkultura.wikibase.cloud/entity/Q33601	http://www.wikidata.org/entity/Q1044221
https://ehkultura.wikibase.cloud/entity/Q33610	http://www.wikidata.org/entity/Q1175607
https://ehkultura.wikibase.cloud/entity/Q33817	http://www.wikidata.org/entity/Q1284560
https://ehkultura.wikibase.cloud/entity/Q33708	http://www.wikidata.org/entity/Q1347696
https://ehkultura.wikibase.cloud/entity/Q33872	http://www.wikidata.org/entity/Q1553100
https://ehkultura.wikibase.cloud/entity/Q33630	http://www.wikidata.org/entity/Q1769967
https://ehkultura.wikibase.cloud/entity/Q33894	http://www.wikidata.org/entity/Q1703229
https://ehkultura.wikibase.cloud/entity/Q33876	http://www.wikidata.org/entity/Q1717244
https://ehkultura.wikibase.cloud/entity/Q33591	http://www.wikidata.org/entity/Q1867549
https://ehkultura.wikibase.cloud/entity/Q33655	http://www.wikidata.org/entity/Q1930085
https://ehkultura.wikibase.cloud/entity/Q33786	http://www.wikidata.org/entity/Q1986050
https://ehkultura.wikibase.cloud/entity/Q33678	http://www.wikidata.org/entity/Q2422961
https://ehkultura.wikibase.cloud/entity/Q33780	http://www.wikidata.org/entity/Q2657842
https://ehkultura.wikibase.cloud/entity/Q33939	http://www.wikidata.org/entity/Q2636383
https://ehkultura.wikibase.cloud/entity/Q33755	http://www.wikidata.org/entity/Q2747059
https://ehkultura.wikibase.cloud/entity/Q33772	http://www.wikidata.org/entity/Q2898397
https://ehkultura.wikibase.cloud/entity/Q33670	http://www.wikidata.org/entity/Q2967689
https://ehkultura.wikibase.cloud/entity/Q33669	http://www.wikidata.org/entity/Q3176729
https://ehkultura.wikibase.cloud/entity/Q33730	http://www.wikidata.org/entity/Q3194001
https://ehkultura.wikibase.cloud/entity/Q33729	http://www.wikidata.org/entity/Q3296451
https://ehkultura.wikibase.cloud/entity/Q33756	http://www.wikidata.org/entity/Q3561614
https://ehkultura.wikibase.cloud/entity/Q33703	http://www.wikidata.org/entity/Q3588014
https://ehkultura.wikibase.cloud/entity/Q33698	http://www.wikidata.org/entity/Q3851240
https://ehkultura.wikibase.cloud/entity/Q33586	http://www.wikidata.org/entity/Q4057207
https://ehkultura.wikibase.cloud/entity/Q33693	http://www.wikidata.org/entity/Q4398707
https://ehkultura.wikibase.cloud/entity/Q33577	http://www.wikidata.org/entity/Q4834013
https://ehkultura.wikibase.cloud/entity/Q33682	http://www.wikidata.org/entity/Q4859102
https://ehkultura.wikibase.cloud/entity/Q33826	http://www.wikidata.org/entity/Q4887524
https://ehkultura.wikibase.cloud/entity/Q33694	http://www.wikidata.org/entity/Q5980448
https://ehkultura.wikibase.cloud/entity/Q33881	http://www.wikidata.org/entity/Q6100977
https://ehkultura.wikibase.cloud/entity/Q33659	http://www.wikidata.org/entity/Q6308028
https://ehkultura.wikibase.cloud/entity/Q33607	http://www.wikidata.org/entity/Q7149623
https://ehkultura.wikibase.cloud/entity/Q33650	http://www.wikidata.org/entity/Q7176805
https://ehkultura.wikibase.cloud/entity/Q33880	http://www.wikidata.org/entity/Q7350103
https://ehkultura.wikibase.cloud/entity/Q33810	http://www.wikidata.org/entity/Q7626871
https://ehkultura.wikibase.cloud/entity/Q33751	http://www.wikidata.org/entity/Q9070370
https://ehkultura.wikibase.cloud/entity/Q33943	http://www.wikidata.org/entity/Q9028841
https://ehkultura.wikibase.cloud/entity/Q33714	http://www.wikidata.org/entity/Q11922857
https://ehkultura.wikibase.cloud/entity/Q33812	http://www.wikidata.org/entity/Q12266423
https://ehkultura.wikibase.cloud/entity/Q33907	http://www.wikidata.org/entity/Q15497263
https://ehkultura.wikibase.cloud/entity/Q33637	http://www.wikidata.org/entity/Q15819224
https://ehkultura.wikibase.cloud/entity/Q33687	http://www.wikidata.org/entity/Q16105345
https://ehkultura.wikibase.cloud/entity/Q33754	http://www.wikidata.org/entity/Q16581777
https://ehkultura.wikibase.cloud/entity/Q33674	http://www.wikidata.org/entity/Q17033989
https://ehkultura.wikibase.cloud/entity/Q33673	http://www.wikidata.org/entity/Q17350633
https://ehkultura.wikibase.cloud/entity/Q33851	http://www.wikidata.org/entity/Q17350521
https://ehkultura.wikibase.cloud/entity/Q33741	http://www.wikidata.org/entity/Q17426182
https://ehkultura.wikibase.cloud/entity/Q33639	http://www.wikidata.org/entity/Q18935202
https://ehkultura.wikibase.cloud/entity/Q33716	http://www.wikidata.org/entity/Q19513600
https://ehkultura.wikibase.cloud/entity/Q33641	http://www.wikidata.org/entity/Q21531712
https://ehkultura.wikibase.cloud/entity/Q33636	http://www.wikidata.org/entity/Q22087674
https://ehkultura.wikibase.cloud/entity/Q33688	http://www.wikidata.org/entity/Q24690529
https://ehkultura.wikibase.cloud/entity/Q33671	http://www.wikidata.org/entity/Q25421875
https://ehkultura.wikibase.cloud/entity/Q33701	http://www.wikidata.org/entity/Q28195017
https://ehkultura.wikibase.cloud/entity/Q33642	http://www.wikidata.org/entity/Q53530907
https://ehkultura.wikibase.cloud/entity/Q33859	http://www.wikidata.org/entity/Q54564966
https://ehkultura.wikibase.cloud/entity/Q33863	http://www.wikidata.org/entity/Q54564981
https://ehkultura.wikibase.cloud/entity/Q33667	http://www.wikidata.org/entity/Q55236130
https://ehkultura.wikibase.cloud/entity/Q33709	http://www.wikidata.org/entity/Q55402753
https://ehkultura.wikibase.cloud/entity/Q33791	http://www.wikidata.org/entity/Q56000162
https://ehkultura.wikibase.cloud/entity/Q33816	http://www.wikidata.org/entity/Q62594912
https://ehkultura.wikibase.cloud/entity/Q33807	http://www.wikidata.org/entity/Q64825339
https://ehkultura.wikibase.cloud/entity/Q33700	http://www.wikidata.org/entity/Q65048303
https://ehkultura.wikibase.cloud/entity/Q33724	http://www.wikidata.org/entity/Q73255210
https://ehkultura.wikibase.cloud/entity/Q33579	http://www.wikidata.org/entity/Q81154848
https://ehkultura.wikibase.cloud/entity/Q33646	http://www.wikidata.org/entity/Q85099099
https://ehkultura.wikibase.cloud/entity/Q33940	http://www.wikidata.org/entity/Q87632286
https://ehkultura.wikibase.cloud/entity/Q33857	http://www.wikidata.org/entity/Q93435832
https://ehkultura.wikibase.cloud/entity/Q33845	http://www.wikidata.org/entity/Q95190245
https://ehkultura.wikibase.cloud/entity/Q33592	http://www.wikidata.org/entity/Q95842041
https://ehkultura.wikibase.cloud/entity/Q33656	http://www.wikidata.org/entity/Q112343369
https://ehkultura.wikibase.cloud/entity/Q33638	http://www.wikidata.org/entity/Q112555878
https://ehkultura.wikibase.cloud/entity/Q33861	http://www.wikidata.org/entity/Q117804172
https://ehkultura.wikibase.cloud/entity/Q33852	http://www.wikidata.org/entity/Q121912684
https://ehkultura.wikibase.cloud/entity/Q33848	http://www.wikidata.org/entity/Q131779256
https://ehkultura.wikibase.cloud/entity/Q33818	http://www.wikidata.org/entity/Q41464
https://ehkultura.wikibase.cloud/entity/Q33885	http://www.wikidata.org/entity/Q60809
https://ehkultura.wikibase.cloud/entity/Q32423	http://www.wikidata.org/entity/Q78964
https://ehkultura.wikibase.cloud/entity/Q32408	http://www.wikidata.org/entity/Q106930
https://ehkultura.wikibase.cloud/entity/Q32406	http://www.wikidata.org/entity/Q170344
https://ehkultura.wikibase.cloud/entity/Q32678	http://www.wikidata.org/entity/Q157194
https://ehkultura.wikibase.cloud/entity/Q32492	http://www.wikidata.org/entity/Q220545
https://ehkultura.wikibase.cloud/entity/Q32536	http://www.wikidata.org/entity/Q243127
https://ehkultura.wikibase.cloud/entity/Q32608	http://www.wikidata.org/entity/Q259594
https://ehkultura.wikibase.cloud/entity/Q32533	http://www.wikidata.org/entity/Q278953
https://ehkultura.wikibase.cloud/entity/Q32619	http://www.wikidata.org/entity/Q313991
https://ehkultura.wikibase.cloud/entity/Q32667	http://www.wikidata.org/entity/Q320241
https://ehkultura.wikibase.cloud/entity/Q32663	http://www.wikidata.org/entity/Q325922
https://ehkultura.wikibase.cloud/entity/Q32455	http://www.wikidata.org/entity/Q381934
https://ehkultura.wikibase.cloud/entity/Q32532	http://www.wikidata.org/entity/Q365129
https://ehkultura.wikibase.cloud/entity/Q32639	http://www.wikidata.org/entity/Q357624
https://ehkultura.wikibase.cloud/entity/Q32426	http://www.wikidata.org/entity/Q437616
https://ehkultura.wikibase.cloud/entity/Q32444	http://www.wikidata.org/entity/Q459681
https://ehkultura.wikibase.cloud/entity/Q32661	http://www.wikidata.org/entity/Q434095
https://ehkultura.wikibase.cloud/entity/Q32421	http://www.wikidata.org/entity/Q558155
https://ehkultura.wikibase.cloud/entity/Q32475	http://www.wikidata.org/entity/Q651376
https://ehkultura.wikibase.cloud/entity/Q32598	http://www.wikidata.org/entity/Q856735
https://ehkultura.wikibase.cloud/entity/Q32470	http://www.wikidata.org/entity/Q954378
https://ehkultura.wikibase.cloud/entity/Q32572	http://www.wikidata.org/entity/Q982401
https://ehkultura.wikibase.cloud/entity/Q32520	http://www.wikidata.org/entity/Q1085958
https://ehkultura.wikibase.cloud/entity/Q32431	http://www.wikidata.org/entity/Q1281182
https://ehkultura.wikibase.cloud/entity/Q32440	http://www.wikidata.org/entity/Q1293014
https://ehkultura.wikibase.cloud/entity/Q32635	http://www.wikidata.org/entity/Q1265730
https://ehkultura.wikibase.cloud/entity/Q32632	http://www.wikidata.org/entity/Q1381812
https://ehkultura.wikibase.cloud/entity/Q32662	http://www.wikidata.org/entity/Q1895752
https://ehkultura.wikibase.cloud/entity/Q32501	http://www.wikidata.org/entity/Q2495073
https://ehkultura.wikibase.cloud/entity/Q32445	http://www.wikidata.org/entity/Q2637678
https://ehkultura.wikibase.cloud/entity/Q32568	http://www.wikidata.org/entity/Q3163170
https://ehkultura.wikibase.cloud/entity/Q32664	http://www.wikidata.org/entity/Q3187806
https://ehkultura.wikibase.cloud/entity/Q32575	http://www.wikidata.org/entity/Q3219248
https://ehkultura.wikibase.cloud/entity/Q32651	http://www.wikidata.org/entity/Q3357807
https://ehkultura.wikibase.cloud/entity/Q32415	http://www.wikidata.org/entity/Q3769356
https://ehkultura.wikibase.cloud/entity/Q32582	http://www.wikidata.org/entity/Q4348194
https://ehkultura.wikibase.cloud/entity/Q32461	http://www.wikidata.org/entity/Q4776346
https://ehkultura.wikibase.cloud/entity/Q32537	http://www.wikidata.org/entity/Q5362800
https://ehkultura.wikibase.cloud/entity/Q32481	http://www.wikidata.org/entity/Q5616163
https://ehkultura.wikibase.cloud/entity/Q32452	http://www.wikidata.org/entity/Q5675986
https://ehkultura.wikibase.cloud/entity/Q32528	http://www.wikidata.org/entity/Q5829220
https://ehkultura.wikibase.cloud/entity/Q32456	http://www.wikidata.org/entity/Q6763829
https://ehkultura.wikibase.cloud/entity/Q32453	http://www.wikidata.org/entity/Q6793901
https://ehkultura.wikibase.cloud/entity/Q32637	http://www.wikidata.org/entity/Q7100373
https://ehkultura.wikibase.cloud/entity/Q32576	http://www.wikidata.org/entity/Q7597939
https://ehkultura.wikibase.cloud/entity/Q32628	http://www.wikidata.org/entity/Q7817232
https://ehkultura.wikibase.cloud/entity/Q32483	http://www.wikidata.org/entity/Q8964564
https://ehkultura.wikibase.cloud/entity/Q32504	http://www.wikidata.org/entity/Q11458933
https://ehkultura.wikibase.cloud/entity/Q32503	http://www.wikidata.org/entity/Q11542050
https://ehkultura.wikibase.cloud/entity/Q32433	http://www.wikidata.org/entity/Q12258666
https://ehkultura.wikibase.cloud/entity/Q32434	http://www.wikidata.org/entity/Q12256478
https://ehkultura.wikibase.cloud/entity/Q32435	http://www.wikidata.org/entity/Q12260666
https://ehkultura.wikibase.cloud/entity/Q32592	http://www.wikidata.org/entity/Q12260099
https://ehkultura.wikibase.cloud/entity/Q32657	http://www.wikidata.org/entity/Q16729395
https://ehkultura.wikibase.cloud/entity/Q32473	http://www.wikidata.org/entity/Q17305942
https://ehkultura.wikibase.cloud/entity/Q32625	http://www.wikidata.org/entity/Q17285037
https://ehkultura.wikibase.cloud/entity/Q32489	http://www.wikidata.org/entity/Q19276262
https://ehkultura.wikibase.cloud/entity/Q32652	http://www.wikidata.org/entity/Q19753925
https://ehkultura.wikibase.cloud/entity/Q32647	http://www.wikidata.org/entity/Q19863252
https://ehkultura.wikibase.cloud/entity/Q32654	http://www.wikidata.org/entity/Q20014427
https://ehkultura.wikibase.cloud/entity/Q32472	http://www.wikidata.org/entity/Q20643686
https://ehkultura.wikibase.cloud/entity/Q32621	http://www.wikidata.org/entity/Q21573838
https://ehkultura.wikibase.cloud/entity/Q32571	http://www.wikidata.org/entity/Q22965288
https://ehkultura.wikibase.cloud/entity/Q32593	http://www.wikidata.org/entity/Q22968485
https://ehkultura.wikibase.cloud/entity/Q32397	http://www.wikidata.org/entity/Q28848526
https://ehkultura.wikibase.cloud/entity/Q32603	http://www.wikidata.org/entity/Q29555940
https://ehkultura.wikibase.cloud/entity/Q32622	http://www.wikidata.org/entity/Q30119688
https://ehkultura.wikibase.cloud/entity/Q32402	http://www.wikidata.org/entity/Q55080996
https://ehkultura.wikibase.cloud/entity/Q32671	http://www.wikidata.org/entity/Q55687930
https://ehkultura.wikibase.cloud/entity/Q32525	http://www.wikidata.org/entity/Q55945734
https://ehkultura.wikibase.cloud/entity/Q32634	http://www.wikidata.org/entity/Q55948770
https://ehkultura.wikibase.cloud/entity/Q32623	http://www.wikidata.org/entity/Q55993612
https://ehkultura.wikibase.cloud/entity/Q32584	http://www.wikidata.org/entity/Q60368358
https://ehkultura.wikibase.cloud/entity/Q32649	http://www.wikidata.org/entity/Q60395002
https://ehkultura.wikibase.cloud/entity/Q32412	http://www.wikidata.org/entity/Q62083963
https://ehkultura.wikibase.cloud/entity/Q32655	http://www.wikidata.org/entity/Q62566869
https://ehkultura.wikibase.cloud/entity/Q32640	http://www.wikidata.org/entity/Q93431916
https://ehkultura.wikibase.cloud/entity/Q32636	http://www.wikidata.org/entity/Q94658664
https://ehkultura.wikibase.cloud/entity/Q32586	http://www.wikidata.org/entity/Q95329787
https://ehkultura.wikibase.cloud/entity/Q32466	http://www.wikidata.org/entity/Q96077967
https://ehkultura.wikibase.cloud/entity/Q32517	http://www.wikidata.org/entity/Q101160721
https://ehkultura.wikibase.cloud/entity/Q32569	http://www.wikidata.org/entity/Q104433233
https://ehkultura.wikibase.cloud/entity/Q32658	http://www.wikidata.org/entity/Q106585201
https://ehkultura.wikibase.cloud/entity/Q32443	http://www.wikidata.org/entity/Q106714299
https://ehkultura.wikibase.cloud/entity/Q32656	http://www.wikidata.org/entity/Q107703799
https://ehkultura.wikibase.cloud/entity/Q32585	http://www.wikidata.org/entity/Q112393164
https://ehkultura.wikibase.cloud/entity/Q32439	http://www.wikidata.org/entity/Q112478362
https://ehkultura.wikibase.cloud/entity/Q32538	http://www.wikidata.org/entity/Q112550553
https://ehkultura.wikibase.cloud/entity/Q32484	http://www.wikidata.org/entity/Q113795315
https://ehkultura.wikibase.cloud/entity/Q32630	http://www.wikidata.org/entity/Q116172626
https://ehkultura.wikibase.cloud/entity/Q32560	http://www.wikidata.org/entity/Q116961254
https://ehkultura.wikibase.cloud/entity/Q32646	http://www.wikidata.org/entity/Q124845861
https://ehkultura.wikibase.cloud/entity/Q32600	http://www.wikidata.org/entity/Q125304441
https://ehkultura.wikibase.cloud/entity/Q32629	http://www.wikidata.org/entity/Q125693251
https://ehkultura.wikibase.cloud/entity/Q32388	http://www.wikidata.org/entity/Q9312
https://ehkultura.wikibase.cloud/entity/Q32429	http://www.wikidata.org/entity/Q14108
https://ehkultura.wikibase.cloud/entity/Q32446	http://www.wikidata.org/entity/Q25120
https://ehkultura.wikibase.cloud/entity/Q32506	http://www.wikidata.org/entity/Q23261
https://ehkultura.wikibase.cloud/entity/Q32454	http://www.wikidata.org/entity/Q55415
https://ehkultura.wikibase.cloud/entity/Q32587	http://www.wikidata.org/entity/Q61681
https://ehkultura.wikibase.cloud/entity/Q36078	http://www.wikidata.org/entity/Q117071
https://ehkultura.wikibase.cloud/entity/Q36236	http://www.wikidata.org/entity/Q98800
https://ehkultura.wikibase.cloud/entity/Q36014	http://www.wikidata.org/entity/Q190148
https://ehkultura.wikibase.cloud/entity/Q36130	http://www.wikidata.org/entity/Q178293
https://ehkultura.wikibase.cloud/entity/Q36231	http://www.wikidata.org/entity/Q208220
https://ehkultura.wikibase.cloud/entity/Q36099	http://www.wikidata.org/entity/Q251625
https://ehkultura.wikibase.cloud/entity/Q36144	http://www.wikidata.org/entity/Q262479
https://ehkultura.wikibase.cloud/entity/Q36006	http://www.wikidata.org/entity/Q458816
https://ehkultura.wikibase.cloud/entity/Q36066	http://www.wikidata.org/entity/Q456675
https://ehkultura.wikibase.cloud/entity/Q36186	http://www.wikidata.org/entity/Q473518
https://ehkultura.wikibase.cloud/entity/Q36030	http://www.wikidata.org/entity/Q535343
https://ehkultura.wikibase.cloud/entity/Q36185	http://www.wikidata.org/entity/Q507014
https://ehkultura.wikibase.cloud/entity/Q36141	http://www.wikidata.org/entity/Q612007
https://ehkultura.wikibase.cloud/entity/Q36021	http://www.wikidata.org/entity/Q734207
https://ehkultura.wikibase.cloud/entity/Q36235	http://www.wikidata.org/entity/Q707962
https://ehkultura.wikibase.cloud/entity/Q36284	http://www.wikidata.org/entity/Q718172
https://ehkultura.wikibase.cloud/entity/Q36105	http://www.wikidata.org/entity/Q1036920
https://ehkultura.wikibase.cloud/entity/Q36221	http://www.wikidata.org/entity/Q1381389
https://ehkultura.wikibase.cloud/entity/Q36316	http://www.wikidata.org/entity/Q1375105
https://ehkultura.wikibase.cloud/entity/Q36371	http://www.wikidata.org/entity/Q1386495
https://ehkultura.wikibase.cloud/entity/Q36108	http://www.wikidata.org/entity/Q1456332
https://ehkultura.wikibase.cloud/entity/Q36302	http://www.wikidata.org/entity/Q1875842
https://ehkultura.wikibase.cloud/entity/Q36031	http://www.wikidata.org/entity/Q1942654
https://ehkultura.wikibase.cloud/entity/Q36274	http://www.wikidata.org/entity/Q1896718
https://ehkultura.wikibase.cloud/entity/Q36097	http://www.wikidata.org/entity/Q1964844
https://ehkultura.wikibase.cloud/entity/Q36100	http://www.wikidata.org/entity/Q2343109
https://ehkultura.wikibase.cloud/entity/Q36318	http://www.wikidata.org/entity/Q2731236
https://ehkultura.wikibase.cloud/entity/Q36150	http://www.wikidata.org/entity/Q2827348
https://ehkultura.wikibase.cloud/entity/Q36022	http://www.wikidata.org/entity/Q2880278
https://ehkultura.wikibase.cloud/entity/Q36074	http://www.wikidata.org/entity/Q2939556
https://ehkultura.wikibase.cloud/entity/Q36182	http://www.wikidata.org/entity/Q2980097
https://ehkultura.wikibase.cloud/entity/Q36241	http://www.wikidata.org/entity/Q2975534
https://ehkultura.wikibase.cloud/entity/Q36387	http://www.wikidata.org/entity/Q2975141
https://ehkultura.wikibase.cloud/entity/Q36178	http://www.wikidata.org/entity/Q3048398
https://ehkultura.wikibase.cloud/entity/Q36121	http://www.wikidata.org/entity/Q3163142
https://ehkultura.wikibase.cloud/entity/Q36140	http://www.wikidata.org/entity/Q3181269
https://ehkultura.wikibase.cloud/entity/Q36129	http://www.wikidata.org/entity/Q3269582
https://ehkultura.wikibase.cloud/entity/Q36242	http://www.wikidata.org/entity/Q3294200
https://ehkultura.wikibase.cloud/entity/Q36160	http://www.wikidata.org/entity/Q3325924
https://ehkultura.wikibase.cloud/entity/Q36126	http://www.wikidata.org/entity/Q3336600
https://ehkultura.wikibase.cloud/entity/Q36118	http://www.wikidata.org/entity/Q3385267
https://ehkultura.wikibase.cloud/entity/Q36027	http://www.wikidata.org/entity/Q3431793
https://ehkultura.wikibase.cloud/entity/Q36381	http://www.wikidata.org/entity/Q3699333
https://ehkultura.wikibase.cloud/entity/Q36109	http://www.wikidata.org/entity/Q3774887
https://ehkultura.wikibase.cloud/entity/Q36198	http://www.wikidata.org/entity/Q3831701
https://ehkultura.wikibase.cloud/entity/Q36346	http://www.wikidata.org/entity/Q4685206
https://ehkultura.wikibase.cloud/entity/Q36047	http://www.wikidata.org/entity/Q4776595
https://ehkultura.wikibase.cloud/entity/Q36023	http://www.wikidata.org/entity/Q5752350
https://ehkultura.wikibase.cloud/entity/Q36065	http://www.wikidata.org/entity/Q5806151
https://ehkultura.wikibase.cloud/entity/Q36383	http://www.wikidata.org/entity/Q5833463
https://ehkultura.wikibase.cloud/entity/Q36355	http://www.wikidata.org/entity/Q6483320
https://ehkultura.wikibase.cloud/entity/Q36312	http://www.wikidata.org/entity/Q7329910
https://ehkultura.wikibase.cloud/entity/Q36324	http://www.wikidata.org/entity/Q7519550
https://ehkultura.wikibase.cloud/entity/Q36240	http://www.wikidata.org/entity/Q7597528
https://ehkultura.wikibase.cloud/entity/Q36094	http://www.wikidata.org/entity/Q7933794
https://ehkultura.wikibase.cloud/entity/Q36255	http://www.wikidata.org/entity/Q8352328
https://ehkultura.wikibase.cloud/entity/Q36157	http://www.wikidata.org/entity/Q9066549
https://ehkultura.wikibase.cloud/entity/Q36201	http://www.wikidata.org/entity/Q10264423
https://ehkultura.wikibase.cloud/entity/Q36230	http://www.wikidata.org/entity/Q11321474
https://ehkultura.wikibase.cloud/entity/Q36163	http://www.wikidata.org/entity/Q11643812
https://ehkultura.wikibase.cloud/entity/Q36214	http://www.wikidata.org/entity/Q11703980
https://ehkultura.wikibase.cloud/entity/Q36282	http://www.wikidata.org/entity/Q12259818
https://ehkultura.wikibase.cloud/entity/Q36106	http://www.wikidata.org/entity/Q15507730
https://ehkultura.wikibase.cloud/entity/Q36052	http://www.wikidata.org/entity/Q15631923
https://ehkultura.wikibase.cloud/entity/Q36212	http://www.wikidata.org/entity/Q17058115
https://ehkultura.wikibase.cloud/entity/Q36279	http://www.wikidata.org/entity/Q18358121
https://ehkultura.wikibase.cloud/entity/Q36399	http://www.wikidata.org/entity/Q19359023
https://ehkultura.wikibase.cloud/entity/Q36016	http://www.wikidata.org/entity/Q19754120
https://ehkultura.wikibase.cloud/entity/Q36107	http://www.wikidata.org/entity/Q19802784
https://ehkultura.wikibase.cloud/entity/Q36101	http://www.wikidata.org/entity/Q19879181
https://ehkultura.wikibase.cloud/entity/Q36165	http://www.wikidata.org/entity/Q20003234
https://ehkultura.wikibase.cloud/entity/Q36321	http://www.wikidata.org/entity/Q21287759
https://ehkultura.wikibase.cloud/entity/Q36224	http://www.wikidata.org/entity/Q29045684
https://ehkultura.wikibase.cloud/entity/Q36314	http://www.wikidata.org/entity/Q55723701
https://ehkultura.wikibase.cloud/entity/Q36195	http://www.wikidata.org/entity/Q55938514
https://ehkultura.wikibase.cloud/entity/Q36075	http://www.wikidata.org/entity/Q55997238
https://ehkultura.wikibase.cloud/entity/Q36250	http://www.wikidata.org/entity/Q55991991
https://ehkultura.wikibase.cloud/entity/Q36084	http://www.wikidata.org/entity/Q56849502
https://ehkultura.wikibase.cloud/entity/Q36286	http://www.wikidata.org/entity/Q60312303
https://ehkultura.wikibase.cloud/entity/Q36146	http://www.wikidata.org/entity/Q69272491
https://ehkultura.wikibase.cloud/entity/Q36069	http://www.wikidata.org/entity/Q75842626
https://ehkultura.wikibase.cloud/entity/Q36166	http://www.wikidata.org/entity/Q90483077
https://ehkultura.wikibase.cloud/entity/Q36091	http://www.wikidata.org/entity/Q93387498
https://ehkultura.wikibase.cloud/entity/Q36377	http://www.wikidata.org/entity/Q93435809
https://ehkultura.wikibase.cloud/entity/Q36087	http://www.wikidata.org/entity/Q95210103
https://ehkultura.wikibase.cloud/entity/Q36322	http://www.wikidata.org/entity/Q95650772
https://ehkultura.wikibase.cloud/entity/Q36226	http://www.wikidata.org/entity/Q95986740
https://ehkultura.wikibase.cloud/entity/Q36168	http://www.wikidata.org/entity/Q96651814
https://ehkultura.wikibase.cloud/entity/Q36225	http://www.wikidata.org/entity/Q107650674
https://ehkultura.wikibase.cloud/entity/Q36289	http://www.wikidata.org/entity/Q108668719
https://ehkultura.wikibase.cloud/entity/Q36388	http://www.wikidata.org/entity/Q112423316
https://ehkultura.wikibase.cloud/entity/Q36296	http://www.wikidata.org/entity/Q115900122
https://ehkultura.wikibase.cloud/entity/Q36376	http://www.wikidata.org/entity/Q7346
https://ehkultura.wikibase.cloud/entity/Q36194	http://www.wikidata.org/entity/Q53016
https://ehkultura.wikibase.cloud/entity/Q36199	http://www.wikidata.org/entity/Q53044
https://ehkultura.wikibase.cloud/entity/Q36219	http://www.wikidata.org/entity/Q53050
https://ehkultura.wikibase.cloud/entity/Q31516	http://www.wikidata.org/entity/Q82403
https://ehkultura.wikibase.cloud/entity/Q31582	http://www.wikidata.org/entity/Q107194
https://ehkultura.wikibase.cloud/entity/Q31549	http://www.wikidata.org/entity/Q122879
https://ehkultura.wikibase.cloud/entity/Q31707	http://www.wikidata.org/entity/Q103871
https://ehkultura.wikibase.cloud/entity/Q37307	http://www.wikidata.org/entity/Q123621
https://ehkultura.wikibase.cloud/entity/Q37378	http://www.wikidata.org/entity/Q110841
https://ehkultura.wikibase.cloud/entity/Q37319	http://www.wikidata.org/entity/Q159566
https://ehkultura.wikibase.cloud/entity/Q37627	http://www.wikidata.org/entity/Q93847
https://ehkultura.wikibase.cloud/entity/Q37381	http://www.wikidata.org/entity/Q188987
https://ehkultura.wikibase.cloud/entity/Q37601	http://www.wikidata.org/entity/Q165110
https://ehkultura.wikibase.cloud/entity/Q37285	http://www.wikidata.org/entity/Q267691
https://ehkultura.wikibase.cloud/entity/Q37401	http://www.wikidata.org/entity/Q259687
https://ehkultura.wikibase.cloud/entity/Q37275	http://www.wikidata.org/entity/Q322577
https://ehkultura.wikibase.cloud/entity/Q37357	http://www.wikidata.org/entity/Q314636
https://ehkultura.wikibase.cloud/entity/Q37426	http://www.wikidata.org/entity/Q312070
https://ehkultura.wikibase.cloud/entity/Q37374	http://www.wikidata.org/entity/Q324944
https://ehkultura.wikibase.cloud/entity/Q37503	http://www.wikidata.org/entity/Q310960
https://ehkultura.wikibase.cloud/entity/Q37515	http://www.wikidata.org/entity/Q358158
https://ehkultura.wikibase.cloud/entity/Q37595	http://www.wikidata.org/entity/Q348497
https://ehkultura.wikibase.cloud/entity/Q37472	http://www.wikidata.org/entity/Q378710
https://ehkultura.wikibase.cloud/entity/Q37399	http://www.wikidata.org/entity/Q419454
https://ehkultura.wikibase.cloud/entity/Q37422	http://www.wikidata.org/entity/Q449505
https://ehkultura.wikibase.cloud/entity/Q37480	http://www.wikidata.org/entity/Q513196
https://ehkultura.wikibase.cloud/entity/Q37361	http://www.wikidata.org/entity/Q547485
https://ehkultura.wikibase.cloud/entity/Q37608	http://www.wikidata.org/entity/Q519869
https://ehkultura.wikibase.cloud/entity/Q37574	http://www.wikidata.org/entity/Q538534
https://ehkultura.wikibase.cloud/entity/Q37332	http://www.wikidata.org/entity/Q671527
https://ehkultura.wikibase.cloud/entity/Q37311	http://www.wikidata.org/entity/Q769868
https://ehkultura.wikibase.cloud/entity/Q37309	http://www.wikidata.org/entity/Q824923
https://ehkultura.wikibase.cloud/entity/Q37428	http://www.wikidata.org/entity/Q931923
https://ehkultura.wikibase.cloud/entity/Q37474	http://www.wikidata.org/entity/Q1284710
https://ehkultura.wikibase.cloud/entity/Q37289	http://www.wikidata.org/entity/Q1715499
https://ehkultura.wikibase.cloud/entity/Q37497	http://www.wikidata.org/entity/Q2317903
https://ehkultura.wikibase.cloud/entity/Q37276	http://www.wikidata.org/entity/Q2662864
https://ehkultura.wikibase.cloud/entity/Q37313	http://www.wikidata.org/entity/Q2861209
https://ehkultura.wikibase.cloud/entity/Q37453	http://www.wikidata.org/entity/Q2939589
https://ehkultura.wikibase.cloud/entity/Q37368	http://www.wikidata.org/entity/Q3167219
https://ehkultura.wikibase.cloud/entity/Q37506	http://www.wikidata.org/entity/Q3166771
https://ehkultura.wikibase.cloud/entity/Q37458	http://www.wikidata.org/entity/Q4685026
https://ehkultura.wikibase.cloud/entity/Q37400	http://www.wikidata.org/entity/Q4882183
https://ehkultura.wikibase.cloud/entity/Q37477	http://www.wikidata.org/entity/Q5129179
https://ehkultura.wikibase.cloud/entity/Q37585	http://www.wikidata.org/entity/Q5677780
https://ehkultura.wikibase.cloud/entity/Q37326	http://www.wikidata.org/entity/Q5831235
https://ehkultura.wikibase.cloud/entity/Q37409	http://www.wikidata.org/entity/Q5819744
https://ehkultura.wikibase.cloud/entity/Q37268	http://www.wikidata.org/entity/Q5983468
https://ehkultura.wikibase.cloud/entity/Q37605	http://www.wikidata.org/entity/Q5942435
https://ehkultura.wikibase.cloud/entity/Q37598	http://www.wikidata.org/entity/Q5954027
https://ehkultura.wikibase.cloud/entity/Q37476	http://www.wikidata.org/entity/Q6033285
https://ehkultura.wikibase.cloud/entity/Q37398	http://www.wikidata.org/entity/Q6175211
https://ehkultura.wikibase.cloud/entity/Q37482	http://www.wikidata.org/entity/Q7340024
https://ehkultura.wikibase.cloud/entity/Q37512	http://www.wikidata.org/entity/Q7358173
https://ehkultura.wikibase.cloud/entity/Q37299	http://www.wikidata.org/entity/Q9016019
https://ehkultura.wikibase.cloud/entity/Q37588	http://www.wikidata.org/entity/Q9066920
https://ehkultura.wikibase.cloud/entity/Q37317	http://www.wikidata.org/entity/Q12263579
https://ehkultura.wikibase.cloud/entity/Q37407	http://www.wikidata.org/entity/Q12254917
https://ehkultura.wikibase.cloud/entity/Q37509	http://www.wikidata.org/entity/Q17325807
https://ehkultura.wikibase.cloud/entity/Q37420	http://www.wikidata.org/entity/Q18753268
https://ehkultura.wikibase.cloud/entity/Q37636	http://www.wikidata.org/entity/Q21290825
https://ehkultura.wikibase.cloud/entity/Q37435	http://www.wikidata.org/entity/Q22226592
https://ehkultura.wikibase.cloud/entity/Q37300	http://www.wikidata.org/entity/Q27982952
https://ehkultura.wikibase.cloud/entity/Q37376	http://www.wikidata.org/entity/Q28542756
https://ehkultura.wikibase.cloud/entity/Q37301	http://www.wikidata.org/entity/Q30884545
https://ehkultura.wikibase.cloud/entity/Q37283	http://www.wikidata.org/entity/Q33176726
https://ehkultura.wikibase.cloud/entity/Q37553	http://www.wikidata.org/entity/Q47539283
https://ehkultura.wikibase.cloud/entity/Q37304	http://www.wikidata.org/entity/Q56000771
https://ehkultura.wikibase.cloud/entity/Q37511	http://www.wikidata.org/entity/Q57810131
https://ehkultura.wikibase.cloud/entity/Q37609	http://www.wikidata.org/entity/Q62562297
https://ehkultura.wikibase.cloud/entity/Q37599	http://www.wikidata.org/entity/Q66613912
https://ehkultura.wikibase.cloud/entity/Q37444	http://www.wikidata.org/entity/Q85290921
https://ehkultura.wikibase.cloud/entity/Q37481	http://www.wikidata.org/entity/Q85416063
https://ehkultura.wikibase.cloud/entity/Q37490	http://www.wikidata.org/entity/Q93380991
https://ehkultura.wikibase.cloud/entity/Q37569	http://www.wikidata.org/entity/Q93371379
https://ehkultura.wikibase.cloud/entity/Q37323	http://www.wikidata.org/entity/Q95332634
https://ehkultura.wikibase.cloud/entity/Q37387	http://www.wikidata.org/entity/Q95639795
https://ehkultura.wikibase.cloud/entity/Q37373	http://www.wikidata.org/entity/Q96054725
https://ehkultura.wikibase.cloud/entity/Q37310	http://www.wikidata.org/entity/Q97351795
https://ehkultura.wikibase.cloud/entity/Q37370	http://www.wikidata.org/entity/Q98769413
https://ehkultura.wikibase.cloud/entity/Q37274	http://www.wikidata.org/entity/Q104370625
https://ehkultura.wikibase.cloud/entity/Q37363	http://www.wikidata.org/entity/Q105834403
https://ehkultura.wikibase.cloud/entity/Q37593	http://www.wikidata.org/entity/Q110261512
https://ehkultura.wikibase.cloud/entity/Q37338	http://www.wikidata.org/entity/Q112455795
https://ehkultura.wikibase.cloud/entity/Q37516	http://www.wikidata.org/entity/Q112418408
https://ehkultura.wikibase.cloud/entity/Q37505	http://www.wikidata.org/entity/Q112439288
https://ehkultura.wikibase.cloud/entity/Q37306	http://www.wikidata.org/entity/Q112493871
https://ehkultura.wikibase.cloud/entity/Q37383	http://www.wikidata.org/entity/Q112498577
https://ehkultura.wikibase.cloud/entity/Q37567	http://www.wikidata.org/entity/Q112460747
https://ehkultura.wikibase.cloud/entity/Q37559	http://www.wikidata.org/entity/Q112547018
https://ehkultura.wikibase.cloud/entity/Q37628	http://www.wikidata.org/entity/Q112545297
https://ehkultura.wikibase.cloud/entity/Q37531	http://www.wikidata.org/entity/Q113153241
https://ehkultura.wikibase.cloud/entity/Q37354	http://www.wikidata.org/entity/Q113730790
https://ehkultura.wikibase.cloud/entity/Q37524	http://www.wikidata.org/entity/Q113774260
https://ehkultura.wikibase.cloud/entity/Q37385	http://www.wikidata.org/entity/Q113834835
https://ehkultura.wikibase.cloud/entity/Q37565	http://www.wikidata.org/entity/Q113821850
https://ehkultura.wikibase.cloud/entity/Q37485	http://www.wikidata.org/entity/Q115483331
https://ehkultura.wikibase.cloud/entity/Q37528	http://www.wikidata.org/entity/Q124435243
https://ehkultura.wikibase.cloud/entity/Q37350	http://www.wikidata.org/entity/Q130243739
https://ehkultura.wikibase.cloud/entity/Q37548	http://www.wikidata.org/entity/Q132167145
https://ehkultura.wikibase.cloud/entity/Q37396	http://www.wikidata.org/entity/Q132775344
https://ehkultura.wikibase.cloud/entity/Q37302	http://www.wikidata.org/entity/Q42574
https://ehkultura.wikibase.cloud/entity/Q37424	http://www.wikidata.org/entity/Q23481
https://ehkultura.wikibase.cloud/entity/Q37557	http://www.wikidata.org/entity/Q352
https://ehkultura.wikibase.cloud/entity/Q37578	http://www.wikidata.org/entity/Q47087
https://ehkultura.wikibase.cloud/entity/Q37517	http://www.wikidata.org/entity/Q61530
https://ehkultura.wikibase.cloud/entity/Q41369	http://www.wikidata.org/entity/Q123638
https://ehkultura.wikibase.cloud/entity/Q31677	http://www.wikidata.org/entity/Q123143
https://ehkultura.wikibase.cloud/entity/Q31588	http://www.wikidata.org/entity/Q180619
https://ehkultura.wikibase.cloud/entity/Q31648	http://www.wikidata.org/entity/Q165648
https://ehkultura.wikibase.cloud/entity/Q31664	http://www.wikidata.org/entity/Q172840
https://ehkultura.wikibase.cloud/entity/Q31689	http://www.wikidata.org/entity/Q184622
https://ehkultura.wikibase.cloud/entity/Q31637	http://www.wikidata.org/entity/Q266247
https://ehkultura.wikibase.cloud/entity/Q31522	http://www.wikidata.org/entity/Q325489
https://ehkultura.wikibase.cloud/entity/Q31599	http://www.wikidata.org/entity/Q316531
https://ehkultura.wikibase.cloud/entity/Q31641	http://www.wikidata.org/entity/Q317521
https://ehkultura.wikibase.cloud/entity/Q31662	http://www.wikidata.org/entity/Q358061
https://ehkultura.wikibase.cloud/entity/Q31640	http://www.wikidata.org/entity/Q365388
https://ehkultura.wikibase.cloud/entity/Q31698	http://www.wikidata.org/entity/Q362349
https://ehkultura.wikibase.cloud/entity/Q31607	http://www.wikidata.org/entity/Q475655
https://ehkultura.wikibase.cloud/entity/Q31642	http://www.wikidata.org/entity/Q537021
https://ehkultura.wikibase.cloud/entity/Q31598	http://www.wikidata.org/entity/Q555200
https://ehkultura.wikibase.cloud/entity/Q31684	http://www.wikidata.org/entity/Q558114
https://ehkultura.wikibase.cloud/entity/Q31682	http://www.wikidata.org/entity/Q657402
https://ehkultura.wikibase.cloud/entity/Q31476	http://www.wikidata.org/entity/Q711903
https://ehkultura.wikibase.cloud/entity/Q31712	http://www.wikidata.org/entity/Q948424
https://ehkultura.wikibase.cloud/entity/Q31714	http://www.wikidata.org/entity/Q1108379
https://ehkultura.wikibase.cloud/entity/Q31690	http://www.wikidata.org/entity/Q1235658
https://ehkultura.wikibase.cloud/entity/Q31537	http://www.wikidata.org/entity/Q1379183
https://ehkultura.wikibase.cloud/entity/Q31595	http://www.wikidata.org/entity/Q1394112
https://ehkultura.wikibase.cloud/entity/Q31496	http://www.wikidata.org/entity/Q1525473
https://ehkultura.wikibase.cloud/entity/Q31686	http://www.wikidata.org/entity/Q1575689
https://ehkultura.wikibase.cloud/entity/Q31630	http://www.wikidata.org/entity/Q1643179
https://ehkultura.wikibase.cloud/entity/Q31583	http://www.wikidata.org/entity/Q1699460
https://ehkultura.wikibase.cloud/entity/Q31579	http://www.wikidata.org/entity/Q1735903
https://ehkultura.wikibase.cloud/entity/Q31619	http://www.wikidata.org/entity/Q1900081
https://ehkultura.wikibase.cloud/entity/Q31694	http://www.wikidata.org/entity/Q2449260
https://ehkultura.wikibase.cloud/entity/Q31593	http://www.wikidata.org/entity/Q2857307
https://ehkultura.wikibase.cloud/entity/Q31673	http://www.wikidata.org/entity/Q3100099
https://ehkultura.wikibase.cloud/entity/Q31701	http://www.wikidata.org/entity/Q3166761
https://ehkultura.wikibase.cloud/entity/Q31661	http://www.wikidata.org/entity/Q3189167
https://ehkultura.wikibase.cloud/entity/Q31478	http://www.wikidata.org/entity/Q3394019
https://ehkultura.wikibase.cloud/entity/Q31559	http://www.wikidata.org/entity/Q3848721
https://ehkultura.wikibase.cloud/entity/Q31663	http://www.wikidata.org/entity/Q3903266
https://ehkultura.wikibase.cloud/entity/Q31499	http://www.wikidata.org/entity/Q4894325
https://ehkultura.wikibase.cloud/entity/Q31545	http://www.wikidata.org/entity/Q5213223
https://ehkultura.wikibase.cloud/entity/Q31502	http://www.wikidata.org/entity/Q5362752
https://ehkultura.wikibase.cloud/entity/Q31481	http://www.wikidata.org/entity/Q5643168
https://ehkultura.wikibase.cloud/entity/Q31635	http://www.wikidata.org/entity/Q5698589
https://ehkultura.wikibase.cloud/entity/Q31609	http://www.wikidata.org/entity/Q5794961
https://ehkultura.wikibase.cloud/entity/Q31498	http://www.wikidata.org/entity/Q7363836
https://ehkultura.wikibase.cloud/entity/Q31655	http://www.wikidata.org/entity/Q7345886
https://ehkultura.wikibase.cloud/entity/Q31544	http://www.wikidata.org/entity/Q9015719
https://ehkultura.wikibase.cloud/entity/Q31586	http://www.wikidata.org/entity/Q9024950
https://ehkultura.wikibase.cloud/entity/Q31647	http://www.wikidata.org/entity/Q9011246
https://ehkultura.wikibase.cloud/entity/Q31623	http://www.wikidata.org/entity/Q9034903
https://ehkultura.wikibase.cloud/entity/Q31656	http://www.wikidata.org/entity/Q11690603
https://ehkultura.wikibase.cloud/entity/Q31652	http://www.wikidata.org/entity/Q12261437
https://ehkultura.wikibase.cloud/entity/Q31578	http://www.wikidata.org/entity/Q15140589
https://ehkultura.wikibase.cloud/entity/Q31665	http://www.wikidata.org/entity/Q15833793
https://ehkultura.wikibase.cloud/entity/Q31718	http://www.wikidata.org/entity/Q16019396
https://ehkultura.wikibase.cloud/entity/Q31581	http://www.wikidata.org/entity/Q16578142
https://ehkultura.wikibase.cloud/entity/Q31611	http://www.wikidata.org/entity/Q19301880
https://ehkultura.wikibase.cloud/entity/Q31546	http://www.wikidata.org/entity/Q20685693
https://ehkultura.wikibase.cloud/entity/Q31660	http://www.wikidata.org/entity/Q20687408
https://ehkultura.wikibase.cloud/entity/Q31521	http://www.wikidata.org/entity/Q23498743
https://ehkultura.wikibase.cloud/entity/Q31553	http://www.wikidata.org/entity/Q23670993
https://ehkultura.wikibase.cloud/entity/Q31636	http://www.wikidata.org/entity/Q23662763
https://ehkultura.wikibase.cloud/entity/Q31649	http://www.wikidata.org/entity/Q23713544
https://ehkultura.wikibase.cloud/entity/Q31683	http://www.wikidata.org/entity/Q23785270
https://ehkultura.wikibase.cloud/entity/Q31713	http://www.wikidata.org/entity/Q29345159
https://ehkultura.wikibase.cloud/entity/Q31551	http://www.wikidata.org/entity/Q37924763
https://ehkultura.wikibase.cloud/entity/Q31703	http://www.wikidata.org/entity/Q52148670
https://ehkultura.wikibase.cloud/entity/Q31506	http://www.wikidata.org/entity/Q53553886
https://ehkultura.wikibase.cloud/entity/Q31577	http://www.wikidata.org/entity/Q55773079
https://ehkultura.wikibase.cloud/entity/Q31696	http://www.wikidata.org/entity/Q55948634
https://ehkultura.wikibase.cloud/entity/Q31616	http://www.wikidata.org/entity/Q58779481
https://ehkultura.wikibase.cloud/entity/Q31653	http://www.wikidata.org/entity/Q60826834
https://ehkultura.wikibase.cloud/entity/Q31679	http://www.wikidata.org/entity/Q64026936
https://ehkultura.wikibase.cloud/entity/Q31490	http://www.wikidata.org/entity/Q65970334
https://ehkultura.wikibase.cloud/entity/Q31608	http://www.wikidata.org/entity/Q80564635
https://ehkultura.wikibase.cloud/entity/Q31477	http://www.wikidata.org/entity/Q85405025
https://ehkultura.wikibase.cloud/entity/Q31497	http://www.wikidata.org/entity/Q92922521
https://ehkultura.wikibase.cloud/entity/Q31590	http://www.wikidata.org/entity/Q93370534
https://ehkultura.wikibase.cloud/entity/Q31591	http://www.wikidata.org/entity/Q93386338
https://ehkultura.wikibase.cloud/entity/Q31493	http://www.wikidata.org/entity/Q93434260
https://ehkultura.wikibase.cloud/entity/Q31542	http://www.wikidata.org/entity/Q93427419
https://ehkultura.wikibase.cloud/entity/Q31557	http://www.wikidata.org/entity/Q93433344
https://ehkultura.wikibase.cloud/entity/Q31568	http://www.wikidata.org/entity/Q93432119
https://ehkultura.wikibase.cloud/entity/Q31654	http://www.wikidata.org/entity/Q93428243
https://ehkultura.wikibase.cloud/entity/Q31556	http://www.wikidata.org/entity/Q99495589
https://ehkultura.wikibase.cloud/entity/Q31719	http://www.wikidata.org/entity/Q104382535
https://ehkultura.wikibase.cloud/entity/Q31500	http://www.wikidata.org/entity/Q112444452
https://ehkultura.wikibase.cloud/entity/Q31650	http://www.wikidata.org/entity/Q112466968
https://ehkultura.wikibase.cloud/entity/Q31509	http://www.wikidata.org/entity/Q124857948
https://ehkultura.wikibase.cloud/entity/Q31651	http://www.wikidata.org/entity/Q126951885
https://ehkultura.wikibase.cloud/entity/Q31504	http://www.wikidata.org/entity/Q21585
https://ehkultura.wikibase.cloud/entity/Q31596	http://www.wikidata.org/entity/Q5879
https://ehkultura.wikibase.cloud/entity/Q31631	http://www.wikidata.org/entity/Q19504
https://ehkultura.wikibase.cloud/entity/Q31699	http://www.wikidata.org/entity/Q5589
https://ehkultura.wikibase.cloud/entity/Q31706	http://www.wikidata.org/entity/Q44007
https://ehkultura.wikibase.cloud/entity/Q31676	http://www.wikidata.org/entity/Q55422
https://ehkultura.wikibase.cloud/entity/Q32781	http://www.wikidata.org/entity/Q96742
https://ehkultura.wikibase.cloud/entity/Q32755	http://www.wikidata.org/entity/Q120993
https://ehkultura.wikibase.cloud/entity/Q32710	http://www.wikidata.org/entity/Q154335
https://ehkultura.wikibase.cloud/entity/Q32705	http://www.wikidata.org/entity/Q170411
https://ehkultura.wikibase.cloud/entity/Q32746	http://www.wikidata.org/entity/Q164358
https://ehkultura.wikibase.cloud/entity/Q41543	http://www.wikidata.org/entity/Q168919
https://ehkultura.wikibase.cloud/entity/Q41690	http://www.wikidata.org/entity/Q152176
https://ehkultura.wikibase.cloud/entity/Q41316	http://www.wikidata.org/entity/Q264527
https://ehkultura.wikibase.cloud/entity/Q41486	http://www.wikidata.org/entity/Q298242
https://ehkultura.wikibase.cloud/entity/Q41474	http://www.wikidata.org/entity/Q325087
https://ehkultura.wikibase.cloud/entity/Q41356	http://www.wikidata.org/entity/Q354575
https://ehkultura.wikibase.cloud/entity/Q41285	http://www.wikidata.org/entity/Q388404
https://ehkultura.wikibase.cloud/entity/Q41668	http://www.wikidata.org/entity/Q355237
https://ehkultura.wikibase.cloud/entity/Q41287	http://www.wikidata.org/entity/Q455743
https://ehkultura.wikibase.cloud/entity/Q41326	http://www.wikidata.org/entity/Q458734
https://ehkultura.wikibase.cloud/entity/Q41397	http://www.wikidata.org/entity/Q453816
https://ehkultura.wikibase.cloud/entity/Q41449	http://www.wikidata.org/entity/Q447300
https://ehkultura.wikibase.cloud/entity/Q41550	http://www.wikidata.org/entity/Q435278
https://ehkultura.wikibase.cloud/entity/Q41305	http://www.wikidata.org/entity/Q529178
https://ehkultura.wikibase.cloud/entity/Q41439	http://www.wikidata.org/entity/Q634899
https://ehkultura.wikibase.cloud/entity/Q41540	http://www.wikidata.org/entity/Q704012
https://ehkultura.wikibase.cloud/entity/Q41667	http://www.wikidata.org/entity/Q723867
https://ehkultura.wikibase.cloud/entity/Q41393	http://www.wikidata.org/entity/Q969726
https://ehkultura.wikibase.cloud/entity/Q41637	http://www.wikidata.org/entity/Q994980
https://ehkultura.wikibase.cloud/entity/Q41693	http://www.wikidata.org/entity/Q1350177
https://ehkultura.wikibase.cloud/entity/Q41692	http://www.wikidata.org/entity/Q1589285
https://ehkultura.wikibase.cloud/entity/Q41442	http://www.wikidata.org/entity/Q1676293
https://ehkultura.wikibase.cloud/entity/Q41688	http://www.wikidata.org/entity/Q1976619
https://ehkultura.wikibase.cloud/entity/Q41340	http://www.wikidata.org/entity/Q2376014
https://ehkultura.wikibase.cloud/entity/Q41772	http://www.wikidata.org/entity/Q2519220
https://ehkultura.wikibase.cloud/entity/Q41432	http://www.wikidata.org/entity/Q2851498
https://ehkultura.wikibase.cloud/entity/Q41322	http://www.wikidata.org/entity/Q3048673
https://ehkultura.wikibase.cloud/entity/Q41448	http://www.wikidata.org/entity/Q3020807
https://ehkultura.wikibase.cloud/entity/Q41344	http://www.wikidata.org/entity/Q3072375
https://ehkultura.wikibase.cloud/entity/Q41467	http://www.wikidata.org/entity/Q3081649
https://ehkultura.wikibase.cloud/entity/Q41747	http://www.wikidata.org/entity/Q3018986
https://ehkultura.wikibase.cloud/entity/Q41526	http://www.wikidata.org/entity/Q3094055
https://ehkultura.wikibase.cloud/entity/Q41364	http://www.wikidata.org/entity/Q3189433
https://ehkultura.wikibase.cloud/entity/Q41370	http://www.wikidata.org/entity/Q3266879
https://ehkultura.wikibase.cloud/entity/Q41696	http://www.wikidata.org/entity/Q3292217
https://ehkultura.wikibase.cloud/entity/Q41755	http://www.wikidata.org/entity/Q3311444
https://ehkultura.wikibase.cloud/entity/Q41590	http://www.wikidata.org/entity/Q4649967
https://ehkultura.wikibase.cloud/entity/Q41346	http://www.wikidata.org/entity/Q5248184
https://ehkultura.wikibase.cloud/entity/Q41513	http://www.wikidata.org/entity/Q5434926
https://ehkultura.wikibase.cloud/entity/Q41391	http://www.wikidata.org/entity/Q5558546
https://ehkultura.wikibase.cloud/entity/Q41514	http://www.wikidata.org/entity/Q5855532
https://ehkultura.wikibase.cloud/entity/Q41573	http://www.wikidata.org/entity/Q5850445
https://ehkultura.wikibase.cloud/entity/Q41625	http://www.wikidata.org/entity/Q5934282
https://ehkultura.wikibase.cloud/entity/Q41484	http://www.wikidata.org/entity/Q6037144
https://ehkultura.wikibase.cloud/entity/Q41652	http://www.wikidata.org/entity/Q6272026
https://ehkultura.wikibase.cloud/entity/Q41338	http://www.wikidata.org/entity/Q6834517
https://ehkultura.wikibase.cloud/entity/Q41295	http://www.wikidata.org/entity/Q7172590
https://ehkultura.wikibase.cloud/entity/Q41648	http://www.wikidata.org/entity/Q7160717
https://ehkultura.wikibase.cloud/entity/Q41533	http://www.wikidata.org/entity/Q7407474
https://ehkultura.wikibase.cloud/entity/Q41712	http://www.wikidata.org/entity/Q7705020
https://ehkultura.wikibase.cloud/entity/Q41531	http://www.wikidata.org/entity/Q8201257
https://ehkultura.wikibase.cloud/entity/Q41332	http://www.wikidata.org/entity/Q9015330
https://ehkultura.wikibase.cloud/entity/Q41459	http://www.wikidata.org/entity/Q9067954
https://ehkultura.wikibase.cloud/entity/Q41504	http://www.wikidata.org/entity/Q10319937
https://ehkultura.wikibase.cloud/entity/Q41628	http://www.wikidata.org/entity/Q12230698
https://ehkultura.wikibase.cloud/entity/Q41489	http://www.wikidata.org/entity/Q15920965
https://ehkultura.wikibase.cloud/entity/Q41742	http://www.wikidata.org/entity/Q16193749
https://ehkultura.wikibase.cloud/entity/Q41334	http://www.wikidata.org/entity/Q19301297
https://ehkultura.wikibase.cloud/entity/Q41674	http://www.wikidata.org/entity/Q19301369
https://ehkultura.wikibase.cloud/entity/Q41644	http://www.wikidata.org/entity/Q19404427
https://ehkultura.wikibase.cloud/entity/Q41487	http://www.wikidata.org/entity/Q20006711
https://ehkultura.wikibase.cloud/entity/Q41528	http://www.wikidata.org/entity/Q20006044
https://ehkultura.wikibase.cloud/entity/Q41583	http://www.wikidata.org/entity/Q20127292
https://ehkultura.wikibase.cloud/entity/Q41469	http://www.wikidata.org/entity/Q20534611
https://ehkultura.wikibase.cloud/entity/Q41522	http://www.wikidata.org/entity/Q21034701
https://ehkultura.wikibase.cloud/entity/Q41343	http://www.wikidata.org/entity/Q21530797
https://ehkultura.wikibase.cloud/entity/Q41638	http://www.wikidata.org/entity/Q23006348
https://ehkultura.wikibase.cloud/entity/Q41294	http://www.wikidata.org/entity/Q24015726
https://ehkultura.wikibase.cloud/entity/Q41723	http://www.wikidata.org/entity/Q24055304
https://ehkultura.wikibase.cloud/entity/Q41392	http://www.wikidata.org/entity/Q26155343
https://ehkultura.wikibase.cloud/entity/Q41336	http://www.wikidata.org/entity/Q28921555
https://ehkultura.wikibase.cloud/entity/Q41410	http://www.wikidata.org/entity/Q29436228
https://ehkultura.wikibase.cloud/entity/Q41284	http://www.wikidata.org/entity/Q46996968
https://ehkultura.wikibase.cloud/entity/Q41698	http://www.wikidata.org/entity/Q53547281
https://ehkultura.wikibase.cloud/entity/Q41415	http://www.wikidata.org/entity/Q55688205
https://ehkultura.wikibase.cloud/entity/Q41639	http://www.wikidata.org/entity/Q55688815
https://ehkultura.wikibase.cloud/entity/Q41725	http://www.wikidata.org/entity/Q55987536
https://ehkultura.wikibase.cloud/entity/Q41615	http://www.wikidata.org/entity/Q59914519
https://ehkultura.wikibase.cloud/entity/Q41472	http://www.wikidata.org/entity/Q78800745
https://ehkultura.wikibase.cloud/entity/Q41524	http://www.wikidata.org/entity/Q85099882
https://ehkultura.wikibase.cloud/entity/Q41491	http://www.wikidata.org/entity/Q93419342
https://ehkultura.wikibase.cloud/entity/Q41530	http://www.wikidata.org/entity/Q93435926
https://ehkultura.wikibase.cloud/entity/Q41749	http://www.wikidata.org/entity/Q93430040
https://ehkultura.wikibase.cloud/entity/Q41434	http://www.wikidata.org/entity/Q95287182
https://ehkultura.wikibase.cloud/entity/Q41409	http://www.wikidata.org/entity/Q98459325
https://ehkultura.wikibase.cloud/entity/Q41433	http://www.wikidata.org/entity/Q104411005
https://ehkultura.wikibase.cloud/entity/Q41740	http://www.wikidata.org/entity/Q105806880
https://ehkultura.wikibase.cloud/entity/Q41329	http://www.wikidata.org/entity/Q106585362
https://ehkultura.wikibase.cloud/entity/Q41756	http://www.wikidata.org/entity/Q106517276
https://ehkultura.wikibase.cloud/entity/Q41546	http://www.wikidata.org/entity/Q110056370
https://ehkultura.wikibase.cloud/entity/Q41318	http://www.wikidata.org/entity/Q112368573
https://ehkultura.wikibase.cloud/entity/Q41379	http://www.wikidata.org/entity/Q112507156
https://ehkultura.wikibase.cloud/entity/Q41570	http://www.wikidata.org/entity/Q112538183
https://ehkultura.wikibase.cloud/entity/Q41670	http://www.wikidata.org/entity/Q112519953
https://ehkultura.wikibase.cloud/entity/Q41727	http://www.wikidata.org/entity/Q112917731
https://ehkultura.wikibase.cloud/entity/Q41585	http://www.wikidata.org/entity/Q118083562
https://ehkultura.wikibase.cloud/entity/Q41478	http://www.wikidata.org/entity/Q124335524
https://ehkultura.wikibase.cloud/entity/Q41437	http://www.wikidata.org/entity/Q132528030
https://ehkultura.wikibase.cloud/entity/Q41367	http://www.wikidata.org/entity/Q40640
https://ehkultura.wikibase.cloud/entity/Q36110	http://www.wikidata.org/entity/Q103158
https://ehkultura.wikibase.cloud/entity/Q42344	http://www.wikidata.org/entity/Q310161
https://ehkultura.wikibase.cloud/entity/Q42050	http://www.wikidata.org/entity/Q506069
https://ehkultura.wikibase.cloud/entity/Q42179	http://www.wikidata.org/entity/Q487604
https://ehkultura.wikibase.cloud/entity/Q42032	http://www.wikidata.org/entity/Q569003
https://ehkultura.wikibase.cloud/entity/Q42284	http://www.wikidata.org/entity/Q573178
https://ehkultura.wikibase.cloud/entity/Q41894	http://www.wikidata.org/entity/Q970619
https://ehkultura.wikibase.cloud/entity/Q42044	http://www.wikidata.org/entity/Q939168
https://ehkultura.wikibase.cloud/entity/Q41916	http://www.wikidata.org/entity/Q975994
https://ehkultura.wikibase.cloud/entity/Q42307	http://www.wikidata.org/entity/Q1116470
https://ehkultura.wikibase.cloud/entity/Q42227	http://www.wikidata.org/entity/Q1253772
https://ehkultura.wikibase.cloud/entity/Q41893	http://www.wikidata.org/entity/Q1383469
https://ehkultura.wikibase.cloud/entity/Q42136	http://www.wikidata.org/entity/Q1906316
https://ehkultura.wikibase.cloud/entity/Q41991	http://www.wikidata.org/entity/Q2075003
https://ehkultura.wikibase.cloud/entity/Q42038	http://www.wikidata.org/entity/Q2157090
https://ehkultura.wikibase.cloud/entity/Q42324	http://www.wikidata.org/entity/Q2439718
https://ehkultura.wikibase.cloud/entity/Q41879	http://www.wikidata.org/entity/Q2844999
https://ehkultura.wikibase.cloud/entity/Q41867	http://www.wikidata.org/entity/Q2975508
https://ehkultura.wikibase.cloud/entity/Q42091	http://www.wikidata.org/entity/Q3328360
https://ehkultura.wikibase.cloud/entity/Q42328	http://www.wikidata.org/entity/Q3287681
https://ehkultura.wikibase.cloud/entity/Q41950	http://www.wikidata.org/entity/Q3431254
https://ehkultura.wikibase.cloud/entity/Q42086	http://www.wikidata.org/entity/Q4772549
https://ehkultura.wikibase.cloud/entity/Q42164	http://www.wikidata.org/entity/Q4775527
https://ehkultura.wikibase.cloud/entity/Q42222	http://www.wikidata.org/entity/Q4895144
https://ehkultura.wikibase.cloud/entity/Q41825	http://www.wikidata.org/entity/Q5233838
https://ehkultura.wikibase.cloud/entity/Q41831	http://www.wikidata.org/entity/Q5290404
https://ehkultura.wikibase.cloud/entity/Q42309	http://www.wikidata.org/entity/Q5276807
https://ehkultura.wikibase.cloud/entity/Q42175	http://www.wikidata.org/entity/Q5668787
https://ehkultura.wikibase.cloud/entity/Q42101	http://www.wikidata.org/entity/Q6112553
https://ehkultura.wikibase.cloud/entity/Q41944	http://www.wikidata.org/entity/Q7051655
https://ehkultura.wikibase.cloud/entity/Q41773	http://www.wikidata.org/entity/Q8199415
https://ehkultura.wikibase.cloud/entity/Q41857	http://www.wikidata.org/entity/Q8202028
https://ehkultura.wikibase.cloud/entity/Q41835	http://www.wikidata.org/entity/Q11919323
https://ehkultura.wikibase.cloud/entity/Q41834	http://www.wikidata.org/entity/Q11922750
https://ehkultura.wikibase.cloud/entity/Q42120	http://www.wikidata.org/entity/Q12263212
https://ehkultura.wikibase.cloud/entity/Q42148	http://www.wikidata.org/entity/Q12260635
https://ehkultura.wikibase.cloud/entity/Q41861	http://www.wikidata.org/entity/Q15454805
https://ehkultura.wikibase.cloud/entity/Q42128	http://www.wikidata.org/entity/Q15493593
https://ehkultura.wikibase.cloud/entity/Q41898	http://www.wikidata.org/entity/Q15729390
https://ehkultura.wikibase.cloud/entity/Q41784	http://www.wikidata.org/entity/Q16006919
https://ehkultura.wikibase.cloud/entity/Q41862	http://www.wikidata.org/entity/Q16169219
https://ehkultura.wikibase.cloud/entity/Q42176	http://www.wikidata.org/entity/Q19300962
https://ehkultura.wikibase.cloud/entity/Q42261	http://www.wikidata.org/entity/Q19302042
https://ehkultura.wikibase.cloud/entity/Q42225	http://www.wikidata.org/entity/Q19631601
https://ehkultura.wikibase.cloud/entity/Q41858	http://www.wikidata.org/entity/Q20005914
https://ehkultura.wikibase.cloud/entity/Q42381	http://www.wikidata.org/entity/Q20630876
https://ehkultura.wikibase.cloud/entity/Q41897	http://www.wikidata.org/entity/Q22235740
https://ehkultura.wikibase.cloud/entity/Q41787	http://www.wikidata.org/entity/Q22813241
https://ehkultura.wikibase.cloud/entity/Q41899	http://www.wikidata.org/entity/Q28777050
https://ehkultura.wikibase.cloud/entity/Q41890	http://www.wikidata.org/entity/Q47500095
https://ehkultura.wikibase.cloud/entity/Q41900	http://www.wikidata.org/entity/Q50923814
https://ehkultura.wikibase.cloud/entity/Q41872	http://www.wikidata.org/entity/Q53550887
https://ehkultura.wikibase.cloud/entity/Q41896	http://www.wikidata.org/entity/Q55235926
https://ehkultura.wikibase.cloud/entity/Q42138	http://www.wikidata.org/entity/Q55629716
https://ehkultura.wikibase.cloud/entity/Q41888	http://www.wikidata.org/entity/Q55941638
https://ehkultura.wikibase.cloud/entity/Q42066	http://www.wikidata.org/entity/Q60676025
https://ehkultura.wikibase.cloud/entity/Q41938	http://www.wikidata.org/entity/Q63246919
https://ehkultura.wikibase.cloud/entity/Q41817	http://www.wikidata.org/entity/Q74878092
https://ehkultura.wikibase.cloud/entity/Q42359	http://www.wikidata.org/entity/Q77859698
https://ehkultura.wikibase.cloud/entity/Q42068	http://www.wikidata.org/entity/Q78845445
https://ehkultura.wikibase.cloud/entity/Q41801	http://www.wikidata.org/entity/Q93413280
https://ehkultura.wikibase.cloud/entity/Q42122	http://www.wikidata.org/entity/Q93434966
https://ehkultura.wikibase.cloud/entity/Q42113	http://www.wikidata.org/entity/Q93608438
https://ehkultura.wikibase.cloud/entity/Q42204	http://www.wikidata.org/entity/Q94523479
https://ehkultura.wikibase.cloud/entity/Q42258	http://www.wikidata.org/entity/Q95751321
https://ehkultura.wikibase.cloud/entity/Q42005	http://www.wikidata.org/entity/Q96784918
https://ehkultura.wikibase.cloud/entity/Q41882	http://www.wikidata.org/entity/Q100699864
https://ehkultura.wikibase.cloud/entity/Q41976	http://www.wikidata.org/entity/Q105491273
https://ehkultura.wikibase.cloud/entity/Q41820	http://www.wikidata.org/entity/Q110125645
https://ehkultura.wikibase.cloud/entity/Q42100	http://www.wikidata.org/entity/Q111495693
https://ehkultura.wikibase.cloud/entity/Q41783	http://www.wikidata.org/entity/Q112474293
https://ehkultura.wikibase.cloud/entity/Q42197	http://www.wikidata.org/entity/Q112483207
https://ehkultura.wikibase.cloud/entity/Q41864	http://www.wikidata.org/entity/Q112689266
https://ehkultura.wikibase.cloud/entity/Q41789	http://www.wikidata.org/entity/Q113778867
https://ehkultura.wikibase.cloud/entity/Q42201	http://www.wikidata.org/entity/Q116002068
https://ehkultura.wikibase.cloud/entity/Q42223	http://www.wikidata.org/entity/Q119841195
https://ehkultura.wikibase.cloud/entity/Q42300	http://www.wikidata.org/entity/Q123979706
https://ehkultura.wikibase.cloud/entity/Q41889	http://www.wikidata.org/entity/Q130619160
https://ehkultura.wikibase.cloud/entity/Q41875	http://www.wikidata.org/entity/Q132556572
https://ehkultura.wikibase.cloud/entity/Q41997	http://www.wikidata.org/entity/Q132959734
https://ehkultura.wikibase.cloud/entity/Q42200	http://www.wikidata.org/entity/Q133444982
https://ehkultura.wikibase.cloud/entity/Q41848	http://www.wikidata.org/entity/Q9235
https://ehkultura.wikibase.cloud/entity/Q41852	http://www.wikidata.org/entity/Q46248
https://ehkultura.wikibase.cloud/entity/Q42181	http://www.wikidata.org/entity/Q1001
https://ehkultura.wikibase.cloud/entity/Q42171	http://www.wikidata.org/entity/Q7314
https://ehkultura.wikibase.cloud/entity/Q42196	http://www.wikidata.org/entity/Q8958
https://ehkultura.wikibase.cloud/entity/Q42177	http://www.wikidata.org/entity/Q37767
https://ehkultura.wikibase.cloud/entity/Q42313	http://www.wikidata.org/entity/Q50713
https://ehkultura.wikibase.cloud/entity/Q42268	http://www.wikidata.org/entity/Q64397
https://ehkultura.wikibase.cloud/entity/Q42315	http://www.wikidata.org/entity/Q53009
https://ehkultura.wikibase.cloud/entity/Q42317	http://www.wikidata.org/entity/Q55401
https://ehkultura.wikibase.cloud/entity/Q44549	http://www.wikidata.org/entity/Q325741
https://ehkultura.wikibase.cloud/entity/Q44552	http://www.wikidata.org/entity/Q331376
https://ehkultura.wikibase.cloud/entity/Q44595	http://www.wikidata.org/entity/Q327293
https://ehkultura.wikibase.cloud/entity/Q44524	http://www.wikidata.org/entity/Q456521
https://ehkultura.wikibase.cloud/entity/Q44590	http://www.wikidata.org/entity/Q522964
https://ehkultura.wikibase.cloud/entity/Q44683	http://www.wikidata.org/entity/Q637274
https://ehkultura.wikibase.cloud/entity/Q44679	http://www.wikidata.org/entity/Q678193
https://ehkultura.wikibase.cloud/entity/Q44554	http://www.wikidata.org/entity/Q721662
https://ehkultura.wikibase.cloud/entity/Q44659	http://www.wikidata.org/entity/Q699736
https://ehkultura.wikibase.cloud/entity/Q44618	http://www.wikidata.org/entity/Q747459
https://ehkultura.wikibase.cloud/entity/Q44646	http://www.wikidata.org/entity/Q970973
https://ehkultura.wikibase.cloud/entity/Q44752	http://www.wikidata.org/entity/Q1453660
https://ehkultura.wikibase.cloud/entity/Q44528	http://www.wikidata.org/entity/Q1568606
https://ehkultura.wikibase.cloud/entity/Q44430	http://www.wikidata.org/entity/Q1627527
https://ehkultura.wikibase.cloud/entity/Q44699	http://www.wikidata.org/entity/Q1812792
https://ehkultura.wikibase.cloud/entity/Q44651	http://www.wikidata.org/entity/Q1903090
https://ehkultura.wikibase.cloud/entity/Q44605	http://www.wikidata.org/entity/Q2209689
https://ehkultura.wikibase.cloud/entity/Q44431	http://www.wikidata.org/entity/Q2524339
https://ehkultura.wikibase.cloud/entity/Q44725	http://www.wikidata.org/entity/Q2878478
https://ehkultura.wikibase.cloud/entity/Q44722	http://www.wikidata.org/entity/Q2934539
https://ehkultura.wikibase.cloud/entity/Q44692	http://www.wikidata.org/entity/Q2975120
https://ehkultura.wikibase.cloud/entity/Q44499	http://www.wikidata.org/entity/Q3081457
https://ehkultura.wikibase.cloud/entity/Q44471	http://www.wikidata.org/entity/Q3357094
https://ehkultura.wikibase.cloud/entity/Q44708	http://www.wikidata.org/entity/Q3430656
https://ehkultura.wikibase.cloud/entity/Q44573	http://www.wikidata.org/entity/Q3893893
https://ehkultura.wikibase.cloud/entity/Q44566	http://www.wikidata.org/entity/Q4766990
https://ehkultura.wikibase.cloud/entity/Q44483	http://www.wikidata.org/entity/Q5361140
https://ehkultura.wikibase.cloud/entity/Q44555	http://www.wikidata.org/entity/Q5389127
https://ehkultura.wikibase.cloud/entity/Q44512	http://www.wikidata.org/entity/Q5604758
https://ehkultura.wikibase.cloud/entity/Q44509	http://www.wikidata.org/entity/Q5767846
https://ehkultura.wikibase.cloud/entity/Q44439	http://www.wikidata.org/entity/Q5800926
https://ehkultura.wikibase.cloud/entity/Q44557	http://www.wikidata.org/entity/Q5813151
https://ehkultura.wikibase.cloud/entity/Q44681	http://www.wikidata.org/entity/Q5865473
https://ehkultura.wikibase.cloud/entity/Q44707	http://www.wikidata.org/entity/Q5916302
https://ehkultura.wikibase.cloud/entity/Q44544	http://www.wikidata.org/entity/Q5977937
https://ehkultura.wikibase.cloud/entity/Q44637	http://www.wikidata.org/entity/Q6068221
https://ehkultura.wikibase.cloud/entity/Q44601	http://www.wikidata.org/entity/Q6123711
https://ehkultura.wikibase.cloud/entity/Q44502	http://www.wikidata.org/entity/Q6161465
https://ehkultura.wikibase.cloud/entity/Q44743	http://www.wikidata.org/entity/Q7219629
https://ehkultura.wikibase.cloud/entity/Q44516	http://www.wikidata.org/entity/Q7357223
https://ehkultura.wikibase.cloud/entity/Q44493	http://www.wikidata.org/entity/Q7520122
https://ehkultura.wikibase.cloud/entity/Q44727	http://www.wikidata.org/entity/Q12269530
https://ehkultura.wikibase.cloud/entity/Q44429	http://www.wikidata.org/entity/Q16017730
https://ehkultura.wikibase.cloud/entity/Q44513	http://www.wikidata.org/entity/Q16177584
https://ehkultura.wikibase.cloud/entity/Q44749	http://www.wikidata.org/entity/Q17515983
https://ehkultura.wikibase.cloud/entity/Q44716	http://www.wikidata.org/entity/Q17580205
https://ehkultura.wikibase.cloud/entity/Q44677	http://www.wikidata.org/entity/Q19259448
https://ehkultura.wikibase.cloud/entity/Q44538	http://www.wikidata.org/entity/Q19895031
https://ehkultura.wikibase.cloud/entity/Q44508	http://www.wikidata.org/entity/Q22236802
https://ehkultura.wikibase.cloud/entity/Q44478	http://www.wikidata.org/entity/Q22911710
https://ehkultura.wikibase.cloud/entity/Q44652	http://www.wikidata.org/entity/Q23011837
https://ehkultura.wikibase.cloud/entity/Q44432	http://www.wikidata.org/entity/Q23729173
https://ehkultura.wikibase.cloud/entity/Q44450	http://www.wikidata.org/entity/Q28922770
https://ehkultura.wikibase.cloud/entity/Q44663	http://www.wikidata.org/entity/Q29555944
https://ehkultura.wikibase.cloud/entity/Q44615	http://www.wikidata.org/entity/Q29876698
https://ehkultura.wikibase.cloud/entity/Q44726	http://www.wikidata.org/entity/Q46934772
https://ehkultura.wikibase.cloud/entity/Q44583	http://www.wikidata.org/entity/Q53551234
https://ehkultura.wikibase.cloud/entity/Q44657	http://www.wikidata.org/entity/Q54575605
https://ehkultura.wikibase.cloud/entity/Q44656	http://www.wikidata.org/entity/Q54575654
https://ehkultura.wikibase.cloud/entity/Q44608	http://www.wikidata.org/entity/Q55687243
https://ehkultura.wikibase.cloud/entity/Q44444	http://www.wikidata.org/entity/Q56634495
https://ehkultura.wikibase.cloud/entity/Q44700	http://www.wikidata.org/entity/Q57883216
https://ehkultura.wikibase.cloud/entity/Q44634	http://www.wikidata.org/entity/Q57980179
https://ehkultura.wikibase.cloud/entity/Q44456	http://www.wikidata.org/entity/Q64026259
https://ehkultura.wikibase.cloud/entity/Q44687	http://www.wikidata.org/entity/Q64208159
https://ehkultura.wikibase.cloud/entity/Q44638	http://www.wikidata.org/entity/Q65161964
https://ehkultura.wikibase.cloud/entity/Q44489	http://www.wikidata.org/entity/Q66476609
https://ehkultura.wikibase.cloud/entity/Q44680	http://www.wikidata.org/entity/Q93379988
https://ehkultura.wikibase.cloud/entity/Q44553	http://www.wikidata.org/entity/Q93428417
https://ehkultura.wikibase.cloud/entity/Q44647	http://www.wikidata.org/entity/Q95184229
https://ehkultura.wikibase.cloud/entity/Q44731	http://www.wikidata.org/entity/Q95708919
https://ehkultura.wikibase.cloud/entity/Q44514	http://www.wikidata.org/entity/Q96989593
https://ehkultura.wikibase.cloud/entity/Q44594	http://www.wikidata.org/entity/Q106514856
https://ehkultura.wikibase.cloud/entity/Q44693	http://www.wikidata.org/entity/Q108697896
https://ehkultura.wikibase.cloud/entity/Q44684	http://www.wikidata.org/entity/Q110477014
https://ehkultura.wikibase.cloud/entity/Q44711	http://www.wikidata.org/entity/Q112499157
https://ehkultura.wikibase.cloud/entity/Q44621	http://www.wikidata.org/entity/Q112561707
https://ehkultura.wikibase.cloud/entity/Q44454	http://www.wikidata.org/entity/Q113753877
https://ehkultura.wikibase.cloud/entity/Q44491	http://www.wikidata.org/entity/Q116342046
https://ehkultura.wikibase.cloud/entity/Q44598	http://www.wikidata.org/entity/Q117836013
https://ehkultura.wikibase.cloud/entity/Q44639	http://www.wikidata.org/entity/Q123524176
https://ehkultura.wikibase.cloud/entity/Q44473	http://www.wikidata.org/entity/Q125303154
https://ehkultura.wikibase.cloud/entity/Q44584	http://www.wikidata.org/entity/Q7186
https://ehkultura.wikibase.cloud/entity/Q44579	http://www.wikidata.org/entity/Q41148
https://ehkultura.wikibase.cloud/entity/Q38640	http://www.wikidata.org/entity/Q71244
https://ehkultura.wikibase.cloud/entity/Q38523	http://www.wikidata.org/entity/Q138871
https://ehkultura.wikibase.cloud/entity/Q38558	http://www.wikidata.org/entity/Q154448
https://ehkultura.wikibase.cloud/entity/Q38722	http://www.wikidata.org/entity/Q123273
https://ehkultura.wikibase.cloud/entity/Q38590	http://www.wikidata.org/entity/Q163366
https://ehkultura.wikibase.cloud/entity/Q38641	http://www.wikidata.org/entity/Q188342
https://ehkultura.wikibase.cloud/entity/Q38656	http://www.wikidata.org/entity/Q189729
https://ehkultura.wikibase.cloud/entity/Q38564	http://www.wikidata.org/entity/Q216924
https://ehkultura.wikibase.cloud/entity/Q38731	http://www.wikidata.org/entity/Q207676
https://ehkultura.wikibase.cloud/entity/Q38710	http://www.wikidata.org/entity/Q236161
https://ehkultura.wikibase.cloud/entity/Q38828	http://www.wikidata.org/entity/Q233806
https://ehkultura.wikibase.cloud/entity/Q38559	http://www.wikidata.org/entity/Q317135
https://ehkultura.wikibase.cloud/entity/Q38662	http://www.wikidata.org/entity/Q318835
https://ehkultura.wikibase.cloud/entity/Q38860	http://www.wikidata.org/entity/Q292115
https://ehkultura.wikibase.cloud/entity/Q38791	http://www.wikidata.org/entity/Q313995
https://ehkultura.wikibase.cloud/entity/Q38846	http://www.wikidata.org/entity/Q346993
https://ehkultura.wikibase.cloud/entity/Q32977	http://www.wikidata.org/entity/Q116054
https://ehkultura.wikibase.cloud/entity/Q32770	http://www.wikidata.org/entity/Q235318
https://ehkultura.wikibase.cloud/entity/Q32814	http://www.wikidata.org/entity/Q263122
https://ehkultura.wikibase.cloud/entity/Q32692	http://www.wikidata.org/entity/Q304874
https://ehkultura.wikibase.cloud/entity/Q32950	http://www.wikidata.org/entity/Q251365
https://ehkultura.wikibase.cloud/entity/Q33026	http://www.wikidata.org/entity/Q282787
https://ehkultura.wikibase.cloud/entity/Q32878	http://www.wikidata.org/entity/Q323062
https://ehkultura.wikibase.cloud/entity/Q32706	http://www.wikidata.org/entity/Q380404
https://ehkultura.wikibase.cloud/entity/Q32879	http://www.wikidata.org/entity/Q431963
https://ehkultura.wikibase.cloud/entity/Q32897	http://www.wikidata.org/entity/Q428550
https://ehkultura.wikibase.cloud/entity/Q32956	http://www.wikidata.org/entity/Q432702
https://ehkultura.wikibase.cloud/entity/Q32851	http://www.wikidata.org/entity/Q463978
https://ehkultura.wikibase.cloud/entity/Q32810	http://www.wikidata.org/entity/Q522031
https://ehkultura.wikibase.cloud/entity/Q32904	http://www.wikidata.org/entity/Q524370
https://ehkultura.wikibase.cloud/entity/Q32765	http://www.wikidata.org/entity/Q563515
https://ehkultura.wikibase.cloud/entity/Q32989	http://www.wikidata.org/entity/Q542491
https://ehkultura.wikibase.cloud/entity/Q32799	http://www.wikidata.org/entity/Q689964
https://ehkultura.wikibase.cloud/entity/Q32684	http://www.wikidata.org/entity/Q733295
https://ehkultura.wikibase.cloud/entity/Q32741	http://www.wikidata.org/entity/Q826417
https://ehkultura.wikibase.cloud/entity/Q32763	http://www.wikidata.org/entity/Q924094
https://ehkultura.wikibase.cloud/entity/Q32845	http://www.wikidata.org/entity/Q1084567
https://ehkultura.wikibase.cloud/entity/Q32698	http://www.wikidata.org/entity/Q1288566
https://ehkultura.wikibase.cloud/entity/Q32830	http://www.wikidata.org/entity/Q1332482
https://ehkultura.wikibase.cloud/entity/Q32867	http://www.wikidata.org/entity/Q1360098
https://ehkultura.wikibase.cloud/entity/Q32742	http://www.wikidata.org/entity/Q1711547
https://ehkultura.wikibase.cloud/entity/Q32954	http://www.wikidata.org/entity/Q1897467
https://ehkultura.wikibase.cloud/entity/Q32917	http://www.wikidata.org/entity/Q2036428
https://ehkultura.wikibase.cloud/entity/Q32739	http://www.wikidata.org/entity/Q2441932
https://ehkultura.wikibase.cloud/entity/Q32914	http://www.wikidata.org/entity/Q2406301
https://ehkultura.wikibase.cloud/entity/Q32899	http://www.wikidata.org/entity/Q2437684
https://ehkultura.wikibase.cloud/entity/Q32906	http://www.wikidata.org/entity/Q3035158
https://ehkultura.wikibase.cloud/entity/Q32847	http://www.wikidata.org/entity/Q3159599
https://ehkultura.wikibase.cloud/entity/Q32714	http://www.wikidata.org/entity/Q3286949
https://ehkultura.wikibase.cloud/entity/Q32973	http://www.wikidata.org/entity/Q3721482
https://ehkultura.wikibase.cloud/entity/Q32832	http://www.wikidata.org/entity/Q3817219
https://ehkultura.wikibase.cloud/entity/Q32681	http://www.wikidata.org/entity/Q4777184
https://ehkultura.wikibase.cloud/entity/Q32884	http://www.wikidata.org/entity/Q4892666
https://ehkultura.wikibase.cloud/entity/Q32987	http://www.wikidata.org/entity/Q4893934
https://ehkultura.wikibase.cloud/entity/Q32761	http://www.wikidata.org/entity/Q5023364
https://ehkultura.wikibase.cloud/entity/Q32856	http://www.wikidata.org/entity/Q5397282
https://ehkultura.wikibase.cloud/entity/Q32693	http://www.wikidata.org/entity/Q5702699
https://ehkultura.wikibase.cloud/entity/Q32670	http://www.wikidata.org/entity/Q5991707
https://ehkultura.wikibase.cloud/entity/Q32840	http://www.wikidata.org/entity/Q6109589
https://ehkultura.wikibase.cloud/entity/Q32771	http://www.wikidata.org/entity/Q7143873
https://ehkultura.wikibase.cloud/entity/Q32962	http://www.wikidata.org/entity/Q7299737
https://ehkultura.wikibase.cloud/entity/Q32734	http://www.wikidata.org/entity/Q9030181
https://ehkultura.wikibase.cloud/entity/Q32964	http://www.wikidata.org/entity/Q10267757
https://ehkultura.wikibase.cloud/entity/Q32759	http://www.wikidata.org/entity/Q10900099
https://ehkultura.wikibase.cloud/entity/Q33000	http://www.wikidata.org/entity/Q11356355
https://ehkultura.wikibase.cloud/entity/Q32783	http://www.wikidata.org/entity/Q11681489
https://ehkultura.wikibase.cloud/entity/Q32947	http://www.wikidata.org/entity/Q11904889
https://ehkultura.wikibase.cloud/entity/Q32854	http://www.wikidata.org/entity/Q15436851
https://ehkultura.wikibase.cloud/entity/Q32963	http://www.wikidata.org/entity/Q15454286
https://ehkultura.wikibase.cloud/entity/Q32780	http://www.wikidata.org/entity/Q16976889
https://ehkultura.wikibase.cloud/entity/Q32773	http://www.wikidata.org/entity/Q17274578
https://ehkultura.wikibase.cloud/entity/Q32736	http://www.wikidata.org/entity/Q19268808
https://ehkultura.wikibase.cloud/entity/Q32703	http://www.wikidata.org/entity/Q19301169
https://ehkultura.wikibase.cloud/entity/Q32772	http://www.wikidata.org/entity/Q19560426
https://ehkultura.wikibase.cloud/entity/Q32697	http://www.wikidata.org/entity/Q19802627
https://ehkultura.wikibase.cloud/entity/Q32820	http://www.wikidata.org/entity/Q19841173
https://ehkultura.wikibase.cloud/entity/Q32853	http://www.wikidata.org/entity/Q23562217
https://ehkultura.wikibase.cloud/entity/Q32690	http://www.wikidata.org/entity/Q28841517
https://ehkultura.wikibase.cloud/entity/Q32801	http://www.wikidata.org/entity/Q29368501
https://ehkultura.wikibase.cloud/entity/Q33033	http://www.wikidata.org/entity/Q33105209
https://ehkultura.wikibase.cloud/entity/Q32995	http://www.wikidata.org/entity/Q40954690
https://ehkultura.wikibase.cloud/entity/Q32846	http://www.wikidata.org/entity/Q42381864
https://ehkultura.wikibase.cloud/entity/Q32992	http://www.wikidata.org/entity/Q47491736
https://ehkultura.wikibase.cloud/entity/Q32870	http://www.wikidata.org/entity/Q54859852
https://ehkultura.wikibase.cloud/entity/Q32758	http://www.wikidata.org/entity/Q55624471
https://ehkultura.wikibase.cloud/entity/Q32961	http://www.wikidata.org/entity/Q55940381
https://ehkultura.wikibase.cloud/entity/Q32926	http://www.wikidata.org/entity/Q56316302
https://ehkultura.wikibase.cloud/entity/Q32673	http://www.wikidata.org/entity/Q59527951
https://ehkultura.wikibase.cloud/entity/Q32707	http://www.wikidata.org/entity/Q61651940
https://ehkultura.wikibase.cloud/entity/Q32910	http://www.wikidata.org/entity/Q64995811
https://ehkultura.wikibase.cloud/entity/Q32769	http://www.wikidata.org/entity/Q93269332
https://ehkultura.wikibase.cloud/entity/Q32967	http://www.wikidata.org/entity/Q93372051
https://ehkultura.wikibase.cloud/entity/Q32745	http://www.wikidata.org/entity/Q93427416
https://ehkultura.wikibase.cloud/entity/Q32787	http://www.wikidata.org/entity/Q93433401
https://ehkultura.wikibase.cloud/entity/Q32931	http://www.wikidata.org/entity/Q93434903
https://ehkultura.wikibase.cloud/entity/Q32825	http://www.wikidata.org/entity/Q105279069
https://ehkultura.wikibase.cloud/entity/Q32948	http://www.wikidata.org/entity/Q105398147
https://ehkultura.wikibase.cloud/entity/Q32756	http://www.wikidata.org/entity/Q105672018
https://ehkultura.wikibase.cloud/entity/Q32861	http://www.wikidata.org/entity/Q106085504
https://ehkultura.wikibase.cloud/entity/Q32800	http://www.wikidata.org/entity/Q108514926
https://ehkultura.wikibase.cloud/entity/Q32865	http://www.wikidata.org/entity/Q110037787
https://ehkultura.wikibase.cloud/entity/Q32766	http://www.wikidata.org/entity/Q110125635
https://ehkultura.wikibase.cloud/entity/Q32721	http://www.wikidata.org/entity/Q111019768
https://ehkultura.wikibase.cloud/entity/Q32905	http://www.wikidata.org/entity/Q112393847
https://ehkultura.wikibase.cloud/entity/Q32738	http://www.wikidata.org/entity/Q112554678
https://ehkultura.wikibase.cloud/entity/Q32826	http://www.wikidata.org/entity/Q113790142
https://ehkultura.wikibase.cloud/entity/Q32979	http://www.wikidata.org/entity/Q117261607
https://ehkultura.wikibase.cloud/entity/Q32866	http://www.wikidata.org/entity/Q132555558
https://ehkultura.wikibase.cloud/entity/Q32991	http://www.wikidata.org/entity/Q12807
https://ehkultura.wikibase.cloud/entity/Q36750	http://www.wikidata.org/entity/Q77148
https://ehkultura.wikibase.cloud/entity/Q36541	http://www.wikidata.org/entity/Q174359
https://ehkultura.wikibase.cloud/entity/Q36753	http://www.wikidata.org/entity/Q193670
https://ehkultura.wikibase.cloud/entity/Q36680	http://www.wikidata.org/entity/Q230673
https://ehkultura.wikibase.cloud/entity/Q36790	http://www.wikidata.org/entity/Q271295
https://ehkultura.wikibase.cloud/entity/Q36738	http://www.wikidata.org/entity/Q317876
https://ehkultura.wikibase.cloud/entity/Q36625	http://www.wikidata.org/entity/Q456109
https://ehkultura.wikibase.cloud/entity/Q36818	http://www.wikidata.org/entity/Q432294
https://ehkultura.wikibase.cloud/entity/Q36444	http://www.wikidata.org/entity/Q559297
https://ehkultura.wikibase.cloud/entity/Q36749	http://www.wikidata.org/entity/Q499878
https://ehkultura.wikibase.cloud/entity/Q36636	http://www.wikidata.org/entity/Q542508
https://ehkultura.wikibase.cloud/entity/Q36505	http://www.wikidata.org/entity/Q689650
https://ehkultura.wikibase.cloud/entity/Q36473	http://www.wikidata.org/entity/Q708631
https://ehkultura.wikibase.cloud/entity/Q36516	http://www.wikidata.org/entity/Q977453
https://ehkultura.wikibase.cloud/entity/Q36608	http://www.wikidata.org/entity/Q1379191
https://ehkultura.wikibase.cloud/entity/Q36801	http://www.wikidata.org/entity/Q1404189
https://ehkultura.wikibase.cloud/entity/Q36443	http://www.wikidata.org/entity/Q1671377
https://ehkultura.wikibase.cloud/entity/Q36572	http://www.wikidata.org/entity/Q1990474
https://ehkultura.wikibase.cloud/entity/Q36429	http://www.wikidata.org/entity/Q2247482
https://ehkultura.wikibase.cloud/entity/Q36732	http://www.wikidata.org/entity/Q2707309
https://ehkultura.wikibase.cloud/entity/Q36668	http://www.wikidata.org/entity/Q2849296
https://ehkultura.wikibase.cloud/entity/Q36474	http://www.wikidata.org/entity/Q2897657
https://ehkultura.wikibase.cloud/entity/Q36607	http://www.wikidata.org/entity/Q2918252
https://ehkultura.wikibase.cloud/entity/Q36543	http://www.wikidata.org/entity/Q2965710
https://ehkultura.wikibase.cloud/entity/Q36610	http://www.wikidata.org/entity/Q3013855
https://ehkultura.wikibase.cloud/entity/Q36398	http://www.wikidata.org/entity/Q3183784
https://ehkultura.wikibase.cloud/entity/Q36656	http://www.wikidata.org/entity/Q3167107
https://ehkultura.wikibase.cloud/entity/Q36812	http://www.wikidata.org/entity/Q3171526
https://ehkultura.wikibase.cloud/entity/Q36536	http://www.wikidata.org/entity/Q3241903
https://ehkultura.wikibase.cloud/entity/Q36733	http://www.wikidata.org/entity/Q3218857
https://ehkultura.wikibase.cloud/entity/Q36691	http://www.wikidata.org/entity/Q3258784
https://ehkultura.wikibase.cloud/entity/Q36850	http://www.wikidata.org/entity/Q3287020
https://ehkultura.wikibase.cloud/entity/Q36791	http://www.wikidata.org/entity/Q3311452
https://ehkultura.wikibase.cloud/entity/Q36869	http://www.wikidata.org/entity/Q3418692
https://ehkultura.wikibase.cloud/entity/Q36751	http://www.wikidata.org/entity/Q5052600
https://ehkultura.wikibase.cloud/entity/Q36486	http://www.wikidata.org/entity/Q5258132
https://ehkultura.wikibase.cloud/entity/Q36427	http://www.wikidata.org/entity/Q5830298
https://ehkultura.wikibase.cloud/entity/Q36827	http://www.wikidata.org/entity/Q5934339
https://ehkultura.wikibase.cloud/entity/Q36718	http://www.wikidata.org/entity/Q6004166
https://ehkultura.wikibase.cloud/entity/Q36604	http://www.wikidata.org/entity/Q6323618
https://ehkultura.wikibase.cloud/entity/Q36396	http://www.wikidata.org/entity/Q6846315
https://ehkultura.wikibase.cloud/entity/Q36834	http://www.wikidata.org/entity/Q7070145
https://ehkultura.wikibase.cloud/entity/Q36499	http://www.wikidata.org/entity/Q7178619
https://ehkultura.wikibase.cloud/entity/Q36468	http://www.wikidata.org/entity/Q7611838
https://ehkultura.wikibase.cloud/entity/Q36547	http://www.wikidata.org/entity/Q9027883
https://ehkultura.wikibase.cloud/entity/Q36865	http://www.wikidata.org/entity/Q10394286
https://ehkultura.wikibase.cloud/entity/Q36606	http://www.wikidata.org/entity/Q12255979
https://ehkultura.wikibase.cloud/entity/Q36720	http://www.wikidata.org/entity/Q12256079
https://ehkultura.wikibase.cloud/entity/Q36816	http://www.wikidata.org/entity/Q12266576
https://ehkultura.wikibase.cloud/entity/Q36661	http://www.wikidata.org/entity/Q12392734
https://ehkultura.wikibase.cloud/entity/Q36498	http://www.wikidata.org/entity/Q16107303
https://ehkultura.wikibase.cloud/entity/Q36510	http://www.wikidata.org/entity/Q16180671
https://ehkultura.wikibase.cloud/entity/Q36726	http://www.wikidata.org/entity/Q16179762
https://ehkultura.wikibase.cloud/entity/Q36441	http://www.wikidata.org/entity/Q16577206
https://ehkultura.wikibase.cloud/entity/Q36867	http://www.wikidata.org/entity/Q17036707
https://ehkultura.wikibase.cloud/entity/Q36727	http://www.wikidata.org/entity/Q19301596
https://ehkultura.wikibase.cloud/entity/Q36858	http://www.wikidata.org/entity/Q19754113
https://ehkultura.wikibase.cloud/entity/Q36501	http://www.wikidata.org/entity/Q21140463
https://ehkultura.wikibase.cloud/entity/Q36851	http://www.wikidata.org/entity/Q21530806
https://ehkultura.wikibase.cloud/entity/Q36709	http://www.wikidata.org/entity/Q23071496
https://ehkultura.wikibase.cloud/entity/Q36568	http://www.wikidata.org/entity/Q23770183
https://ehkultura.wikibase.cloud/entity/Q36746	http://www.wikidata.org/entity/Q23770281
https://ehkultura.wikibase.cloud/entity/Q36699	http://www.wikidata.org/entity/Q25336903
https://ehkultura.wikibase.cloud/entity/Q36642	http://www.wikidata.org/entity/Q30068184
https://ehkultura.wikibase.cloud/entity/Q36634	http://www.wikidata.org/entity/Q30594298
https://ehkultura.wikibase.cloud/entity/Q36576	http://www.wikidata.org/entity/Q48927619
https://ehkultura.wikibase.cloud/entity/Q36488	http://www.wikidata.org/entity/Q53552331
https://ehkultura.wikibase.cloud/entity/Q36507	http://www.wikidata.org/entity/Q55704459
https://ehkultura.wikibase.cloud/entity/Q36787	http://www.wikidata.org/entity/Q55725753
https://ehkultura.wikibase.cloud/entity/Q36725	http://www.wikidata.org/entity/Q56702406
https://ehkultura.wikibase.cloud/entity/Q36685	http://www.wikidata.org/entity/Q59526116
https://ehkultura.wikibase.cloud/entity/Q36528	http://www.wikidata.org/entity/Q60050204
https://ehkultura.wikibase.cloud/entity/Q36637	http://www.wikidata.org/entity/Q65559777
https://ehkultura.wikibase.cloud/entity/Q36523	http://www.wikidata.org/entity/Q75713721
https://ehkultura.wikibase.cloud/entity/Q36545	http://www.wikidata.org/entity/Q87963974
https://ehkultura.wikibase.cloud/entity/Q36707	http://www.wikidata.org/entity/Q88340957
https://ehkultura.wikibase.cloud/entity/Q36537	http://www.wikidata.org/entity/Q93381191
https://ehkultura.wikibase.cloud/entity/Q36798	http://www.wikidata.org/entity/Q95756762
https://ehkultura.wikibase.cloud/entity/Q36437	http://www.wikidata.org/entity/Q106768064
https://ehkultura.wikibase.cloud/entity/Q36527	http://www.wikidata.org/entity/Q106751343
https://ehkultura.wikibase.cloud/entity/Q36856	http://www.wikidata.org/entity/Q107301219
https://ehkultura.wikibase.cloud/entity/Q36802	http://www.wikidata.org/entity/Q107550714
https://ehkultura.wikibase.cloud/entity/Q36717	http://www.wikidata.org/entity/Q111263412
https://ehkultura.wikibase.cloud/entity/Q36611	http://www.wikidata.org/entity/Q112155770
https://ehkultura.wikibase.cloud/entity/Q36614	http://www.wikidata.org/entity/Q113780014
https://ehkultura.wikibase.cloud/entity/Q36861	http://www.wikidata.org/entity/Q117472636
https://ehkultura.wikibase.cloud/entity/Q36574	http://www.wikidata.org/entity/Q118920002
https://ehkultura.wikibase.cloud/entity/Q36506	http://www.wikidata.org/entity/Q120596121
https://ehkultura.wikibase.cloud/entity/Q36445	http://www.wikidata.org/entity/Q123052329
https://ehkultura.wikibase.cloud/entity/Q36874	http://www.wikidata.org/entity/Q124633150
https://ehkultura.wikibase.cloud/entity/Q36682	http://www.wikidata.org/entity/Q124846464
https://ehkultura.wikibase.cloud/entity/Q36770	http://www.wikidata.org/entity/Q124849399
https://ehkultura.wikibase.cloud/entity/Q36424	http://www.wikidata.org/entity/Q45306
https://ehkultura.wikibase.cloud/entity/Q36419	http://www.wikidata.org/entity/Q47780
https://ehkultura.wikibase.cloud/entity/Q36451	http://www.wikidata.org/entity/Q57588
https://ehkultura.wikibase.cloud/entity/Q36538	http://www.wikidata.org/entity/Q56005
https://ehkultura.wikibase.cloud/entity/Q36585	http://www.wikidata.org/entity/Q59821
https://ehkultura.wikibase.cloud/entity/Q36754	http://www.wikidata.org/entity/Q61247
https://ehkultura.wikibase.cloud/entity/Q41790	http://www.wikidata.org/entity/Q108613
https://ehkultura.wikibase.cloud/entity/Q41856	http://www.wikidata.org/entity/Q103591
https://ehkultura.wikibase.cloud/entity/Q42019	http://www.wikidata.org/entity/Q90430
https://ehkultura.wikibase.cloud/entity/Q41921	http://www.wikidata.org/entity/Q140201
https://ehkultura.wikibase.cloud/entity/Q42364	http://www.wikidata.org/entity/Q79969
https://ehkultura.wikibase.cloud/entity/Q42191	http://www.wikidata.org/entity/Q123179
https://ehkultura.wikibase.cloud/entity/Q42092	http://www.wikidata.org/entity/Q153048
https://ehkultura.wikibase.cloud/entity/Q42319	http://www.wikidata.org/entity/Q153020
https://ehkultura.wikibase.cloud/entity/Q42015	http://www.wikidata.org/entity/Q312995
https://ehkultura.wikibase.cloud/entity/Q38249	http://www.wikidata.org/entity/Q2609816
https://ehkultura.wikibase.cloud/entity/Q38486	http://www.wikidata.org/entity/Q2617839
https://ehkultura.wikibase.cloud/entity/Q38271	http://www.wikidata.org/entity/Q2850557
https://ehkultura.wikibase.cloud/entity/Q38460	http://www.wikidata.org/entity/Q2836988
https://ehkultura.wikibase.cloud/entity/Q38144	http://www.wikidata.org/entity/Q3017568
https://ehkultura.wikibase.cloud/entity/Q38276	http://www.wikidata.org/entity/Q3099296
https://ehkultura.wikibase.cloud/entity/Q38489	http://www.wikidata.org/entity/Q3081177
https://ehkultura.wikibase.cloud/entity/Q38163	http://www.wikidata.org/entity/Q3166178
https://ehkultura.wikibase.cloud/entity/Q38462	http://www.wikidata.org/entity/Q3098833
https://ehkultura.wikibase.cloud/entity/Q38318	http://www.wikidata.org/entity/Q3194099
https://ehkultura.wikibase.cloud/entity/Q38195	http://www.wikidata.org/entity/Q3438660
https://ehkultura.wikibase.cloud/entity/Q38446	http://www.wikidata.org/entity/Q3438258
https://ehkultura.wikibase.cloud/entity/Q38217	http://www.wikidata.org/entity/Q3725775
https://ehkultura.wikibase.cloud/entity/Q38303	http://www.wikidata.org/entity/Q4722337
https://ehkultura.wikibase.cloud/entity/Q38128	http://www.wikidata.org/entity/Q5551074
https://ehkultura.wikibase.cloud/entity/Q38268	http://www.wikidata.org/entity/Q5761518
https://ehkultura.wikibase.cloud/entity/Q38398	http://www.wikidata.org/entity/Q5791563
https://ehkultura.wikibase.cloud/entity/Q38455	http://www.wikidata.org/entity/Q5789239
https://ehkultura.wikibase.cloud/entity/Q38186	http://www.wikidata.org/entity/Q5929855
https://ehkultura.wikibase.cloud/entity/Q38482	http://www.wikidata.org/entity/Q6255996
https://ehkultura.wikibase.cloud/entity/Q38439	http://www.wikidata.org/entity/Q6767904
https://ehkultura.wikibase.cloud/entity/Q38447	http://www.wikidata.org/entity/Q6781988
https://ehkultura.wikibase.cloud/entity/Q38215	http://www.wikidata.org/entity/Q7026304
https://ehkultura.wikibase.cloud/entity/Q38478	http://www.wikidata.org/entity/Q7025162
https://ehkultura.wikibase.cloud/entity/Q38222	http://www.wikidata.org/entity/Q7090096
https://ehkultura.wikibase.cloud/entity/Q38197	http://www.wikidata.org/entity/Q7347648
https://ehkultura.wikibase.cloud/entity/Q38171	http://www.wikidata.org/entity/Q7396379
https://ehkultura.wikibase.cloud/entity/Q38407	http://www.wikidata.org/entity/Q8009728
https://ehkultura.wikibase.cloud/entity/Q38476	http://www.wikidata.org/entity/Q9013180
https://ehkultura.wikibase.cloud/entity/Q38485	http://www.wikidata.org/entity/Q9014861
https://ehkultura.wikibase.cloud/entity/Q38150	http://www.wikidata.org/entity/Q11680531
https://ehkultura.wikibase.cloud/entity/Q38340	http://www.wikidata.org/entity/Q12266675
https://ehkultura.wikibase.cloud/entity/Q38479	http://www.wikidata.org/entity/Q12402910
https://ehkultura.wikibase.cloud/entity/Q38234	http://www.wikidata.org/entity/Q14256114
https://ehkultura.wikibase.cloud/entity/Q38465	http://www.wikidata.org/entity/Q15733269
https://ehkultura.wikibase.cloud/entity/Q38154	http://www.wikidata.org/entity/Q16186645
https://ehkultura.wikibase.cloud/entity/Q38401	http://www.wikidata.org/entity/Q16562185
https://ehkultura.wikibase.cloud/entity/Q38115	http://www.wikidata.org/entity/Q18285075
https://ehkultura.wikibase.cloud/entity/Q38385	http://www.wikidata.org/entity/Q18604529
https://ehkultura.wikibase.cloud/entity/Q38498	http://www.wikidata.org/entity/Q19997814
https://ehkultura.wikibase.cloud/entity/Q38380	http://www.wikidata.org/entity/Q20535991
https://ehkultura.wikibase.cloud/entity/Q38443	http://www.wikidata.org/entity/Q20534197
https://ehkultura.wikibase.cloud/entity/Q38435	http://www.wikidata.org/entity/Q21055258
https://ehkultura.wikibase.cloud/entity/Q38232	http://www.wikidata.org/entity/Q21403344
https://ehkultura.wikibase.cloud/entity/Q38165	http://www.wikidata.org/entity/Q23304227
https://ehkultura.wikibase.cloud/entity/Q38199	http://www.wikidata.org/entity/Q23661781
https://ehkultura.wikibase.cloud/entity/Q38488	http://www.wikidata.org/entity/Q26735882
https://ehkultura.wikibase.cloud/entity/Q38371	http://www.wikidata.org/entity/Q53545283
https://ehkultura.wikibase.cloud/entity/Q38440	http://www.wikidata.org/entity/Q53535091
https://ehkultura.wikibase.cloud/entity/Q38127	http://www.wikidata.org/entity/Q55640559
https://ehkultura.wikibase.cloud/entity/Q38196	http://www.wikidata.org/entity/Q55941172
https://ehkultura.wikibase.cloud/entity/Q38499	http://www.wikidata.org/entity/Q55946789
https://ehkultura.wikibase.cloud/entity/Q38373	http://www.wikidata.org/entity/Q63283513
https://ehkultura.wikibase.cloud/entity/Q38331	http://www.wikidata.org/entity/Q63405895
https://ehkultura.wikibase.cloud/entity/Q38379	http://www.wikidata.org/entity/Q88966107
https://ehkultura.wikibase.cloud/entity/Q38265	http://www.wikidata.org/entity/Q93224342
https://ehkultura.wikibase.cloud/entity/Q38189	http://www.wikidata.org/entity/Q93412912
https://ehkultura.wikibase.cloud/entity/Q38397	http://www.wikidata.org/entity/Q94502951
https://ehkultura.wikibase.cloud/entity/Q38426	http://www.wikidata.org/entity/Q95217493
https://ehkultura.wikibase.cloud/entity/Q38278	http://www.wikidata.org/entity/Q97003388
https://ehkultura.wikibase.cloud/entity/Q38241	http://www.wikidata.org/entity/Q106433970
https://ehkultura.wikibase.cloud/entity/Q38367	http://www.wikidata.org/entity/Q110037844
https://ehkultura.wikibase.cloud/entity/Q38152	http://www.wikidata.org/entity/Q110714681
https://ehkultura.wikibase.cloud/entity/Q38247	http://www.wikidata.org/entity/Q112056263
https://ehkultura.wikibase.cloud/entity/Q38131	http://www.wikidata.org/entity/Q112460746
https://ehkultura.wikibase.cloud/entity/Q38431	http://www.wikidata.org/entity/Q112454184
https://ehkultura.wikibase.cloud/entity/Q38493	http://www.wikidata.org/entity/Q112463451
https://ehkultura.wikibase.cloud/entity/Q38280	http://www.wikidata.org/entity/Q112562311
https://ehkultura.wikibase.cloud/entity/Q38130	http://www.wikidata.org/entity/Q117662301
https://ehkultura.wikibase.cloud/entity/Q38287	http://www.wikidata.org/entity/Q118818404
https://ehkultura.wikibase.cloud/entity/Q38302	http://www.wikidata.org/entity/Q125209760
https://ehkultura.wikibase.cloud/entity/Q38343	http://www.wikidata.org/entity/Q132745238
https://ehkultura.wikibase.cloud/entity/Q38156	http://www.wikidata.org/entity/Q58866
https://ehkultura.wikibase.cloud/entity/Q34925	http://www.wikidata.org/entity/Q95127
https://ehkultura.wikibase.cloud/entity/Q34843	http://www.wikidata.org/entity/Q159619
https://ehkultura.wikibase.cloud/entity/Q35062	http://www.wikidata.org/entity/Q120281
https://ehkultura.wikibase.cloud/entity/Q34908	http://www.wikidata.org/entity/Q160451
https://ehkultura.wikibase.cloud/entity/Q34815	http://www.wikidata.org/entity/Q212167
https://ehkultura.wikibase.cloud/entity/Q34845	http://www.wikidata.org/entity/Q212312
https://ehkultura.wikibase.cloud/entity/Q34849	http://www.wikidata.org/entity/Q232364
https://ehkultura.wikibase.cloud/entity/Q34863	http://www.wikidata.org/entity/Q250627
https://ehkultura.wikibase.cloud/entity/Q34816	http://www.wikidata.org/entity/Q313639
https://ehkultura.wikibase.cloud/entity/Q34847	http://www.wikidata.org/entity/Q322953
https://ehkultura.wikibase.cloud/entity/Q34952	http://www.wikidata.org/entity/Q314926
https://ehkultura.wikibase.cloud/entity/Q35115	http://www.wikidata.org/entity/Q284360
https://ehkultura.wikibase.cloud/entity/Q34956	http://www.wikidata.org/entity/Q328137
https://ehkultura.wikibase.cloud/entity/Q35010	http://www.wikidata.org/entity/Q316338
https://ehkultura.wikibase.cloud/entity/Q35032	http://www.wikidata.org/entity/Q381088
https://ehkultura.wikibase.cloud/entity/Q34846	http://www.wikidata.org/entity/Q457718
https://ehkultura.wikibase.cloud/entity/Q35041	http://www.wikidata.org/entity/Q449171
https://ehkultura.wikibase.cloud/entity/Q34837	http://www.wikidata.org/entity/Q525427
https://ehkultura.wikibase.cloud/entity/Q34822	http://www.wikidata.org/entity/Q545378
https://ehkultura.wikibase.cloud/entity/Q35163	http://www.wikidata.org/entity/Q495875
https://ehkultura.wikibase.cloud/entity/Q35011	http://www.wikidata.org/entity/Q542741
https://ehkultura.wikibase.cloud/entity/Q34866	http://www.wikidata.org/entity/Q923151
https://ehkultura.wikibase.cloud/entity/Q35178	http://www.wikidata.org/entity/Q1022382
https://ehkultura.wikibase.cloud/entity/Q34923	http://www.wikidata.org/entity/Q1975096
https://ehkultura.wikibase.cloud/entity/Q34836	http://www.wikidata.org/entity/Q2055700
https://ehkultura.wikibase.cloud/entity/Q34928	http://www.wikidata.org/entity/Q2406730
https://ehkultura.wikibase.cloud/entity/Q35059	http://www.wikidata.org/entity/Q2398324
https://ehkultura.wikibase.cloud/entity/Q34862	http://www.wikidata.org/entity/Q2584257
https://ehkultura.wikibase.cloud/entity/Q35076	http://www.wikidata.org/entity/Q2590093
https://ehkultura.wikibase.cloud/entity/Q34851	http://www.wikidata.org/entity/Q2745982
https://ehkultura.wikibase.cloud/entity/Q34825	http://www.wikidata.org/entity/Q2846309
https://ehkultura.wikibase.cloud/entity/Q34768	http://www.wikidata.org/entity/Q2933176
https://ehkultura.wikibase.cloud/entity/Q35003	http://www.wikidata.org/entity/Q3052925
https://ehkultura.wikibase.cloud/entity/Q34852	http://www.wikidata.org/entity/Q3174960
https://ehkultura.wikibase.cloud/entity/Q35145	http://www.wikidata.org/entity/Q3186286
https://ehkultura.wikibase.cloud/entity/Q35147	http://www.wikidata.org/entity/Q3247921
https://ehkultura.wikibase.cloud/entity/Q35083	http://www.wikidata.org/entity/Q3448721
https://ehkultura.wikibase.cloud/entity/Q34834	http://www.wikidata.org/entity/Q3570621
https://ehkultura.wikibase.cloud/entity/Q34990	http://www.wikidata.org/entity/Q4716839
https://ehkultura.wikibase.cloud/entity/Q34831	http://www.wikidata.org/entity/Q4942315
https://ehkultura.wikibase.cloud/entity/Q34920	http://www.wikidata.org/entity/Q5698404
https://ehkultura.wikibase.cloud/entity/Q34933	http://www.wikidata.org/entity/Q5998875
https://ehkultura.wikibase.cloud/entity/Q35141	http://www.wikidata.org/entity/Q6135694
https://ehkultura.wikibase.cloud/entity/Q34975	http://www.wikidata.org/entity/Q6708326
https://ehkultura.wikibase.cloud/entity/Q34985	http://www.wikidata.org/entity/Q10861324
https://ehkultura.wikibase.cloud/entity/Q35166	http://www.wikidata.org/entity/Q11467515
https://ehkultura.wikibase.cloud/entity/Q34828	http://www.wikidata.org/entity/Q11939731
https://ehkultura.wikibase.cloud/entity/Q34962	http://www.wikidata.org/entity/Q11915415
https://ehkultura.wikibase.cloud/entity/Q34780	http://www.wikidata.org/entity/Q12259933
https://ehkultura.wikibase.cloud/entity/Q34797	http://www.wikidata.org/entity/Q12269504
https://ehkultura.wikibase.cloud/entity/Q34947	http://www.wikidata.org/entity/Q12255666
https://ehkultura.wikibase.cloud/entity/Q35018	http://www.wikidata.org/entity/Q12261433
https://ehkultura.wikibase.cloud/entity/Q35057	http://www.wikidata.org/entity/Q12266479
https://ehkultura.wikibase.cloud/entity/Q35168	http://www.wikidata.org/entity/Q16234436
https://ehkultura.wikibase.cloud/entity/Q34934	http://www.wikidata.org/entity/Q16646145
https://ehkultura.wikibase.cloud/entity/Q35117	http://www.wikidata.org/entity/Q18157650
https://ehkultura.wikibase.cloud/entity/Q34929	http://www.wikidata.org/entity/Q18719806
https://ehkultura.wikibase.cloud/entity/Q34766	http://www.wikidata.org/entity/Q19290780
https://ehkultura.wikibase.cloud/entity/Q35134	http://www.wikidata.org/entity/Q20666285
https://ehkultura.wikibase.cloud/entity/Q35174	http://www.wikidata.org/entity/Q21015506
https://ehkultura.wikibase.cloud/entity/Q34958	http://www.wikidata.org/entity/Q21066170
https://ehkultura.wikibase.cloud/entity/Q34861	http://www.wikidata.org/entity/Q21264714
https://ehkultura.wikibase.cloud/entity/Q34995	http://www.wikidata.org/entity/Q23759512
https://ehkultura.wikibase.cloud/entity/Q34782	http://www.wikidata.org/entity/Q25591768
https://ehkultura.wikibase.cloud/entity/Q34875	http://www.wikidata.org/entity/Q29560571
https://ehkultura.wikibase.cloud/entity/Q35028	http://www.wikidata.org/entity/Q46032936
https://ehkultura.wikibase.cloud/entity/Q35172	http://www.wikidata.org/entity/Q53544343
https://ehkultura.wikibase.cloud/entity/Q35029	http://www.wikidata.org/entity/Q54823841
https://ehkultura.wikibase.cloud/entity/Q34959	http://www.wikidata.org/entity/Q57319677
https://ehkultura.wikibase.cloud/entity/Q34907	http://www.wikidata.org/entity/Q59618584
https://ehkultura.wikibase.cloud/entity/Q35037	http://www.wikidata.org/entity/Q59588457
https://ehkultura.wikibase.cloud/entity/Q35066	http://www.wikidata.org/entity/Q66054967
https://ehkultura.wikibase.cloud/entity/Q35067	http://www.wikidata.org/entity/Q78087676
https://ehkultura.wikibase.cloud/entity/Q35139	http://www.wikidata.org/entity/Q89912828
https://ehkultura.wikibase.cloud/entity/Q34870	http://www.wikidata.org/entity/Q93370311
https://ehkultura.wikibase.cloud/entity/Q35303	http://www.wikidata.org/entity/Q93370311
https://ehkultura.wikibase.cloud/entity/Q35130	http://www.wikidata.org/entity/Q94944437
https://ehkultura.wikibase.cloud/entity/Q34996	http://www.wikidata.org/entity/Q95565400
https://ehkultura.wikibase.cloud/entity/Q35016	http://www.wikidata.org/entity/Q95776488
https://ehkultura.wikibase.cloud/entity/Q35160	http://www.wikidata.org/entity/Q105900157
https://ehkultura.wikibase.cloud/entity/Q35148	http://www.wikidata.org/entity/Q112074353
https://ehkultura.wikibase.cloud/entity/Q34885	http://www.wikidata.org/entity/Q112437162
https://ehkultura.wikibase.cloud/entity/Q34919	http://www.wikidata.org/entity/Q112525730
https://ehkultura.wikibase.cloud/entity/Q35126	http://www.wikidata.org/entity/Q118867506
https://ehkultura.wikibase.cloud/entity/Q34865	http://www.wikidata.org/entity/Q125210349
https://ehkultura.wikibase.cloud/entity/Q34974	http://www.wikidata.org/entity/Q133296862
https://ehkultura.wikibase.cloud/entity/Q35165	http://www.wikidata.org/entity/Q133405838
https://ehkultura.wikibase.cloud/entity/Q34948	http://www.wikidata.org/entity/Q5604
https://ehkultura.wikibase.cloud/entity/Q34969	http://www.wikidata.org/entity/Q2001
https://ehkultura.wikibase.cloud/entity/Q34776	http://www.wikidata.org/entity/Q51559
https://ehkultura.wikibase.cloud/entity/Q35022	http://www.wikidata.org/entity/Q1035
https://ehkultura.wikibase.cloud/entity/Q34817	http://www.wikidata.org/entity/Q53008
https://ehkultura.wikibase.cloud/entity/Q34944	http://www.wikidata.org/entity/Q23434
https://ehkultura.wikibase.cloud/entity/Q34950	http://www.wikidata.org/entity/Q41508
https://ehkultura.wikibase.cloud/entity/Q34900	http://www.wikidata.org/entity/Q55431
https://ehkultura.wikibase.cloud/entity/Q35104	http://www.wikidata.org/entity/Q16867
https://ehkultura.wikibase.cloud/entity/Q35035	http://www.wikidata.org/entity/Q40909
https://ehkultura.wikibase.cloud/entity/Q35152	http://www.wikidata.org/entity/Q18143
https://ehkultura.wikibase.cloud/entity/Q35034	http://www.wikidata.org/entity/Q55392
https://ehkultura.wikibase.cloud/entity/Q35144	http://www.wikidata.org/entity/Q51566
https://ehkultura.wikibase.cloud/entity/Q37105	http://www.wikidata.org/entity/Q100496
https://ehkultura.wikibase.cloud/entity/Q37252	http://www.wikidata.org/entity/Q65990
https://ehkultura.wikibase.cloud/entity/Q37226	http://www.wikidata.org/entity/Q109438
https://ehkultura.wikibase.cloud/entity/Q37001	http://www.wikidata.org/entity/Q164797
https://ehkultura.wikibase.cloud/entity/Q37048	http://www.wikidata.org/entity/Q174210
https://ehkultura.wikibase.cloud/entity/Q36945	http://www.wikidata.org/entity/Q242849
https://ehkultura.wikibase.cloud/entity/Q37089	http://www.wikidata.org/entity/Q319350
https://ehkultura.wikibase.cloud/entity/Q37130	http://www.wikidata.org/entity/Q312786
https://ehkultura.wikibase.cloud/entity/Q37233	http://www.wikidata.org/entity/Q352709
https://ehkultura.wikibase.cloud/entity/Q37009	http://www.wikidata.org/entity/Q433471
https://ehkultura.wikibase.cloud/entity/Q36934	http://www.wikidata.org/entity/Q466627
https://ehkultura.wikibase.cloud/entity/Q36894	http://www.wikidata.org/entity/Q505677
https://ehkultura.wikibase.cloud/entity/Q37117	http://www.wikidata.org/entity/Q452238
https://ehkultura.wikibase.cloud/entity/Q36882	http://www.wikidata.org/entity/Q522641
https://ehkultura.wikibase.cloud/entity/Q37247	http://www.wikidata.org/entity/Q460833
https://ehkultura.wikibase.cloud/entity/Q37026	http://www.wikidata.org/entity/Q520713
https://ehkultura.wikibase.cloud/entity/Q36980	http://www.wikidata.org/entity/Q550806
https://ehkultura.wikibase.cloud/entity/Q37235	http://www.wikidata.org/entity/Q531670
https://ehkultura.wikibase.cloud/entity/Q37219	http://www.wikidata.org/entity/Q655398
https://ehkultura.wikibase.cloud/entity/Q37083	http://www.wikidata.org/entity/Q694164
https://ehkultura.wikibase.cloud/entity/Q37248	http://www.wikidata.org/entity/Q763686
https://ehkultura.wikibase.cloud/entity/Q37077	http://www.wikidata.org/entity/Q809201
https://ehkultura.wikibase.cloud/entity/Q37251	http://www.wikidata.org/entity/Q836743
https://ehkultura.wikibase.cloud/entity/Q37000	http://www.wikidata.org/entity/Q983068
https://ehkultura.wikibase.cloud/entity/Q36995	http://www.wikidata.org/entity/Q1157532
https://ehkultura.wikibase.cloud/entity/Q36972	http://www.wikidata.org/entity/Q1282332
https://ehkultura.wikibase.cloud/entity/Q37091	http://www.wikidata.org/entity/Q1441093
https://ehkultura.wikibase.cloud/entity/Q34233	http://www.wikidata.org/entity/Q3083913
https://ehkultura.wikibase.cloud/entity/Q34043	http://www.wikidata.org/entity/Q3166557
https://ehkultura.wikibase.cloud/entity/Q34132	http://www.wikidata.org/entity/Q3186520
https://ehkultura.wikibase.cloud/entity/Q34137	http://www.wikidata.org/entity/Q3326825
https://ehkultura.wikibase.cloud/entity/Q34152	http://www.wikidata.org/entity/Q3326796
https://ehkultura.wikibase.cloud/entity/Q34040	http://www.wikidata.org/entity/Q3479410
https://ehkultura.wikibase.cloud/entity/Q34100	http://www.wikidata.org/entity/Q5213639
https://ehkultura.wikibase.cloud/entity/Q34231	http://www.wikidata.org/entity/Q5289528
https://ehkultura.wikibase.cloud/entity/Q34195	http://www.wikidata.org/entity/Q5301673
https://ehkultura.wikibase.cloud/entity/Q34049	http://www.wikidata.org/entity/Q5586561
https://ehkultura.wikibase.cloud/entity/Q34097	http://www.wikidata.org/entity/Q5800058
https://ehkultura.wikibase.cloud/entity/Q34088	http://www.wikidata.org/entity/Q5927301
https://ehkultura.wikibase.cloud/entity/Q34267	http://www.wikidata.org/entity/Q5897758
https://ehkultura.wikibase.cloud/entity/Q34240	http://www.wikidata.org/entity/Q5941747
https://ehkultura.wikibase.cloud/entity/Q34146	http://www.wikidata.org/entity/Q5993256
https://ehkultura.wikibase.cloud/entity/Q34145	http://www.wikidata.org/entity/Q6168713
https://ehkultura.wikibase.cloud/entity/Q34004	http://www.wikidata.org/entity/Q6244080
https://ehkultura.wikibase.cloud/entity/Q34030	http://www.wikidata.org/entity/Q6299988
https://ehkultura.wikibase.cloud/entity/Q34150	http://www.wikidata.org/entity/Q7035412
https://ehkultura.wikibase.cloud/entity/Q34064	http://www.wikidata.org/entity/Q7291871
https://ehkultura.wikibase.cloud/entity/Q34230	http://www.wikidata.org/entity/Q7809162
https://ehkultura.wikibase.cloud/entity/Q34118	http://www.wikidata.org/entity/Q9016283
https://ehkultura.wikibase.cloud/entity/Q34165	http://www.wikidata.org/entity/Q9013225
https://ehkultura.wikibase.cloud/entity/Q34224	http://www.wikidata.org/entity/Q9028015
https://ehkultura.wikibase.cloud/entity/Q34053	http://www.wikidata.org/entity/Q12258699
https://ehkultura.wikibase.cloud/entity/Q34120	http://www.wikidata.org/entity/Q12253082
https://ehkultura.wikibase.cloud/entity/Q34147	http://www.wikidata.org/entity/Q12253579
https://ehkultura.wikibase.cloud/entity/Q34158	http://www.wikidata.org/entity/Q12256499
https://ehkultura.wikibase.cloud/entity/Q34114	http://www.wikidata.org/entity/Q12269036
https://ehkultura.wikibase.cloud/entity/Q34246	http://www.wikidata.org/entity/Q12256379
https://ehkultura.wikibase.cloud/entity/Q34058	http://www.wikidata.org/entity/Q14174339
https://ehkultura.wikibase.cloud/entity/Q34119	http://www.wikidata.org/entity/Q16182379
https://ehkultura.wikibase.cloud/entity/Q34249	http://www.wikidata.org/entity/Q16669720
https://ehkultura.wikibase.cloud/entity/Q34093	http://www.wikidata.org/entity/Q16728948
https://ehkultura.wikibase.cloud/entity/Q34071	http://www.wikidata.org/entity/Q27063062
https://ehkultura.wikibase.cloud/entity/Q34035	http://www.wikidata.org/entity/Q29138949
https://ehkultura.wikibase.cloud/entity/Q33962	http://www.wikidata.org/entity/Q29557342
https://ehkultura.wikibase.cloud/entity/Q34185	http://www.wikidata.org/entity/Q29511683
https://ehkultura.wikibase.cloud/entity/Q33994	http://www.wikidata.org/entity/Q30076299
https://ehkultura.wikibase.cloud/entity/Q34013	http://www.wikidata.org/entity/Q31212796
https://ehkultura.wikibase.cloud/entity/Q34258	http://www.wikidata.org/entity/Q44439684
https://ehkultura.wikibase.cloud/entity/Q34103	http://www.wikidata.org/entity/Q55939736
https://ehkultura.wikibase.cloud/entity/Q34068	http://www.wikidata.org/entity/Q55950395
https://ehkultura.wikibase.cloud/entity/Q34007	http://www.wikidata.org/entity/Q58119969
https://ehkultura.wikibase.cloud/entity/Q34125	http://www.wikidata.org/entity/Q84633168
https://ehkultura.wikibase.cloud/entity/Q33998	http://www.wikidata.org/entity/Q86074545
https://ehkultura.wikibase.cloud/entity/Q34205	http://www.wikidata.org/entity/Q93370850
https://ehkultura.wikibase.cloud/entity/Q34044	http://www.wikidata.org/entity/Q93427637
https://ehkultura.wikibase.cloud/entity/Q34052	http://www.wikidata.org/entity/Q94559411
https://ehkultura.wikibase.cloud/entity/Q34269	http://www.wikidata.org/entity/Q94522028
https://ehkultura.wikibase.cloud/entity/Q34200	http://www.wikidata.org/entity/Q94579454
https://ehkultura.wikibase.cloud/entity/Q33964	http://www.wikidata.org/entity/Q98619569
https://ehkultura.wikibase.cloud/entity/Q34050	http://www.wikidata.org/entity/Q105803992
https://ehkultura.wikibase.cloud/entity/Q34055	http://www.wikidata.org/entity/Q106081668
https://ehkultura.wikibase.cloud/entity/Q34107	http://www.wikidata.org/entity/Q106218796
https://ehkultura.wikibase.cloud/entity/Q34000	http://www.wikidata.org/entity/Q109417121
https://ehkultura.wikibase.cloud/entity/Q34073	http://www.wikidata.org/entity/Q110037842
https://ehkultura.wikibase.cloud/entity/Q34019	http://www.wikidata.org/entity/Q112535773
https://ehkultura.wikibase.cloud/entity/Q34109	http://www.wikidata.org/entity/Q115626595
https://ehkultura.wikibase.cloud/entity/Q34051	http://www.wikidata.org/entity/Q120597575
https://ehkultura.wikibase.cloud/entity/Q34228	http://www.wikidata.org/entity/Q125300455
https://ehkultura.wikibase.cloud/entity/Q34096	http://www.wikidata.org/entity/Q125547910
https://ehkultura.wikibase.cloud/entity/Q34193	http://www.wikidata.org/entity/Q131330135
https://ehkultura.wikibase.cloud/entity/Q34017	http://www.wikidata.org/entity/Q132563779
https://ehkultura.wikibase.cloud/entity/Q34266	http://www.wikidata.org/entity/Q132528371
https://ehkultura.wikibase.cloud/entity/Q34248	http://www.wikidata.org/entity/Q24829
https://ehkultura.wikibase.cloud/entity/Q34164	http://www.wikidata.org/entity/Q55418
https://ehkultura.wikibase.cloud/entity/Q34177	http://www.wikidata.org/entity/Q55282
https://ehkultura.wikibase.cloud/entity/Q34192	http://www.wikidata.org/entity/Q56016
https://ehkultura.wikibase.cloud/entity/Q34213	http://www.wikidata.org/entity/Q51575
https://ehkultura.wikibase.cloud/entity/Q37677	http://www.wikidata.org/entity/Q104898
https://ehkultura.wikibase.cloud/entity/Q37673	http://www.wikidata.org/entity/Q115990
https://ehkultura.wikibase.cloud/entity/Q37739	http://www.wikidata.org/entity/Q109290
https://ehkultura.wikibase.cloud/entity/Q37738	http://www.wikidata.org/entity/Q172140
https://ehkultura.wikibase.cloud/entity/Q37965	http://www.wikidata.org/entity/Q124528
https://ehkultura.wikibase.cloud/entity/Q37710	http://www.wikidata.org/entity/Q193405
https://ehkultura.wikibase.cloud/entity/Q37754	http://www.wikidata.org/entity/Q194797
https://ehkultura.wikibase.cloud/entity/Q37685	http://www.wikidata.org/entity/Q278713
https://ehkultura.wikibase.cloud/entity/Q37727	http://www.wikidata.org/entity/Q361981
https://ehkultura.wikibase.cloud/entity/Q37887	http://www.wikidata.org/entity/Q359815
https://ehkultura.wikibase.cloud/entity/Q38012	http://www.wikidata.org/entity/Q354603
https://ehkultura.wikibase.cloud/entity/Q37954	http://www.wikidata.org/entity/Q433895
https://ehkultura.wikibase.cloud/entity/Q37723	http://www.wikidata.org/entity/Q499742
https://ehkultura.wikibase.cloud/entity/Q37721	http://www.wikidata.org/entity/Q523915
https://ehkultura.wikibase.cloud/entity/Q37934	http://www.wikidata.org/entity/Q525269
https://ehkultura.wikibase.cloud/entity/Q37725	http://www.wikidata.org/entity/Q636724
https://ehkultura.wikibase.cloud/entity/Q37814	http://www.wikidata.org/entity/Q621776
https://ehkultura.wikibase.cloud/entity/Q37916	http://www.wikidata.org/entity/Q658733
https://ehkultura.wikibase.cloud/entity/Q37917	http://www.wikidata.org/entity/Q708504
https://ehkultura.wikibase.cloud/entity/Q38017	http://www.wikidata.org/entity/Q727329
https://ehkultura.wikibase.cloud/entity/Q37816	http://www.wikidata.org/entity/Q940647
https://ehkultura.wikibase.cloud/entity/Q37712	http://www.wikidata.org/entity/Q1085285
https://ehkultura.wikibase.cloud/entity/Q37878	http://www.wikidata.org/entity/Q1106336
https://ehkultura.wikibase.cloud/entity/Q37645	http://www.wikidata.org/entity/Q1394956
https://ehkultura.wikibase.cloud/entity/Q37947	http://www.wikidata.org/entity/Q1372703
https://ehkultura.wikibase.cloud/entity/Q38085	http://www.wikidata.org/entity/Q1378661
https://ehkultura.wikibase.cloud/entity/Q37946	http://www.wikidata.org/entity/Q1648890
https://ehkultura.wikibase.cloud/entity/Q37683	http://www.wikidata.org/entity/Q1775050
https://ehkultura.wikibase.cloud/entity/Q37986	http://www.wikidata.org/entity/Q1789294
https://ehkultura.wikibase.cloud/entity/Q43416	http://www.wikidata.org/entity/Q523722
https://ehkultura.wikibase.cloud/entity/Q38057	http://www.wikidata.org/entity/Q1872575
https://ehkultura.wikibase.cloud/entity/Q37674	http://www.wikidata.org/entity/Q1971768
https://ehkultura.wikibase.cloud/entity/Q37799	http://www.wikidata.org/entity/Q2134968
https://ehkultura.wikibase.cloud/entity/Q37729	http://www.wikidata.org/entity/Q2778621
https://ehkultura.wikibase.cloud/entity/Q37892	http://www.wikidata.org/entity/Q2854052
https://ehkultura.wikibase.cloud/entity/Q37968	http://www.wikidata.org/entity/Q2837749
https://ehkultura.wikibase.cloud/entity/Q37781	http://www.wikidata.org/entity/Q2884701
https://ehkultura.wikibase.cloud/entity/Q38072	http://www.wikidata.org/entity/Q2829750
https://ehkultura.wikibase.cloud/entity/Q37664	http://www.wikidata.org/entity/Q3002011
https://ehkultura.wikibase.cloud/entity/Q38049	http://www.wikidata.org/entity/Q3084343
https://ehkultura.wikibase.cloud/entity/Q37800	http://www.wikidata.org/entity/Q3171081
https://ehkultura.wikibase.cloud/entity/Q38084	http://www.wikidata.org/entity/Q3259588
https://ehkultura.wikibase.cloud/entity/Q37825	http://www.wikidata.org/entity/Q3482628
https://ehkultura.wikibase.cloud/entity/Q37818	http://www.wikidata.org/entity/Q3601574
https://ehkultura.wikibase.cloud/entity/Q37914	http://www.wikidata.org/entity/Q3802044
https://ehkultura.wikibase.cloud/entity/Q37705	http://www.wikidata.org/entity/Q4133923
https://ehkultura.wikibase.cloud/entity/Q43413	http://www.wikidata.org/entity/Q3393017
https://ehkultura.wikibase.cloud/entity/Q37779	http://www.wikidata.org/entity/Q4725941
https://ehkultura.wikibase.cloud/entity/Q37745	http://www.wikidata.org/entity/Q4859275
https://ehkultura.wikibase.cloud/entity/Q38003	http://www.wikidata.org/entity/Q4964074
https://ehkultura.wikibase.cloud/entity/Q38054	http://www.wikidata.org/entity/Q5106136
https://ehkultura.wikibase.cloud/entity/Q37682	http://www.wikidata.org/entity/Q5528089
https://ehkultura.wikibase.cloud/entity/Q37765	http://www.wikidata.org/entity/Q5562683
https://ehkultura.wikibase.cloud/entity/Q37813	http://www.wikidata.org/entity/Q5799578
https://ehkultura.wikibase.cloud/entity/Q37773	http://www.wikidata.org/entity/Q5878989
https://ehkultura.wikibase.cloud/entity/Q37937	http://www.wikidata.org/entity/Q6068370
https://ehkultura.wikibase.cloud/entity/Q38080	http://www.wikidata.org/entity/Q6090102
https://ehkultura.wikibase.cloud/entity/Q37635	http://www.wikidata.org/entity/Q6291816
https://ehkultura.wikibase.cloud/entity/Q43404	http://www.wikidata.org/entity/Q5543598
https://ehkultura.wikibase.cloud/entity/Q37741	http://www.wikidata.org/entity/Q7342636
https://ehkultura.wikibase.cloud/entity/Q37692	http://www.wikidata.org/entity/Q7487564
https://ehkultura.wikibase.cloud/entity/Q43405	http://www.wikidata.org/entity/Q6376346
https://ehkultura.wikibase.cloud/entity/Q37811	http://www.wikidata.org/entity/Q9013602
https://ehkultura.wikibase.cloud/entity/Q37675	http://www.wikidata.org/entity/Q12269037
https://ehkultura.wikibase.cloud/entity/Q37941	http://www.wikidata.org/entity/Q12266407
https://ehkultura.wikibase.cloud/entity/Q37909	http://www.wikidata.org/entity/Q15692811
https://ehkultura.wikibase.cloud/entity/Q37929	http://www.wikidata.org/entity/Q16176779
https://ehkultura.wikibase.cloud/entity/Q37689	http://www.wikidata.org/entity/Q17015865
https://ehkultura.wikibase.cloud/entity/Q37938	http://www.wikidata.org/entity/Q17305927
https://ehkultura.wikibase.cloud/entity/Q37698	http://www.wikidata.org/entity/Q17579876
https://ehkultura.wikibase.cloud/entity/Q37845	http://www.wikidata.org/entity/Q19467810
https://ehkultura.wikibase.cloud/entity/Q37966	http://www.wikidata.org/entity/Q19544565
https://ehkultura.wikibase.cloud/entity/Q37896	http://www.wikidata.org/entity/Q19998011
https://ehkultura.wikibase.cloud/entity/Q37898	http://www.wikidata.org/entity/Q20487057
https://ehkultura.wikibase.cloud/entity/Q37728	http://www.wikidata.org/entity/Q23926068
https://ehkultura.wikibase.cloud/entity/Q37796	http://www.wikidata.org/entity/Q28359691
https://ehkultura.wikibase.cloud/entity/Q37713	http://www.wikidata.org/entity/Q29959049
https://ehkultura.wikibase.cloud/entity/Q37676	http://www.wikidata.org/entity/Q33120690
https://ehkultura.wikibase.cloud/entity/Q37812	http://www.wikidata.org/entity/Q41774396
https://ehkultura.wikibase.cloud/entity/Q37962	http://www.wikidata.org/entity/Q53453741
https://ehkultura.wikibase.cloud/entity/Q37865	http://www.wikidata.org/entity/Q53545378
https://ehkultura.wikibase.cloud/entity/Q37847	http://www.wikidata.org/entity/Q55999971
https://ehkultura.wikibase.cloud/entity/Q37915	http://www.wikidata.org/entity/Q55999239
https://ehkultura.wikibase.cloud/entity/Q38081	http://www.wikidata.org/entity/Q61054466
https://ehkultura.wikibase.cloud/entity/Q37874	http://www.wikidata.org/entity/Q66173980
https://ehkultura.wikibase.cloud/entity/Q43403	http://www.wikidata.org/entity/Q75104198
https://ehkultura.wikibase.cloud/entity/Q37810	http://www.wikidata.org/entity/Q77310738
https://ehkultura.wikibase.cloud/entity/Q37691	http://www.wikidata.org/entity/Q80185808
https://ehkultura.wikibase.cloud/entity/Q38036	http://www.wikidata.org/entity/Q94502963
https://ehkultura.wikibase.cloud/entity/Q37777	http://www.wikidata.org/entity/Q100698662
https://ehkultura.wikibase.cloud/entity/Q37846	http://www.wikidata.org/entity/Q105824705
https://ehkultura.wikibase.cloud/entity/Q37949	http://www.wikidata.org/entity/Q109380942
https://ehkultura.wikibase.cloud/entity/Q37780	http://www.wikidata.org/entity/Q111967987
https://ehkultura.wikibase.cloud/entity/Q38032	http://www.wikidata.org/entity/Q113716099
https://ehkultura.wikibase.cloud/entity/Q38099	http://www.wikidata.org/entity/Q114593795
https://ehkultura.wikibase.cloud/entity/Q37832	http://www.wikidata.org/entity/Q116556418
https://ehkultura.wikibase.cloud/entity/Q38074	http://www.wikidata.org/entity/Q117860518
https://ehkultura.wikibase.cloud/entity/Q37967	http://www.wikidata.org/entity/Q120964476
https://ehkultura.wikibase.cloud/entity/Q38077	http://www.wikidata.org/entity/Q122697273
https://ehkultura.wikibase.cloud/entity/Q37808	http://www.wikidata.org/entity/Q60024
https://ehkultura.wikibase.cloud/entity/Q37015	http://www.wikidata.org/entity/Q1644838
https://ehkultura.wikibase.cloud/entity/Q37191	http://www.wikidata.org/entity/Q1603505
https://ehkultura.wikibase.cloud/entity/Q37230	http://www.wikidata.org/entity/Q1612441
https://ehkultura.wikibase.cloud/entity/Q37198	http://www.wikidata.org/entity/Q1670314
https://ehkultura.wikibase.cloud/entity/Q37087	http://www.wikidata.org/entity/Q2056154
https://ehkultura.wikibase.cloud/entity/Q36919	http://www.wikidata.org/entity/Q2182711
https://ehkultura.wikibase.cloud/entity/Q37093	http://www.wikidata.org/entity/Q2145216
https://ehkultura.wikibase.cloud/entity/Q37223	http://www.wikidata.org/entity/Q2367370
https://ehkultura.wikibase.cloud/entity/Q36929	http://www.wikidata.org/entity/Q2601387
https://ehkultura.wikibase.cloud/entity/Q37271	http://www.wikidata.org/entity/Q2669987
https://ehkultura.wikibase.cloud/entity/Q36999	http://www.wikidata.org/entity/Q2752139
https://ehkultura.wikibase.cloud/entity/Q36944	http://www.wikidata.org/entity/Q2977273
https://ehkultura.wikibase.cloud/entity/Q37232	http://www.wikidata.org/entity/Q2910935
https://ehkultura.wikibase.cloud/entity/Q36918	http://www.wikidata.org/entity/Q3332009
https://ehkultura.wikibase.cloud/entity/Q36923	http://www.wikidata.org/entity/Q3566375
https://ehkultura.wikibase.cloud/entity/Q37224	http://www.wikidata.org/entity/Q3570716
https://ehkultura.wikibase.cloud/entity/Q36905	http://www.wikidata.org/entity/Q3779170
https://ehkultura.wikibase.cloud/entity/Q37140	http://www.wikidata.org/entity/Q3809034
https://ehkultura.wikibase.cloud/entity/Q36970	http://www.wikidata.org/entity/Q4408686
https://ehkultura.wikibase.cloud/entity/Q37128	http://www.wikidata.org/entity/Q5342781
https://ehkultura.wikibase.cloud/entity/Q37151	http://www.wikidata.org/entity/Q5643575
https://ehkultura.wikibase.cloud/entity/Q37131	http://www.wikidata.org/entity/Q5675515
https://ehkultura.wikibase.cloud/entity/Q37011	http://www.wikidata.org/entity/Q6014122
https://ehkultura.wikibase.cloud/entity/Q36985	http://www.wikidata.org/entity/Q6168678
https://ehkultura.wikibase.cloud/entity/Q37004	http://www.wikidata.org/entity/Q6709060
https://ehkultura.wikibase.cloud/entity/Q37162	http://www.wikidata.org/entity/Q9198389
https://ehkultura.wikibase.cloud/entity/Q36917	http://www.wikidata.org/entity/Q12257816
https://ehkultura.wikibase.cloud/entity/Q36950	http://www.wikidata.org/entity/Q12261020
https://ehkultura.wikibase.cloud/entity/Q37144	http://www.wikidata.org/entity/Q16176256
https://ehkultura.wikibase.cloud/entity/Q37051	http://www.wikidata.org/entity/Q17305656
https://ehkultura.wikibase.cloud/entity/Q37013	http://www.wikidata.org/entity/Q18202163
https://ehkultura.wikibase.cloud/entity/Q37074	http://www.wikidata.org/entity/Q18434784
https://ehkultura.wikibase.cloud/entity/Q36924	http://www.wikidata.org/entity/Q19921257
https://ehkultura.wikibase.cloud/entity/Q36893	http://www.wikidata.org/entity/Q20003333
https://ehkultura.wikibase.cloud/entity/Q37118	http://www.wikidata.org/entity/Q22082441
https://ehkultura.wikibase.cloud/entity/Q37150	http://www.wikidata.org/entity/Q30123030
https://ehkultura.wikibase.cloud/entity/Q37112	http://www.wikidata.org/entity/Q30141748
https://ehkultura.wikibase.cloud/entity/Q37133	http://www.wikidata.org/entity/Q30323389
https://ehkultura.wikibase.cloud/entity/Q37088	http://www.wikidata.org/entity/Q30689596
https://ehkultura.wikibase.cloud/entity/Q36992	http://www.wikidata.org/entity/Q42897576
https://ehkultura.wikibase.cloud/entity/Q36956	http://www.wikidata.org/entity/Q44689694
https://ehkultura.wikibase.cloud/entity/Q36899	http://www.wikidata.org/entity/Q47088310
https://ehkultura.wikibase.cloud/entity/Q37111	http://www.wikidata.org/entity/Q52483433
https://ehkultura.wikibase.cloud/entity/Q36937	http://www.wikidata.org/entity/Q55943006
https://ehkultura.wikibase.cloud/entity/Q37006	http://www.wikidata.org/entity/Q66713041
https://ehkultura.wikibase.cloud/entity/Q36935	http://www.wikidata.org/entity/Q75434134
https://ehkultura.wikibase.cloud/entity/Q37152	http://www.wikidata.org/entity/Q75987758
https://ehkultura.wikibase.cloud/entity/Q36885	http://www.wikidata.org/entity/Q77849178
https://ehkultura.wikibase.cloud/entity/Q37216	http://www.wikidata.org/entity/Q87263046
https://ehkultura.wikibase.cloud/entity/Q36878	http://www.wikidata.org/entity/Q93413946
https://ehkultura.wikibase.cloud/entity/Q36892	http://www.wikidata.org/entity/Q93435560
https://ehkultura.wikibase.cloud/entity/Q37249	http://www.wikidata.org/entity/Q94521325
https://ehkultura.wikibase.cloud/entity/Q36922	http://www.wikidata.org/entity/Q98603442
https://ehkultura.wikibase.cloud/entity/Q36942	http://www.wikidata.org/entity/Q99491706
https://ehkultura.wikibase.cloud/entity/Q37242	http://www.wikidata.org/entity/Q99498150
https://ehkultura.wikibase.cloud/entity/Q37239	http://www.wikidata.org/entity/Q106576240
https://ehkultura.wikibase.cloud/entity/Q36879	http://www.wikidata.org/entity/Q112381824
https://ehkultura.wikibase.cloud/entity/Q37094	http://www.wikidata.org/entity/Q112399207
https://ehkultura.wikibase.cloud/entity/Q37196	http://www.wikidata.org/entity/Q112383122
https://ehkultura.wikibase.cloud/entity/Q36895	http://www.wikidata.org/entity/Q112528532
https://ehkultura.wikibase.cloud/entity/Q37052	http://www.wikidata.org/entity/Q112528661
https://ehkultura.wikibase.cloud/entity/Q37177	http://www.wikidata.org/entity/Q114663290
https://ehkultura.wikibase.cloud/entity/Q37173	http://www.wikidata.org/entity/Q116272386
https://ehkultura.wikibase.cloud/entity/Q36990	http://www.wikidata.org/entity/Q118817033
https://ehkultura.wikibase.cloud/entity/Q37168	http://www.wikidata.org/entity/Q1470
https://ehkultura.wikibase.cloud/entity/Q37071	http://www.wikidata.org/entity/Q33391
https://ehkultura.wikibase.cloud/entity/Q37221	http://www.wikidata.org/entity/Q5679
https://ehkultura.wikibase.cloud/entity/Q37027	http://www.wikidata.org/entity/Q56094
https://ehkultura.wikibase.cloud/entity/Q37164	http://www.wikidata.org/entity/Q42747
https://ehkultura.wikibase.cloud/entity/Q37186	http://www.wikidata.org/entity/Q59129
https://ehkultura.wikibase.cloud/entity/Q41186	http://www.wikidata.org/entity/Q495980
https://ehkultura.wikibase.cloud/entity/Q34025	http://www.wikidata.org/entity/Q72229
https://ehkultura.wikibase.cloud/entity/Q34089	http://www.wikidata.org/entity/Q68860
https://ehkultura.wikibase.cloud/entity/Q33949	http://www.wikidata.org/entity/Q102948
https://ehkultura.wikibase.cloud/entity/Q33952	http://www.wikidata.org/entity/Q115816
https://ehkultura.wikibase.cloud/entity/Q34184	http://www.wikidata.org/entity/Q78003
https://ehkultura.wikibase.cloud/entity/Q34084	http://www.wikidata.org/entity/Q105320
https://ehkultura.wikibase.cloud/entity/Q34247	http://www.wikidata.org/entity/Q87895
https://ehkultura.wikibase.cloud/entity/Q33970	http://www.wikidata.org/entity/Q267858
https://ehkultura.wikibase.cloud/entity/Q34130	http://www.wikidata.org/entity/Q311132
https://ehkultura.wikibase.cloud/entity/Q34223	http://www.wikidata.org/entity/Q311692
https://ehkultura.wikibase.cloud/entity/Q34204	http://www.wikidata.org/entity/Q336640
https://ehkultura.wikibase.cloud/entity/Q34155	http://www.wikidata.org/entity/Q428190
https://ehkultura.wikibase.cloud/entity/Q34182	http://www.wikidata.org/entity/Q442192
https://ehkultura.wikibase.cloud/entity/Q33981	http://www.wikidata.org/entity/Q581285
https://ehkultura.wikibase.cloud/entity/Q34197	http://www.wikidata.org/entity/Q548824
https://ehkultura.wikibase.cloud/entity/Q34012	http://www.wikidata.org/entity/Q667780
https://ehkultura.wikibase.cloud/entity/Q34116	http://www.wikidata.org/entity/Q1352652
https://ehkultura.wikibase.cloud/entity/Q34047	http://www.wikidata.org/entity/Q1398481
https://ehkultura.wikibase.cloud/entity/Q33948	http://www.wikidata.org/entity/Q1448277
https://ehkultura.wikibase.cloud/entity/Q34078	http://www.wikidata.org/entity/Q1525474
https://ehkultura.wikibase.cloud/entity/Q34034	http://www.wikidata.org/entity/Q1605934
https://ehkultura.wikibase.cloud/entity/Q34121	http://www.wikidata.org/entity/Q1712402
https://ehkultura.wikibase.cloud/entity/Q34077	http://www.wikidata.org/entity/Q1741304
https://ehkultura.wikibase.cloud/entity/Q33992	http://www.wikidata.org/entity/Q2447692
https://ehkultura.wikibase.cloud/entity/Q34157	http://www.wikidata.org/entity/Q2425000
https://ehkultura.wikibase.cloud/entity/Q33950	http://www.wikidata.org/entity/Q2544848
https://ehkultura.wikibase.cloud/entity/Q34206	http://www.wikidata.org/entity/Q2581909
https://ehkultura.wikibase.cloud/entity/Q34102	http://www.wikidata.org/entity/Q2756335
https://ehkultura.wikibase.cloud/entity/Q34181	http://www.wikidata.org/entity/Q3086482
https://ehkultura.wikibase.cloud/entity/Q42404	http://www.wikidata.org/entity/Q156731
https://ehkultura.wikibase.cloud/entity/Q42499	http://www.wikidata.org/entity/Q160534
https://ehkultura.wikibase.cloud/entity/Q42692	http://www.wikidata.org/entity/Q155855
https://ehkultura.wikibase.cloud/entity/Q42967	http://www.wikidata.org/entity/Q126506
https://ehkultura.wikibase.cloud/entity/Q42427	http://www.wikidata.org/entity/Q251613
https://ehkultura.wikibase.cloud/entity/Q42492	http://www.wikidata.org/entity/Q294326
https://ehkultura.wikibase.cloud/entity/Q42820	http://www.wikidata.org/entity/Q221732
https://ehkultura.wikibase.cloud/entity/Q42481	http://www.wikidata.org/entity/Q297525
https://ehkultura.wikibase.cloud/entity/Q42448	http://www.wikidata.org/entity/Q313113
https://ehkultura.wikibase.cloud/entity/Q42394	http://www.wikidata.org/entity/Q464056
https://ehkultura.wikibase.cloud/entity/Q42886	http://www.wikidata.org/entity/Q368645
https://ehkultura.wikibase.cloud/entity/Q42688	http://www.wikidata.org/entity/Q454568
https://ehkultura.wikibase.cloud/entity/Q42410	http://www.wikidata.org/entity/Q542346
https://ehkultura.wikibase.cloud/entity/Q42892	http://www.wikidata.org/entity/Q523720
https://ehkultura.wikibase.cloud/entity/Q42731	http://www.wikidata.org/entity/Q593407
https://ehkultura.wikibase.cloud/entity/Q42849	http://www.wikidata.org/entity/Q698877
https://ehkultura.wikibase.cloud/entity/Q42635	http://www.wikidata.org/entity/Q833275
https://ehkultura.wikibase.cloud/entity/Q42627	http://www.wikidata.org/entity/Q925564
https://ehkultura.wikibase.cloud/entity/Q42485	http://www.wikidata.org/entity/Q2163178
https://ehkultura.wikibase.cloud/entity/Q42720	http://www.wikidata.org/entity/Q2426702
https://ehkultura.wikibase.cloud/entity/Q42466	http://www.wikidata.org/entity/Q2544507
https://ehkultura.wikibase.cloud/entity/Q42754	http://www.wikidata.org/entity/Q2665553
https://ehkultura.wikibase.cloud/entity/Q42390	http://www.wikidata.org/entity/Q3086487
https://ehkultura.wikibase.cloud/entity/Q42415	http://www.wikidata.org/entity/Q3156135
https://ehkultura.wikibase.cloud/entity/Q42523	http://www.wikidata.org/entity/Q3616785
https://ehkultura.wikibase.cloud/entity/Q42489	http://www.wikidata.org/entity/Q3766389
https://ehkultura.wikibase.cloud/entity/Q42759	http://www.wikidata.org/entity/Q3754353
https://ehkultura.wikibase.cloud/entity/Q42810	http://www.wikidata.org/entity/Q3829209
https://ehkultura.wikibase.cloud/entity/Q42829	http://www.wikidata.org/entity/Q4894911
https://ehkultura.wikibase.cloud/entity/Q42845	http://www.wikidata.org/entity/Q5144893
https://ehkultura.wikibase.cloud/entity/Q42858	http://www.wikidata.org/entity/Q5648848
https://ehkultura.wikibase.cloud/entity/Q42856	http://www.wikidata.org/entity/Q5656738
https://ehkultura.wikibase.cloud/entity/Q42959	http://www.wikidata.org/entity/Q5752461
https://ehkultura.wikibase.cloud/entity/Q42948	http://www.wikidata.org/entity/Q6094685
https://ehkultura.wikibase.cloud/entity/Q42818	http://www.wikidata.org/entity/Q6213475
https://ehkultura.wikibase.cloud/entity/Q42642	http://www.wikidata.org/entity/Q6790541
https://ehkultura.wikibase.cloud/entity/Q42916	http://www.wikidata.org/entity/Q7327794
https://ehkultura.wikibase.cloud/entity/Q42758	http://www.wikidata.org/entity/Q7792662
https://ehkultura.wikibase.cloud/entity/Q42420	http://www.wikidata.org/entity/Q11684791
https://ehkultura.wikibase.cloud/entity/Q42735	http://www.wikidata.org/entity/Q11725904
https://ehkultura.wikibase.cloud/entity/Q42733	http://www.wikidata.org/entity/Q11922094
https://ehkultura.wikibase.cloud/entity/Q42479	http://www.wikidata.org/entity/Q12254913
https://ehkultura.wikibase.cloud/entity/Q42891	http://www.wikidata.org/entity/Q12260915
https://ehkultura.wikibase.cloud/entity/Q42646	http://www.wikidata.org/entity/Q12390587
https://ehkultura.wikibase.cloud/entity/Q42460	http://www.wikidata.org/entity/Q13578867
https://ehkultura.wikibase.cloud/entity/Q42844	http://www.wikidata.org/entity/Q13570719
https://ehkultura.wikibase.cloud/entity/Q42975	http://www.wikidata.org/entity/Q15208461
https://ehkultura.wikibase.cloud/entity/Q42506	http://www.wikidata.org/entity/Q15462880
https://ehkultura.wikibase.cloud/entity/Q42778	http://www.wikidata.org/entity/Q15456077
https://ehkultura.wikibase.cloud/entity/Q42575	http://www.wikidata.org/entity/Q17032038
https://ehkultura.wikibase.cloud/entity/Q42761	http://www.wikidata.org/entity/Q17461854
https://ehkultura.wikibase.cloud/entity/Q42686	http://www.wikidata.org/entity/Q19301767
https://ehkultura.wikibase.cloud/entity/Q42714	http://www.wikidata.org/entity/Q20016395
https://ehkultura.wikibase.cloud/entity/Q42417	http://www.wikidata.org/entity/Q20676246
https://ehkultura.wikibase.cloud/entity/Q42775	http://www.wikidata.org/entity/Q20986594
https://ehkultura.wikibase.cloud/entity/Q42902	http://www.wikidata.org/entity/Q21997798
https://ehkultura.wikibase.cloud/entity/Q42776	http://www.wikidata.org/entity/Q22237561
https://ehkultura.wikibase.cloud/entity/Q42909	http://www.wikidata.org/entity/Q24258624
https://ehkultura.wikibase.cloud/entity/Q42539	http://www.wikidata.org/entity/Q25411139
https://ehkultura.wikibase.cloud/entity/Q42486	http://www.wikidata.org/entity/Q28147469
https://ehkultura.wikibase.cloud/entity/Q42963	http://www.wikidata.org/entity/Q38136180
https://ehkultura.wikibase.cloud/entity/Q42859	http://www.wikidata.org/entity/Q38322390
https://ehkultura.wikibase.cloud/entity/Q42979	http://www.wikidata.org/entity/Q45905232
https://ehkultura.wikibase.cloud/entity/Q42483	http://www.wikidata.org/entity/Q47844176
https://ehkultura.wikibase.cloud/entity/Q42947	http://www.wikidata.org/entity/Q50176680
https://ehkultura.wikibase.cloud/entity/Q42403	http://www.wikidata.org/entity/Q50827118
https://ehkultura.wikibase.cloud/entity/Q42450	http://www.wikidata.org/entity/Q52555486
https://ehkultura.wikibase.cloud/entity/Q42823	http://www.wikidata.org/entity/Q55703023
https://ehkultura.wikibase.cloud/entity/Q42416	http://www.wikidata.org/entity/Q55994557
https://ehkultura.wikibase.cloud/entity/Q42625	http://www.wikidata.org/entity/Q55999256
https://ehkultura.wikibase.cloud/entity/Q42717	http://www.wikidata.org/entity/Q59779908
https://ehkultura.wikibase.cloud/entity/Q42788	http://www.wikidata.org/entity/Q59772568
https://ehkultura.wikibase.cloud/entity/Q42562	http://www.wikidata.org/entity/Q61043074
https://ehkultura.wikibase.cloud/entity/Q42992	http://www.wikidata.org/entity/Q61474045
https://ehkultura.wikibase.cloud/entity/Q42658	http://www.wikidata.org/entity/Q63764153
https://ehkultura.wikibase.cloud/entity/Q42860	http://www.wikidata.org/entity/Q85955789
https://ehkultura.wikibase.cloud/entity/Q42756	http://www.wikidata.org/entity/Q89285868
https://ehkultura.wikibase.cloud/entity/Q42566	http://www.wikidata.org/entity/Q93221250
https://ehkultura.wikibase.cloud/entity/Q42396	http://www.wikidata.org/entity/Q93433878
https://ehkultura.wikibase.cloud/entity/Q42926	http://www.wikidata.org/entity/Q95242839
https://ehkultura.wikibase.cloud/entity/Q42419	http://www.wikidata.org/entity/Q95860025
https://ehkultura.wikibase.cloud/entity/Q42430	http://www.wikidata.org/entity/Q96939422
https://ehkultura.wikibase.cloud/entity/Q42598	http://www.wikidata.org/entity/Q99493469
https://ehkultura.wikibase.cloud/entity/Q42991	http://www.wikidata.org/entity/Q105510836
https://ehkultura.wikibase.cloud/entity/Q42824	http://www.wikidata.org/entity/Q106224895
https://ehkultura.wikibase.cloud/entity/Q42855	http://www.wikidata.org/entity/Q106459743
https://ehkultura.wikibase.cloud/entity/Q42533	http://www.wikidata.org/entity/Q111164826
https://ehkultura.wikibase.cloud/entity/Q42968	http://www.wikidata.org/entity/Q111356355
https://ehkultura.wikibase.cloud/entity/Q42474	http://www.wikidata.org/entity/Q112457578
https://ehkultura.wikibase.cloud/entity/Q42794	http://www.wikidata.org/entity/Q112460127
https://ehkultura.wikibase.cloud/entity/Q42911	http://www.wikidata.org/entity/Q112490835
https://ehkultura.wikibase.cloud/entity/Q42841	http://www.wikidata.org/entity/Q117118450
https://ehkultura.wikibase.cloud/entity/Q42842	http://www.wikidata.org/entity/Q117118773
https://ehkultura.wikibase.cloud/entity/Q42986	http://www.wikidata.org/entity/Q129485997
https://ehkultura.wikibase.cloud/entity/Q42597	http://www.wikidata.org/entity/Q132745549
https://ehkultura.wikibase.cloud/entity/Q42459	http://www.wikidata.org/entity/Q132860673
https://ehkultura.wikibase.cloud/entity/Q42980	http://www.wikidata.org/entity/Q135778656
https://ehkultura.wikibase.cloud/entity/Q42923	http://www.wikidata.org/entity/Q57277
https://ehkultura.wikibase.cloud/entity/Q44482	http://www.wikidata.org/entity/Q125069
https://ehkultura.wikibase.cloud/entity/Q44730	http://www.wikidata.org/entity/Q96221
https://ehkultura.wikibase.cloud/entity/Q43297	http://www.wikidata.org/entity/Q1604450
https://ehkultura.wikibase.cloud/entity/Q43353	http://www.wikidata.org/entity/Q1596090
https://ehkultura.wikibase.cloud/entity/Q43089	http://www.wikidata.org/entity/Q1708800
https://ehkultura.wikibase.cloud/entity/Q43227	http://www.wikidata.org/entity/Q1718932
https://ehkultura.wikibase.cloud/entity/Q43198	http://www.wikidata.org/entity/Q1858445
https://ehkultura.wikibase.cloud/entity/Q43190	http://www.wikidata.org/entity/Q1904943
https://ehkultura.wikibase.cloud/entity/Q43218	http://www.wikidata.org/entity/Q1905006
https://ehkultura.wikibase.cloud/entity/Q43011	http://www.wikidata.org/entity/Q2069419
https://ehkultura.wikibase.cloud/entity/Q43358	http://www.wikidata.org/entity/Q2302591
https://ehkultura.wikibase.cloud/entity/Q43058	http://www.wikidata.org/entity/Q2977738
https://ehkultura.wikibase.cloud/entity/Q43317	http://www.wikidata.org/entity/Q2997430
https://ehkultura.wikibase.cloud/entity/Q43023	http://www.wikidata.org/entity/Q3089855
https://ehkultura.wikibase.cloud/entity/Q43270	http://www.wikidata.org/entity/Q3061264
https://ehkultura.wikibase.cloud/entity/Q43189	http://www.wikidata.org/entity/Q3082774
https://ehkultura.wikibase.cloud/entity/Q43265	http://www.wikidata.org/entity/Q3179639
https://ehkultura.wikibase.cloud/entity/Q43267	http://www.wikidata.org/entity/Q3196035
https://ehkultura.wikibase.cloud/entity/Q43039	http://www.wikidata.org/entity/Q3288344
https://ehkultura.wikibase.cloud/entity/Q43195	http://www.wikidata.org/entity/Q3482619
https://ehkultura.wikibase.cloud/entity/Q43154	http://www.wikidata.org/entity/Q3723040
https://ehkultura.wikibase.cloud/entity/Q43073	http://www.wikidata.org/entity/Q3754112
https://ehkultura.wikibase.cloud/entity/Q43132	http://www.wikidata.org/entity/Q4059105
https://ehkultura.wikibase.cloud/entity/Q43043	http://www.wikidata.org/entity/Q4948344
https://ehkultura.wikibase.cloud/entity/Q43131	http://www.wikidata.org/entity/Q5362980
https://ehkultura.wikibase.cloud/entity/Q43247	http://www.wikidata.org/entity/Q5702558
https://ehkultura.wikibase.cloud/entity/Q43044	http://www.wikidata.org/entity/Q5798376
https://ehkultura.wikibase.cloud/entity/Q43193	http://www.wikidata.org/entity/Q5942821
https://ehkultura.wikibase.cloud/entity/Q43015	http://www.wikidata.org/entity/Q6154196
https://ehkultura.wikibase.cloud/entity/Q43003	http://www.wikidata.org/entity/Q9058181
https://ehkultura.wikibase.cloud/entity/Q43386	http://www.wikidata.org/entity/Q11934243
https://ehkultura.wikibase.cloud/entity/Q43081	http://www.wikidata.org/entity/Q12255678
https://ehkultura.wikibase.cloud/entity/Q43032	http://www.wikidata.org/entity/Q14974730
https://ehkultura.wikibase.cloud/entity/Q43238	http://www.wikidata.org/entity/Q15454267
https://ehkultura.wikibase.cloud/entity/Q43126	http://www.wikidata.org/entity/Q15818098
https://ehkultura.wikibase.cloud/entity/Q43253	http://www.wikidata.org/entity/Q15909204
https://ehkultura.wikibase.cloud/entity/Q43407	http://www.wikidata.org/entity/Q16096930
https://ehkultura.wikibase.cloud/entity/Q43048	http://www.wikidata.org/entity/Q16627817
https://ehkultura.wikibase.cloud/entity/Q43042	http://www.wikidata.org/entity/Q16632917
https://ehkultura.wikibase.cloud/entity/Q43012	http://www.wikidata.org/entity/Q16945764
https://ehkultura.wikibase.cloud/entity/Q43040	http://www.wikidata.org/entity/Q16976087
https://ehkultura.wikibase.cloud/entity/Q43147	http://www.wikidata.org/entity/Q19863211
https://ehkultura.wikibase.cloud/entity/Q43351	http://www.wikidata.org/entity/Q19863411
https://ehkultura.wikibase.cloud/entity/Q43082	http://www.wikidata.org/entity/Q20171422
https://ehkultura.wikibase.cloud/entity/Q43279	http://www.wikidata.org/entity/Q21597981
https://ehkultura.wikibase.cloud/entity/Q43262	http://www.wikidata.org/entity/Q24042271
https://ehkultura.wikibase.cloud/entity/Q43411	http://www.wikidata.org/entity/Q24273134
https://ehkultura.wikibase.cloud/entity/Q43037	http://www.wikidata.org/entity/Q24742844
https://ehkultura.wikibase.cloud/entity/Q43244	http://www.wikidata.org/entity/Q24904729
https://ehkultura.wikibase.cloud/entity/Q43021	http://www.wikidata.org/entity/Q47156098
https://ehkultura.wikibase.cloud/entity/Q43245	http://www.wikidata.org/entity/Q50825770
https://ehkultura.wikibase.cloud/entity/Q43220	http://www.wikidata.org/entity/Q50843164
https://ehkultura.wikibase.cloud/entity/Q43286	http://www.wikidata.org/entity/Q53164628
https://ehkultura.wikibase.cloud/entity/Q43396	http://www.wikidata.org/entity/Q53549733
https://ehkultura.wikibase.cloud/entity/Q43075	http://www.wikidata.org/entity/Q55620323
https://ehkultura.wikibase.cloud/entity/Q43016	http://www.wikidata.org/entity/Q55946031
https://ehkultura.wikibase.cloud/entity/Q43261	http://www.wikidata.org/entity/Q55992733
https://ehkultura.wikibase.cloud/entity/Q43197	http://www.wikidata.org/entity/Q57625511
https://ehkultura.wikibase.cloud/entity/Q43328	http://www.wikidata.org/entity/Q60056756
https://ehkultura.wikibase.cloud/entity/Q43160	http://www.wikidata.org/entity/Q63090737
https://ehkultura.wikibase.cloud/entity/Q43264	http://www.wikidata.org/entity/Q63456585
https://ehkultura.wikibase.cloud/entity/Q43187	http://www.wikidata.org/entity/Q69350736
https://ehkultura.wikibase.cloud/entity/Q43273	http://www.wikidata.org/entity/Q75866088
https://ehkultura.wikibase.cloud/entity/Q43271	http://www.wikidata.org/entity/Q93432331
https://ehkultura.wikibase.cloud/entity/Q43116	http://www.wikidata.org/entity/Q95253212
https://ehkultura.wikibase.cloud/entity/Q43366	http://www.wikidata.org/entity/Q95979058
https://ehkultura.wikibase.cloud/entity/Q43311	http://www.wikidata.org/entity/Q102220872
https://ehkultura.wikibase.cloud/entity/Q43093	http://www.wikidata.org/entity/Q105460201
https://ehkultura.wikibase.cloud/entity/Q43104	http://www.wikidata.org/entity/Q108697919
https://ehkultura.wikibase.cloud/entity/Q43284	http://www.wikidata.org/entity/Q110815316
https://ehkultura.wikibase.cloud/entity/Q43280	http://www.wikidata.org/entity/Q111046609
https://ehkultura.wikibase.cloud/entity/Q43002	http://www.wikidata.org/entity/Q112352113
https://ehkultura.wikibase.cloud/entity/Q43142	http://www.wikidata.org/entity/Q112404645
https://ehkultura.wikibase.cloud/entity/Q43007	http://www.wikidata.org/entity/Q112461565
https://ehkultura.wikibase.cloud/entity/Q43274	http://www.wikidata.org/entity/Q112446326
https://ehkultura.wikibase.cloud/entity/Q43331	http://www.wikidata.org/entity/Q112456199
https://ehkultura.wikibase.cloud/entity/Q43298	http://www.wikidata.org/entity/Q112557087
https://ehkultura.wikibase.cloud/entity/Q43125	http://www.wikidata.org/entity/Q113778303
https://ehkultura.wikibase.cloud/entity/Q43222	http://www.wikidata.org/entity/Q114679007
https://ehkultura.wikibase.cloud/entity/Q43071	http://www.wikidata.org/entity/Q117768694
https://ehkultura.wikibase.cloud/entity/Q43031	http://www.wikidata.org/entity/Q127277475
https://ehkultura.wikibase.cloud/entity/Q43235	http://www.wikidata.org/entity/Q129485615
https://ehkultura.wikibase.cloud/entity/Q43083	http://www.wikidata.org/entity/Q134987308
https://ehkultura.wikibase.cloud/entity/Q43077	http://www.wikidata.org/entity/Q24503
https://ehkultura.wikibase.cloud/entity/Q38245	http://www.wikidata.org/entity/Q316427
https://ehkultura.wikibase.cloud/entity/Q38178	http://www.wikidata.org/entity/Q434342
https://ehkultura.wikibase.cloud/entity/Q38463	http://www.wikidata.org/entity/Q449536
https://ehkultura.wikibase.cloud/entity/Q38248	http://www.wikidata.org/entity/Q533444
https://ehkultura.wikibase.cloud/entity/Q38414	http://www.wikidata.org/entity/Q569021
https://ehkultura.wikibase.cloud/entity/Q38391	http://www.wikidata.org/entity/Q608904
https://ehkultura.wikibase.cloud/entity/Q38425	http://www.wikidata.org/entity/Q664257
https://ehkultura.wikibase.cloud/entity/Q38354	http://www.wikidata.org/entity/Q712326
https://ehkultura.wikibase.cloud/entity/Q38430	http://www.wikidata.org/entity/Q734835
https://ehkultura.wikibase.cloud/entity/Q38141	http://www.wikidata.org/entity/Q919069
https://ehkultura.wikibase.cloud/entity/Q38246	http://www.wikidata.org/entity/Q951010
https://ehkultura.wikibase.cloud/entity/Q38408	http://www.wikidata.org/entity/Q962442
https://ehkultura.wikibase.cloud/entity/Q38500	http://www.wikidata.org/entity/Q1241051
https://ehkultura.wikibase.cloud/entity/Q38487	http://www.wikidata.org/entity/Q1334295
https://ehkultura.wikibase.cloud/entity/Q38333	http://www.wikidata.org/entity/Q1582574
https://ehkultura.wikibase.cloud/entity/Q38459	http://www.wikidata.org/entity/Q1709329
https://ehkultura.wikibase.cloud/entity/Q38252	http://www.wikidata.org/entity/Q2086491
https://ehkultura.wikibase.cloud/entity/Q38267	http://www.wikidata.org/entity/Q2597266
https://ehkultura.wikibase.cloud/entity/Q38736	http://www.wikidata.org/entity/Q373948
https://ehkultura.wikibase.cloud/entity/Q38509	http://www.wikidata.org/entity/Q510467
https://ehkultura.wikibase.cloud/entity/Q38546	http://www.wikidata.org/entity/Q503017
https://ehkultura.wikibase.cloud/entity/Q38594	http://www.wikidata.org/entity/Q503277
https://ehkultura.wikibase.cloud/entity/Q38696	http://www.wikidata.org/entity/Q540665
https://ehkultura.wikibase.cloud/entity/Q38547	http://www.wikidata.org/entity/Q981947
https://ehkultura.wikibase.cloud/entity/Q38562	http://www.wikidata.org/entity/Q987946
https://ehkultura.wikibase.cloud/entity/Q38774	http://www.wikidata.org/entity/Q1083203
https://ehkultura.wikibase.cloud/entity/Q38552	http://www.wikidata.org/entity/Q1160089
https://ehkultura.wikibase.cloud/entity/Q38572	http://www.wikidata.org/entity/Q1350588
https://ehkultura.wikibase.cloud/entity/Q38785	http://www.wikidata.org/entity/Q1426930
https://ehkultura.wikibase.cloud/entity/Q38503	http://www.wikidata.org/entity/Q1497696
https://ehkultura.wikibase.cloud/entity/Q38561	http://www.wikidata.org/entity/Q1640422
https://ehkultura.wikibase.cloud/entity/Q38516	http://www.wikidata.org/entity/Q1703182
https://ehkultura.wikibase.cloud/entity/Q38732	http://www.wikidata.org/entity/Q1660432
https://ehkultura.wikibase.cloud/entity/Q38808	http://www.wikidata.org/entity/Q1657261
https://ehkultura.wikibase.cloud/entity/Q38755	http://www.wikidata.org/entity/Q1686745
https://ehkultura.wikibase.cloud/entity/Q38856	http://www.wikidata.org/entity/Q1868645
https://ehkultura.wikibase.cloud/entity/Q38586	http://www.wikidata.org/entity/Q2077559
https://ehkultura.wikibase.cloud/entity/Q38595	http://www.wikidata.org/entity/Q2163380
https://ehkultura.wikibase.cloud/entity/Q38687	http://www.wikidata.org/entity/Q2244022
https://ehkultura.wikibase.cloud/entity/Q38821	http://www.wikidata.org/entity/Q2298340
https://ehkultura.wikibase.cloud/entity/Q38817	http://www.wikidata.org/entity/Q2747231
https://ehkultura.wikibase.cloud/entity/Q38533	http://www.wikidata.org/entity/Q2834035
https://ehkultura.wikibase.cloud/entity/Q38720	http://www.wikidata.org/entity/Q3108719
https://ehkultura.wikibase.cloud/entity/Q38633	http://www.wikidata.org/entity/Q3169010
https://ehkultura.wikibase.cloud/entity/Q38803	http://www.wikidata.org/entity/Q3394516
https://ehkultura.wikibase.cloud/entity/Q38807	http://www.wikidata.org/entity/Q3481752
https://ehkultura.wikibase.cloud/entity/Q38886	http://www.wikidata.org/entity/Q3479345
https://ehkultura.wikibase.cloud/entity/Q38797	http://www.wikidata.org/entity/Q4684963
https://ehkultura.wikibase.cloud/entity/Q38775	http://www.wikidata.org/entity/Q5108433
https://ehkultura.wikibase.cloud/entity/Q38532	http://www.wikidata.org/entity/Q5170723
https://ehkultura.wikibase.cloud/entity/Q38845	http://www.wikidata.org/entity/Q5841866
https://ehkultura.wikibase.cloud/entity/Q38858	http://www.wikidata.org/entity/Q5985074
https://ehkultura.wikibase.cloud/entity/Q38780	http://www.wikidata.org/entity/Q6376101
https://ehkultura.wikibase.cloud/entity/Q38719	http://www.wikidata.org/entity/Q6881945
https://ehkultura.wikibase.cloud/entity/Q38772	http://www.wikidata.org/entity/Q7173492
https://ehkultura.wikibase.cloud/entity/Q38661	http://www.wikidata.org/entity/Q7701935
https://ehkultura.wikibase.cloud/entity/Q38649	http://www.wikidata.org/entity/Q8008040
https://ehkultura.wikibase.cloud/entity/Q38813	http://www.wikidata.org/entity/Q9015159
https://ehkultura.wikibase.cloud/entity/Q38793	http://www.wikidata.org/entity/Q9023342
https://ehkultura.wikibase.cloud/entity/Q38854	http://www.wikidata.org/entity/Q10305071
https://ehkultura.wikibase.cloud/entity/Q38763	http://www.wikidata.org/entity/Q11931153
https://ehkultura.wikibase.cloud/entity/Q38612	http://www.wikidata.org/entity/Q12260232
https://ehkultura.wikibase.cloud/entity/Q38665	http://www.wikidata.org/entity/Q15430860
https://ehkultura.wikibase.cloud/entity/Q38838	http://www.wikidata.org/entity/Q15428462
https://ehkultura.wikibase.cloud/entity/Q38827	http://www.wikidata.org/entity/Q17638387
https://ehkultura.wikibase.cloud/entity/Q38857	http://www.wikidata.org/entity/Q18345974
https://ehkultura.wikibase.cloud/entity/Q38840	http://www.wikidata.org/entity/Q19357822
https://ehkultura.wikibase.cloud/entity/Q38878	http://www.wikidata.org/entity/Q19560945
https://ehkultura.wikibase.cloud/entity/Q38801	http://www.wikidata.org/entity/Q19594453
https://ehkultura.wikibase.cloud/entity/Q38832	http://www.wikidata.org/entity/Q19753811
https://ehkultura.wikibase.cloud/entity/Q38554	http://www.wikidata.org/entity/Q28744759
https://ehkultura.wikibase.cloud/entity/Q38753	http://www.wikidata.org/entity/Q42540886
https://ehkultura.wikibase.cloud/entity/Q38752	http://www.wikidata.org/entity/Q51071779
https://ehkultura.wikibase.cloud/entity/Q38831	http://www.wikidata.org/entity/Q59529640
https://ehkultura.wikibase.cloud/entity/Q38839	http://www.wikidata.org/entity/Q59530496
https://ehkultura.wikibase.cloud/entity/Q38537	http://www.wikidata.org/entity/Q63057389
https://ehkultura.wikibase.cloud/entity/Q38798	http://www.wikidata.org/entity/Q64624723
https://ehkultura.wikibase.cloud/entity/Q38734	http://www.wikidata.org/entity/Q66600686
https://ehkultura.wikibase.cloud/entity/Q38607	http://www.wikidata.org/entity/Q73409300
https://ehkultura.wikibase.cloud/entity/Q38536	http://www.wikidata.org/entity/Q83976756
https://ehkultura.wikibase.cloud/entity/Q38593	http://www.wikidata.org/entity/Q88962449
https://ehkultura.wikibase.cloud/entity/Q38849	http://www.wikidata.org/entity/Q93165286
https://ehkultura.wikibase.cloud/entity/Q38539	http://www.wikidata.org/entity/Q93327979
https://ehkultura.wikibase.cloud/entity/Q38548	http://www.wikidata.org/entity/Q93370361
https://ehkultura.wikibase.cloud/entity/Q38526	http://www.wikidata.org/entity/Q93428163
https://ehkultura.wikibase.cloud/entity/Q38704	http://www.wikidata.org/entity/Q93386868
https://ehkultura.wikibase.cloud/entity/Q38767	http://www.wikidata.org/entity/Q97733443
https://ehkultura.wikibase.cloud/entity/Q38613	http://www.wikidata.org/entity/Q99586372
https://ehkultura.wikibase.cloud/entity/Q38628	http://www.wikidata.org/entity/Q99670894
https://ehkultura.wikibase.cloud/entity/Q38565	http://www.wikidata.org/entity/Q108313224
https://ehkultura.wikibase.cloud/entity/Q38776	http://www.wikidata.org/entity/Q110630467
https://ehkultura.wikibase.cloud/entity/Q38544	http://www.wikidata.org/entity/Q112404621
https://ehkultura.wikibase.cloud/entity/Q38873	http://www.wikidata.org/entity/Q112494199
https://ehkultura.wikibase.cloud/entity/Q38711	http://www.wikidata.org/entity/Q113765339
https://ehkultura.wikibase.cloud/entity/Q38679	http://www.wikidata.org/entity/Q115556313
https://ehkultura.wikibase.cloud/entity/Q38783	http://www.wikidata.org/entity/Q123688261
https://ehkultura.wikibase.cloud/entity/Q38712	http://www.wikidata.org/entity/Q125304688
https://ehkultura.wikibase.cloud/entity/Q38540	http://www.wikidata.org/entity/Q131937693
https://ehkultura.wikibase.cloud/entity/Q38853	http://www.wikidata.org/entity/Q132527951
https://ehkultura.wikibase.cloud/entity/Q38659	http://www.wikidata.org/entity/Q132743913
https://ehkultura.wikibase.cloud/entity/Q38524	http://www.wikidata.org/entity/Q62304
https://ehkultura.wikibase.cloud/entity/Q43097	http://www.wikidata.org/entity/Q248070
https://ehkultura.wikibase.cloud/entity/Q43389	http://www.wikidata.org/entity/Q325142
https://ehkultura.wikibase.cloud/entity/Q43400	http://www.wikidata.org/entity/Q325791
https://ehkultura.wikibase.cloud/entity/Q43250	http://www.wikidata.org/entity/Q442628
https://ehkultura.wikibase.cloud/entity/Q43133	http://www.wikidata.org/entity/Q497968
https://ehkultura.wikibase.cloud/entity/Q43112	http://www.wikidata.org/entity/Q556337
https://ehkultura.wikibase.cloud/entity/Q43185	http://www.wikidata.org/entity/Q568262
https://ehkultura.wikibase.cloud/entity/Q43392	http://www.wikidata.org/entity/Q574921
https://ehkultura.wikibase.cloud/entity/Q43377	http://www.wikidata.org/entity/Q826600
https://ehkultura.wikibase.cloud/entity/Q43088	http://www.wikidata.org/entity/Q918655
https://ehkultura.wikibase.cloud/entity/Q43316	http://www.wikidata.org/entity/Q1110864
https://ehkultura.wikibase.cloud/entity/Q43229	http://www.wikidata.org/entity/Q1159808
https://ehkultura.wikibase.cloud/entity/Q43232	http://www.wikidata.org/entity/Q1261891
https://ehkultura.wikibase.cloud/entity/Q43208	http://www.wikidata.org/entity/Q1279115
https://ehkultura.wikibase.cloud/entity/Q43217	http://www.wikidata.org/entity/Q1485390
https://ehkultura.wikibase.cloud/entity/Q43196	http://www.wikidata.org/entity/Q1514313
https://ehkultura.wikibase.cloud/entity/Q43209	http://www.wikidata.org/entity/Q1533875
https://ehkultura.wikibase.cloud/entity/Q33426	http://www.wikidata.org/entity/Q83578
https://ehkultura.wikibase.cloud/entity/Q33404	http://www.wikidata.org/entity/Q132305
https://ehkultura.wikibase.cloud/entity/Q33566	http://www.wikidata.org/entity/Q123454
https://ehkultura.wikibase.cloud/entity/Q33347	http://www.wikidata.org/entity/Q187192
https://ehkultura.wikibase.cloud/entity/Q33329	http://www.wikidata.org/entity/Q201494
https://ehkultura.wikibase.cloud/entity/Q33567	http://www.wikidata.org/entity/Q153739
https://ehkultura.wikibase.cloud/entity/Q33401	http://www.wikidata.org/entity/Q215623
https://ehkultura.wikibase.cloud/entity/Q33571	http://www.wikidata.org/entity/Q179982
https://ehkultura.wikibase.cloud/entity/Q33365	http://www.wikidata.org/entity/Q237959
https://ehkultura.wikibase.cloud/entity/Q33359	http://www.wikidata.org/entity/Q250805
https://ehkultura.wikibase.cloud/entity/Q33531	http://www.wikidata.org/entity/Q215457
https://ehkultura.wikibase.cloud/entity/Q33560	http://www.wikidata.org/entity/Q266535
https://ehkultura.wikibase.cloud/entity/Q33583	http://www.wikidata.org/entity/Q274082
https://ehkultura.wikibase.cloud/entity/Q33432	http://www.wikidata.org/entity/Q313572
https://ehkultura.wikibase.cloud/entity/Q33333	http://www.wikidata.org/entity/Q423298
https://ehkultura.wikibase.cloud/entity/Q33570	http://www.wikidata.org/entity/Q392644
https://ehkultura.wikibase.cloud/entity/Q33377	http://www.wikidata.org/entity/Q448193
https://ehkultura.wikibase.cloud/entity/Q33328	http://www.wikidata.org/entity/Q463411
https://ehkultura.wikibase.cloud/entity/Q33342	http://www.wikidata.org/entity/Q468857
https://ehkultura.wikibase.cloud/entity/Q33364	http://www.wikidata.org/entity/Q469963
https://ehkultura.wikibase.cloud/entity/Q33372	http://www.wikidata.org/entity/Q470441
https://ehkultura.wikibase.cloud/entity/Q33318	http://www.wikidata.org/entity/Q536884
https://ehkultura.wikibase.cloud/entity/Q33337	http://www.wikidata.org/entity/Q564132
https://ehkultura.wikibase.cloud/entity/Q33394	http://www.wikidata.org/entity/Q602428
https://ehkultura.wikibase.cloud/entity/Q33349	http://www.wikidata.org/entity/Q728088
https://ehkultura.wikibase.cloud/entity/Q33405	http://www.wikidata.org/entity/Q729079
https://ehkultura.wikibase.cloud/entity/Q33400	http://www.wikidata.org/entity/Q909383
https://ehkultura.wikibase.cloud/entity/Q33388	http://www.wikidata.org/entity/Q1077300
https://ehkultura.wikibase.cloud/entity/Q33399	http://www.wikidata.org/entity/Q1133344
https://ehkultura.wikibase.cloud/entity/Q33343	http://www.wikidata.org/entity/Q1210254
https://ehkultura.wikibase.cloud/entity/Q33389	http://www.wikidata.org/entity/Q1301849
https://ehkultura.wikibase.cloud/entity/Q33419	http://www.wikidata.org/entity/Q1563132
https://ehkultura.wikibase.cloud/entity/Q33545	http://www.wikidata.org/entity/Q1928295
https://ehkultura.wikibase.cloud/entity/Q33473	http://www.wikidata.org/entity/Q2167898
https://ehkultura.wikibase.cloud/entity/Q33427	http://www.wikidata.org/entity/Q2270422
https://ehkultura.wikibase.cloud/entity/Q33336	http://www.wikidata.org/entity/Q2777700
https://ehkultura.wikibase.cloud/entity/Q33443	http://www.wikidata.org/entity/Q2903310
https://ehkultura.wikibase.cloud/entity/Q33356	http://www.wikidata.org/entity/Q2992034
https://ehkultura.wikibase.cloud/entity/Q33428	http://www.wikidata.org/entity/Q3063894
https://ehkultura.wikibase.cloud/entity/Q33436	http://www.wikidata.org/entity/Q3573565
https://ehkultura.wikibase.cloud/entity/Q33533	http://www.wikidata.org/entity/Q3553651
https://ehkultura.wikibase.cloud/entity/Q33517	http://www.wikidata.org/entity/Q3932647
https://ehkultura.wikibase.cloud/entity/Q33366	http://www.wikidata.org/entity/Q4888685
https://ehkultura.wikibase.cloud/entity/Q33529	http://www.wikidata.org/entity/Q5752567
https://ehkultura.wikibase.cloud/entity/Q33413	http://www.wikidata.org/entity/Q6303495
https://ehkultura.wikibase.cloud/entity/Q33321	http://www.wikidata.org/entity/Q6498815
https://ehkultura.wikibase.cloud/entity/Q33522	http://www.wikidata.org/entity/Q6558276
https://ehkultura.wikibase.cloud/entity/Q33516	http://www.wikidata.org/entity/Q6761211
https://ehkultura.wikibase.cloud/entity/Q33534	http://www.wikidata.org/entity/Q6794944
https://ehkultura.wikibase.cloud/entity/Q33311	http://www.wikidata.org/entity/Q7160622
https://ehkultura.wikibase.cloud/entity/Q33480	http://www.wikidata.org/entity/Q7901696
https://ehkultura.wikibase.cloud/entity/Q33430	http://www.wikidata.org/entity/Q8263912
https://ehkultura.wikibase.cloud/entity/Q33379	http://www.wikidata.org/entity/Q12268051
https://ehkultura.wikibase.cloud/entity/Q33461	http://www.wikidata.org/entity/Q12263265
https://ehkultura.wikibase.cloud/entity/Q33562	http://www.wikidata.org/entity/Q15452921
https://ehkultura.wikibase.cloud/entity/Q33573	http://www.wikidata.org/entity/Q16663822
https://ehkultura.wikibase.cloud/entity/Q33582	http://www.wikidata.org/entity/Q16730515
https://ehkultura.wikibase.cloud/entity/Q33547	http://www.wikidata.org/entity/Q16926160
https://ehkultura.wikibase.cloud/entity/Q33350	http://www.wikidata.org/entity/Q19301190
https://ehkultura.wikibase.cloud/entity/Q33339	http://www.wikidata.org/entity/Q19959740
https://ehkultura.wikibase.cloud/entity/Q33373	http://www.wikidata.org/entity/Q20983790
https://ehkultura.wikibase.cloud/entity/Q33415	http://www.wikidata.org/entity/Q21076219
https://ehkultura.wikibase.cloud/entity/Q33482	http://www.wikidata.org/entity/Q24284587
https://ehkultura.wikibase.cloud/entity/Q33316	http://www.wikidata.org/entity/Q27062519
https://ehkultura.wikibase.cloud/entity/Q33460	http://www.wikidata.org/entity/Q28552607
https://ehkultura.wikibase.cloud/entity/Q33439	http://www.wikidata.org/entity/Q50189391
https://ehkultura.wikibase.cloud/entity/Q33317	http://www.wikidata.org/entity/Q52602502
https://ehkultura.wikibase.cloud/entity/Q33524	http://www.wikidata.org/entity/Q55219406
https://ehkultura.wikibase.cloud/entity/Q33459	http://www.wikidata.org/entity/Q55865092
https://ehkultura.wikibase.cloud/entity/Q33518	http://www.wikidata.org/entity/Q55989811
https://ehkultura.wikibase.cloud/entity/Q33464	http://www.wikidata.org/entity/Q56305697
https://ehkultura.wikibase.cloud/entity/Q33353	http://www.wikidata.org/entity/Q59529677
https://ehkultura.wikibase.cloud/entity/Q33409	http://www.wikidata.org/entity/Q59529042
https://ehkultura.wikibase.cloud/entity/Q33520	http://www.wikidata.org/entity/Q61874544
https://ehkultura.wikibase.cloud/entity/Q33352	http://www.wikidata.org/entity/Q63827261
https://ehkultura.wikibase.cloud/entity/Q33444	http://www.wikidata.org/entity/Q64176757
https://ehkultura.wikibase.cloud/entity/Q33378	http://www.wikidata.org/entity/Q76799760
https://ehkultura.wikibase.cloud/entity/Q33312	http://www.wikidata.org/entity/Q84319843
https://ehkultura.wikibase.cloud/entity/Q33396	http://www.wikidata.org/entity/Q88874703
https://ehkultura.wikibase.cloud/entity/Q33414	http://www.wikidata.org/entity/Q93250916
https://ehkultura.wikibase.cloud/entity/Q33351	http://www.wikidata.org/entity/Q93419296
https://ehkultura.wikibase.cloud/entity/Q33322	http://www.wikidata.org/entity/Q93433584
https://ehkultura.wikibase.cloud/entity/Q33510	http://www.wikidata.org/entity/Q96413457
https://ehkultura.wikibase.cloud/entity/Q33435	http://www.wikidata.org/entity/Q98848548
https://ehkultura.wikibase.cloud/entity/Q33360	http://www.wikidata.org/entity/Q103929502
https://ehkultura.wikibase.cloud/entity/Q33499	http://www.wikidata.org/entity/Q105883033
https://ehkultura.wikibase.cloud/entity/Q33471	http://www.wikidata.org/entity/Q111287989
https://ehkultura.wikibase.cloud/entity/Q33369	http://www.wikidata.org/entity/Q111359247
https://ehkultura.wikibase.cloud/entity/Q33550	http://www.wikidata.org/entity/Q112495353
https://ehkultura.wikibase.cloud/entity/Q33512	http://www.wikidata.org/entity/Q113783380
https://ehkultura.wikibase.cloud/entity/Q33398	http://www.wikidata.org/entity/Q123139743
https://ehkultura.wikibase.cloud/entity/Q33498	http://www.wikidata.org/entity/Q123166723
https://ehkultura.wikibase.cloud/entity/Q33455	http://www.wikidata.org/entity/Q5588
https://ehkultura.wikibase.cloud/entity/Q33467	http://www.wikidata.org/entity/Q7836
https://ehkultura.wikibase.cloud/entity/Q33503	http://www.wikidata.org/entity/Q29418
https://ehkultura.wikibase.cloud/entity/Q33521	http://www.wikidata.org/entity/Q55210
https://ehkultura.wikibase.cloud/entity/Q33568	http://www.wikidata.org/entity/Q53034
https://ehkultura.wikibase.cloud/entity/Q33569	http://www.wikidata.org/entity/Q64354
https://ehkultura.wikibase.cloud/entity/Q38113	http://www.wikidata.org/entity/Q217771
https://ehkultura.wikibase.cloud/entity/Q43859	http://www.wikidata.org/entity/Q95936
https://ehkultura.wikibase.cloud/entity/Q43693	http://www.wikidata.org/entity/Q168704
https://ehkultura.wikibase.cloud/entity/Q43512	http://www.wikidata.org/entity/Q328704
https://ehkultura.wikibase.cloud/entity/Q43868	http://www.wikidata.org/entity/Q295445
https://ehkultura.wikibase.cloud/entity/Q43832	http://www.wikidata.org/entity/Q309482
https://ehkultura.wikibase.cloud/entity/Q43756	http://www.wikidata.org/entity/Q456991
https://ehkultura.wikibase.cloud/entity/Q43822	http://www.wikidata.org/entity/Q458403
https://ehkultura.wikibase.cloud/entity/Q43529	http://www.wikidata.org/entity/Q561147
https://ehkultura.wikibase.cloud/entity/Q43524	http://www.wikidata.org/entity/Q569940
https://ehkultura.wikibase.cloud/entity/Q43846	http://www.wikidata.org/entity/Q503997
https://ehkultura.wikibase.cloud/entity/Q38094	http://www.wikidata.org/entity/Q2129234
https://ehkultura.wikibase.cloud/entity/Q43589	http://www.wikidata.org/entity/Q1026826
https://ehkultura.wikibase.cloud/entity/Q43435	http://www.wikidata.org/entity/Q1222705
https://ehkultura.wikibase.cloud/entity/Q43847	http://www.wikidata.org/entity/Q1151388
https://ehkultura.wikibase.cloud/entity/Q43640	http://www.wikidata.org/entity/Q1731011
https://ehkultura.wikibase.cloud/entity/Q43720	http://www.wikidata.org/entity/Q1789377
https://ehkultura.wikibase.cloud/entity/Q38095	http://www.wikidata.org/entity/Q3286629
https://ehkultura.wikibase.cloud/entity/Q43583	http://www.wikidata.org/entity/Q2160388
https://ehkultura.wikibase.cloud/entity/Q43431	http://www.wikidata.org/entity/Q2898157
https://ehkultura.wikibase.cloud/entity/Q43764	http://www.wikidata.org/entity/Q3035020
https://ehkultura.wikibase.cloud/entity/Q43738	http://www.wikidata.org/entity/Q3054592
https://ehkultura.wikibase.cloud/entity/Q43891	http://www.wikidata.org/entity/Q3084333
https://ehkultura.wikibase.cloud/entity/Q43807	http://www.wikidata.org/entity/Q3108040
https://ehkultura.wikibase.cloud/entity/Q43863	http://www.wikidata.org/entity/Q3135604
https://ehkultura.wikibase.cloud/entity/Q43445	http://www.wikidata.org/entity/Q3388373
https://ehkultura.wikibase.cloud/entity/Q43754	http://www.wikidata.org/entity/Q3591383
https://ehkultura.wikibase.cloud/entity/Q43617	http://www.wikidata.org/entity/Q4069882
https://ehkultura.wikibase.cloud/entity/Q43594	http://www.wikidata.org/entity/Q4291420
https://ehkultura.wikibase.cloud/entity/Q43795	http://www.wikidata.org/entity/Q4963977
https://ehkultura.wikibase.cloud/entity/Q43680	http://www.wikidata.org/entity/Q5075231
https://ehkultura.wikibase.cloud/entity/Q43429	http://www.wikidata.org/entity/Q5698301
https://ehkultura.wikibase.cloud/entity/Q43637	http://www.wikidata.org/entity/Q5651044
https://ehkultura.wikibase.cloud/entity/Q43824	http://www.wikidata.org/entity/Q5668727
https://ehkultura.wikibase.cloud/entity/Q43467	http://www.wikidata.org/entity/Q5757723
https://ehkultura.wikibase.cloud/entity/Q43717	http://www.wikidata.org/entity/Q5800392
https://ehkultura.wikibase.cloud/entity/Q38100	http://www.wikidata.org/entity/Q7179223
https://ehkultura.wikibase.cloud/entity/Q43658	http://www.wikidata.org/entity/Q6016575
https://ehkultura.wikibase.cloud/entity/Q43646	http://www.wikidata.org/entity/Q6766958
https://ehkultura.wikibase.cloud/entity/Q43695	http://www.wikidata.org/entity/Q7518889
https://ehkultura.wikibase.cloud/entity/Q43808	http://www.wikidata.org/entity/Q7610463
https://ehkultura.wikibase.cloud/entity/Q43623	http://www.wikidata.org/entity/Q8201051
https://ehkultura.wikibase.cloud/entity/Q43828	http://www.wikidata.org/entity/Q8906081
https://ehkultura.wikibase.cloud/entity/Q43628	http://www.wikidata.org/entity/Q11040305
https://ehkultura.wikibase.cloud/entity/Q43635	http://www.wikidata.org/entity/Q11682263
https://ehkultura.wikibase.cloud/entity/Q43464	http://www.wikidata.org/entity/Q11905429
https://ehkultura.wikibase.cloud/entity/Q43605	http://www.wikidata.org/entity/Q11936935
https://ehkultura.wikibase.cloud/entity/Q43614	http://www.wikidata.org/entity/Q12260565
https://ehkultura.wikibase.cloud/entity/Q43619	http://www.wikidata.org/entity/Q12261068
https://ehkultura.wikibase.cloud/entity/Q43655	http://www.wikidata.org/entity/Q12257782
https://ehkultura.wikibase.cloud/entity/Q43746	http://www.wikidata.org/entity/Q12253553
https://ehkultura.wikibase.cloud/entity/Q38111	http://www.wikidata.org/entity/Q15407458
https://ehkultura.wikibase.cloud/entity/Q43767	http://www.wikidata.org/entity/Q15444949
https://ehkultura.wikibase.cloud/entity/Q43771	http://www.wikidata.org/entity/Q15448514
https://ehkultura.wikibase.cloud/entity/Q38114	http://www.wikidata.org/entity/Q18285074
https://ehkultura.wikibase.cloud/entity/Q43858	http://www.wikidata.org/entity/Q17194371
https://ehkultura.wikibase.cloud/entity/Q38109	http://www.wikidata.org/entity/Q19959349
https://ehkultura.wikibase.cloud/entity/Q43913	http://www.wikidata.org/entity/Q18620058
https://ehkultura.wikibase.cloud/entity/Q43541	http://www.wikidata.org/entity/Q19594449
https://ehkultura.wikibase.cloud/entity/Q43782	http://www.wikidata.org/entity/Q19664305
https://ehkultura.wikibase.cloud/entity/Q43723	http://www.wikidata.org/entity/Q20752585
https://ehkultura.wikibase.cloud/entity/Q43662	http://www.wikidata.org/entity/Q22237492
https://ehkultura.wikibase.cloud/entity/Q43761	http://www.wikidata.org/entity/Q22236782
https://ehkultura.wikibase.cloud/entity/Q43461	http://www.wikidata.org/entity/Q23306577
https://ehkultura.wikibase.cloud/entity/Q43417	http://www.wikidata.org/entity/Q23778342
https://ehkultura.wikibase.cloud/entity/Q43687	http://www.wikidata.org/entity/Q23907922
https://ehkultura.wikibase.cloud/entity/Q43797	http://www.wikidata.org/entity/Q27517390
https://ehkultura.wikibase.cloud/entity/Q43548	http://www.wikidata.org/entity/Q29964405
https://ehkultura.wikibase.cloud/entity/Q43803	http://www.wikidata.org/entity/Q42183737
https://ehkultura.wikibase.cloud/entity/Q43651	http://www.wikidata.org/entity/Q52157360
https://ehkultura.wikibase.cloud/entity/Q43496	http://www.wikidata.org/entity/Q53548074
https://ehkultura.wikibase.cloud/entity/Q43900	http://www.wikidata.org/entity/Q55235714
https://ehkultura.wikibase.cloud/entity/Q43837	http://www.wikidata.org/entity/Q55948365
https://ehkultura.wikibase.cloud/entity/Q43875	http://www.wikidata.org/entity/Q55946242
https://ehkultura.wikibase.cloud/entity/Q43486	http://www.wikidata.org/entity/Q62518708
https://ehkultura.wikibase.cloud/entity/Q43845	http://www.wikidata.org/entity/Q63398055
https://ehkultura.wikibase.cloud/entity/Q43498	http://www.wikidata.org/entity/Q93434915
https://ehkultura.wikibase.cloud/entity/Q43791	http://www.wikidata.org/entity/Q93386781
https://ehkultura.wikibase.cloud/entity/Q43615	http://www.wikidata.org/entity/Q93431736
https://ehkultura.wikibase.cloud/entity/Q43446	http://www.wikidata.org/entity/Q95192233
https://ehkultura.wikibase.cloud/entity/Q43776	http://www.wikidata.org/entity/Q95331166
https://ehkultura.wikibase.cloud/entity/Q43685	http://www.wikidata.org/entity/Q96072247
https://ehkultura.wikibase.cloud/entity/Q43678	http://www.wikidata.org/entity/Q96082513
https://ehkultura.wikibase.cloud/entity/Q43783	http://www.wikidata.org/entity/Q96096740
https://ehkultura.wikibase.cloud/entity/Q43568	http://www.wikidata.org/entity/Q104220079
https://ehkultura.wikibase.cloud/entity/Q43554	http://www.wikidata.org/entity/Q106050523
https://ehkultura.wikibase.cloud/entity/Q43768	http://www.wikidata.org/entity/Q108554757
https://ehkultura.wikibase.cloud/entity/Q43466	http://www.wikidata.org/entity/Q109527106
https://ehkultura.wikibase.cloud/entity/Q43647	http://www.wikidata.org/entity/Q112446325
https://ehkultura.wikibase.cloud/entity/Q43860	http://www.wikidata.org/entity/Q112561516
https://ehkultura.wikibase.cloud/entity/Q43857	http://www.wikidata.org/entity/Q113775238
https://ehkultura.wikibase.cloud/entity/Q43737	http://www.wikidata.org/entity/Q116264751
https://ehkultura.wikibase.cloud/entity/Q43810	http://www.wikidata.org/entity/Q116811650
https://ehkultura.wikibase.cloud/entity/Q43882	http://www.wikidata.org/entity/Q118829322
https://ehkultura.wikibase.cloud/entity/Q43513	http://www.wikidata.org/entity/Q123403383
https://ehkultura.wikibase.cloud/entity/Q43444	http://www.wikidata.org/entity/Q123434647
https://ehkultura.wikibase.cloud/entity/Q43451	http://www.wikidata.org/entity/Q124855224
https://ehkultura.wikibase.cloud/entity/Q43706	http://www.wikidata.org/entity/Q125299491
https://ehkultura.wikibase.cloud/entity/Q43434	http://www.wikidata.org/entity/Q127991971
https://ehkultura.wikibase.cloud/entity/Q43722	http://www.wikidata.org/entity/Q132745149
https://ehkultura.wikibase.cloud/entity/Q39738	http://www.wikidata.org/entity/Q78485
https://ehkultura.wikibase.cloud/entity/Q39864	http://www.wikidata.org/entity/Q78680
https://ehkultura.wikibase.cloud/entity/Q39318	http://www.wikidata.org/entity/Q161955
https://ehkultura.wikibase.cloud/entity/Q39348	http://www.wikidata.org/entity/Q183167
https://ehkultura.wikibase.cloud/entity/Q39662	http://www.wikidata.org/entity/Q157054
https://ehkultura.wikibase.cloud/entity/Q39409	http://www.wikidata.org/entity/Q234608
https://ehkultura.wikibase.cloud/entity/Q39523	http://www.wikidata.org/entity/Q216582
https://ehkultura.wikibase.cloud/entity/Q39668	http://www.wikidata.org/entity/Q188526
https://ehkultura.wikibase.cloud/entity/Q39390	http://www.wikidata.org/entity/Q257113
https://ehkultura.wikibase.cloud/entity/Q39641	http://www.wikidata.org/entity/Q234109
https://ehkultura.wikibase.cloud/entity/Q39670	http://www.wikidata.org/entity/Q232391
https://ehkultura.wikibase.cloud/entity/Q39417	http://www.wikidata.org/entity/Q366066
https://ehkultura.wikibase.cloud/entity/Q39520	http://www.wikidata.org/entity/Q352963
https://ehkultura.wikibase.cloud/entity/Q39279	http://www.wikidata.org/entity/Q456996
https://ehkultura.wikibase.cloud/entity/Q39620	http://www.wikidata.org/entity/Q380052
https://ehkultura.wikibase.cloud/entity/Q39270	http://www.wikidata.org/entity/Q467499
https://ehkultura.wikibase.cloud/entity/Q39683	http://www.wikidata.org/entity/Q565390
https://ehkultura.wikibase.cloud/entity/Q39479	http://www.wikidata.org/entity/Q681927
https://ehkultura.wikibase.cloud/entity/Q39559	http://www.wikidata.org/entity/Q722119
https://ehkultura.wikibase.cloud/entity/Q39397	http://www.wikidata.org/entity/Q927796
https://ehkultura.wikibase.cloud/entity/Q39556	http://www.wikidata.org/entity/Q942442
https://ehkultura.wikibase.cloud/entity/Q39445	http://www.wikidata.org/entity/Q1052458
https://ehkultura.wikibase.cloud/entity/Q39667	http://www.wikidata.org/entity/Q1077159
https://ehkultura.wikibase.cloud/entity/Q39629	http://www.wikidata.org/entity/Q1113061
https://ehkultura.wikibase.cloud/entity/Q39462	http://www.wikidata.org/entity/Q1451016
https://ehkultura.wikibase.cloud/entity/Q39339	http://www.wikidata.org/entity/Q1930706
https://ehkultura.wikibase.cloud/entity/Q39679	http://www.wikidata.org/entity/Q2591295
https://ehkultura.wikibase.cloud/entity/Q39482	http://www.wikidata.org/entity/Q2739768
https://ehkultura.wikibase.cloud/entity/Q39640	http://www.wikidata.org/entity/Q2724714
https://ehkultura.wikibase.cloud/entity/Q39574	http://www.wikidata.org/entity/Q2927152
https://ehkultura.wikibase.cloud/entity/Q39521	http://www.wikidata.org/entity/Q3107242
https://ehkultura.wikibase.cloud/entity/Q39534	http://www.wikidata.org/entity/Q3379234
https://ehkultura.wikibase.cloud/entity/Q39310	http://www.wikidata.org/entity/Q3556926
https://ehkultura.wikibase.cloud/entity/Q39362	http://www.wikidata.org/entity/Q3778863
https://ehkultura.wikibase.cloud/entity/Q39710	http://www.wikidata.org/entity/Q3856560
https://ehkultura.wikibase.cloud/entity/Q39422	http://www.wikidata.org/entity/Q4013074
https://ehkultura.wikibase.cloud/entity/Q39405	http://www.wikidata.org/entity/Q4095066
https://ehkultura.wikibase.cloud/entity/Q39708	http://www.wikidata.org/entity/Q4503684
https://ehkultura.wikibase.cloud/entity/Q39617	http://www.wikidata.org/entity/Q4706092
https://ehkultura.wikibase.cloud/entity/Q39495	http://www.wikidata.org/entity/Q5670024
https://ehkultura.wikibase.cloud/entity/Q39281	http://www.wikidata.org/entity/Q5752699
https://ehkultura.wikibase.cloud/entity/Q39677	http://www.wikidata.org/entity/Q6010869
https://ehkultura.wikibase.cloud/entity/Q39370	http://www.wikidata.org/entity/Q6097383
https://ehkultura.wikibase.cloud/entity/Q39544	http://www.wikidata.org/entity/Q6112596
https://ehkultura.wikibase.cloud/entity/Q39637	http://www.wikidata.org/entity/Q6130255
https://ehkultura.wikibase.cloud/entity/Q39711	http://www.wikidata.org/entity/Q6274565
https://ehkultura.wikibase.cloud/entity/Q39675	http://www.wikidata.org/entity/Q6831284
https://ehkultura.wikibase.cloud/entity/Q39391	http://www.wikidata.org/entity/Q7976315
https://ehkultura.wikibase.cloud/entity/Q39440	http://www.wikidata.org/entity/Q9014002
https://ehkultura.wikibase.cloud/entity/Q39491	http://www.wikidata.org/entity/Q9059654
https://ehkultura.wikibase.cloud/entity/Q39480	http://www.wikidata.org/entity/Q11905647
https://ehkultura.wikibase.cloud/entity/Q39505	http://www.wikidata.org/entity/Q11916687
https://ehkultura.wikibase.cloud/entity/Q39287	http://www.wikidata.org/entity/Q12260643
https://ehkultura.wikibase.cloud/entity/Q39642	http://www.wikidata.org/entity/Q12253686
https://ehkultura.wikibase.cloud/entity/Q39639	http://www.wikidata.org/entity/Q12254916
https://ehkultura.wikibase.cloud/entity/Q39744	http://www.wikidata.org/entity/Q12262637
https://ehkultura.wikibase.cloud/entity/Q39447	http://www.wikidata.org/entity/Q12393300
https://ehkultura.wikibase.cloud/entity/Q39603	http://www.wikidata.org/entity/Q15731656
https://ehkultura.wikibase.cloud/entity/Q39602	http://www.wikidata.org/entity/Q15874769
https://ehkultura.wikibase.cloud/entity/Q39717	http://www.wikidata.org/entity/Q16552237
https://ehkultura.wikibase.cloud/entity/Q39555	http://www.wikidata.org/entity/Q17028647
https://ehkultura.wikibase.cloud/entity/Q39702	http://www.wikidata.org/entity/Q19289854
https://ehkultura.wikibase.cloud/entity/Q39261	http://www.wikidata.org/entity/Q20742663
https://ehkultura.wikibase.cloud/entity/Q39328	http://www.wikidata.org/entity/Q23304223
https://ehkultura.wikibase.cloud/entity/Q39336	http://www.wikidata.org/entity/Q25388962
https://ehkultura.wikibase.cloud/entity/Q39597	http://www.wikidata.org/entity/Q27929090
https://ehkultura.wikibase.cloud/entity/Q39582	http://www.wikidata.org/entity/Q28421770
https://ehkultura.wikibase.cloud/entity/Q39576	http://www.wikidata.org/entity/Q30244601
https://ehkultura.wikibase.cloud/entity/Q39745	http://www.wikidata.org/entity/Q42328330
https://ehkultura.wikibase.cloud/entity/Q39291	http://www.wikidata.org/entity/Q50413719
https://ehkultura.wikibase.cloud/entity/Q39669	http://www.wikidata.org/entity/Q51078252
https://ehkultura.wikibase.cloud/entity/Q39314	http://www.wikidata.org/entity/Q55998319
https://ehkultura.wikibase.cloud/entity/Q39716	http://www.wikidata.org/entity/Q56000054
https://ehkultura.wikibase.cloud/entity/Q39581	http://www.wikidata.org/entity/Q64014404
https://ehkultura.wikibase.cloud/entity/Q39382	http://www.wikidata.org/entity/Q67672003
https://ehkultura.wikibase.cloud/entity/Q39608	http://www.wikidata.org/entity/Q86083806
https://ehkultura.wikibase.cloud/entity/Q39424	http://www.wikidata.org/entity/Q88784209
https://ehkultura.wikibase.cloud/entity/Q39309	http://www.wikidata.org/entity/Q89738951
https://ehkultura.wikibase.cloud/entity/Q39334	http://www.wikidata.org/entity/Q93429781
https://ehkultura.wikibase.cloud/entity/Q39355	http://www.wikidata.org/entity/Q93429146
https://ehkultura.wikibase.cloud/entity/Q39465	http://www.wikidata.org/entity/Q93432161
https://ehkultura.wikibase.cloud/entity/Q39569	http://www.wikidata.org/entity/Q93429340
https://ehkultura.wikibase.cloud/entity/Q39627	http://www.wikidata.org/entity/Q93433884
https://ehkultura.wikibase.cloud/entity/Q39713	http://www.wikidata.org/entity/Q93418526
https://ehkultura.wikibase.cloud/entity/Q39535	http://www.wikidata.org/entity/Q95899732
https://ehkultura.wikibase.cloud/entity/Q39303	http://www.wikidata.org/entity/Q96694108
https://ehkultura.wikibase.cloud/entity/Q39552	http://www.wikidata.org/entity/Q105822350
https://ehkultura.wikibase.cloud/entity/Q39567	http://www.wikidata.org/entity/Q106689055
https://ehkultura.wikibase.cloud/entity/Q39734	http://www.wikidata.org/entity/Q108144098
https://ehkultura.wikibase.cloud/entity/Q39507	http://www.wikidata.org/entity/Q112449576
https://ehkultura.wikibase.cloud/entity/Q39580	http://www.wikidata.org/entity/Q112460219
https://ehkultura.wikibase.cloud/entity/Q39732	http://www.wikidata.org/entity/Q125209630
https://ehkultura.wikibase.cloud/entity/Q39509	http://www.wikidata.org/entity/Q125296780
https://ehkultura.wikibase.cloud/entity/Q39492	http://www.wikidata.org/entity/Q131010436
https://ehkultura.wikibase.cloud/entity/Q39403	http://www.wikidata.org/entity/Q2274
https://ehkultura.wikibase.cloud/entity/Q39531	http://www.wikidata.org/entity/Q8006
https://ehkultura.wikibase.cloud/entity/Q38953	http://www.wikidata.org/entity/Q88345
https://ehkultura.wikibase.cloud/entity/Q39022	http://www.wikidata.org/entity/Q72267
https://ehkultura.wikibase.cloud/entity/Q39111	http://www.wikidata.org/entity/Q85008
https://ehkultura.wikibase.cloud/entity/Q39177	http://www.wikidata.org/entity/Q106418
https://ehkultura.wikibase.cloud/entity/Q39066	http://www.wikidata.org/entity/Q240677
https://ehkultura.wikibase.cloud/entity/Q39056	http://www.wikidata.org/entity/Q317188
https://ehkultura.wikibase.cloud/entity/Q39769	http://www.wikidata.org/entity/Q142472
https://ehkultura.wikibase.cloud/entity/Q40051	http://www.wikidata.org/entity/Q105808
https://ehkultura.wikibase.cloud/entity/Q39846	http://www.wikidata.org/entity/Q157309
https://ehkultura.wikibase.cloud/entity/Q39861	http://www.wikidata.org/entity/Q188385
https://ehkultura.wikibase.cloud/entity/Q40058	http://www.wikidata.org/entity/Q151794
https://ehkultura.wikibase.cloud/entity/Q40224	http://www.wikidata.org/entity/Q151097
https://ehkultura.wikibase.cloud/entity/Q40155	http://www.wikidata.org/entity/Q171091
https://ehkultura.wikibase.cloud/entity/Q40175	http://www.wikidata.org/entity/Q200692
https://ehkultura.wikibase.cloud/entity/Q40125	http://www.wikidata.org/entity/Q330407
https://ehkultura.wikibase.cloud/entity/Q39897	http://www.wikidata.org/entity/Q556734
https://ehkultura.wikibase.cloud/entity/Q40064	http://www.wikidata.org/entity/Q702163
https://ehkultura.wikibase.cloud/entity/Q40126	http://www.wikidata.org/entity/Q711887
https://ehkultura.wikibase.cloud/entity/Q40024	http://www.wikidata.org/entity/Q1287988
https://ehkultura.wikibase.cloud/entity/Q39815	http://www.wikidata.org/entity/Q1352256
https://ehkultura.wikibase.cloud/entity/Q39938	http://www.wikidata.org/entity/Q1392710
https://ehkultura.wikibase.cloud/entity/Q39868	http://www.wikidata.org/entity/Q1697535
https://ehkultura.wikibase.cloud/entity/Q40002	http://www.wikidata.org/entity/Q2075354
https://ehkultura.wikibase.cloud/entity/Q39790	http://www.wikidata.org/entity/Q2309478
https://ehkultura.wikibase.cloud/entity/Q40057	http://www.wikidata.org/entity/Q2266040
https://ehkultura.wikibase.cloud/entity/Q39842	http://www.wikidata.org/entity/Q2561038
https://ehkultura.wikibase.cloud/entity/Q40089	http://www.wikidata.org/entity/Q2622439
https://ehkultura.wikibase.cloud/entity/Q40247	http://www.wikidata.org/entity/Q2655644
https://ehkultura.wikibase.cloud/entity/Q39969	http://www.wikidata.org/entity/Q3073966
https://ehkultura.wikibase.cloud/entity/Q40221	http://www.wikidata.org/entity/Q3082929
https://ehkultura.wikibase.cloud/entity/Q40075	http://www.wikidata.org/entity/Q3732336
https://ehkultura.wikibase.cloud/entity/Q39909	http://www.wikidata.org/entity/Q4727045
https://ehkultura.wikibase.cloud/entity/Q39752	http://www.wikidata.org/entity/Q4893931
https://ehkultura.wikibase.cloud/entity/Q40071	http://www.wikidata.org/entity/Q5111994
https://ehkultura.wikibase.cloud/entity/Q40102	http://www.wikidata.org/entity/Q5231172
https://ehkultura.wikibase.cloud/entity/Q40086	http://www.wikidata.org/entity/Q5483356
https://ehkultura.wikibase.cloud/entity/Q40123	http://www.wikidata.org/entity/Q5976490
https://ehkultura.wikibase.cloud/entity/Q39896	http://www.wikidata.org/entity/Q6114534
https://ehkultura.wikibase.cloud/entity/Q40190	http://www.wikidata.org/entity/Q6810666
https://ehkultura.wikibase.cloud/entity/Q39771	http://www.wikidata.org/entity/Q7329667
https://ehkultura.wikibase.cloud/entity/Q40056	http://www.wikidata.org/entity/Q7352265
https://ehkultura.wikibase.cloud/entity/Q40014	http://www.wikidata.org/entity/Q8344361
https://ehkultura.wikibase.cloud/entity/Q39985	http://www.wikidata.org/entity/Q9027802
https://ehkultura.wikibase.cloud/entity/Q40165	http://www.wikidata.org/entity/Q9015605
https://ehkultura.wikibase.cloud/entity/Q40235	http://www.wikidata.org/entity/Q10310278
https://ehkultura.wikibase.cloud/entity/Q39804	http://www.wikidata.org/entity/Q10541654
https://ehkultura.wikibase.cloud/entity/Q39903	http://www.wikidata.org/entity/Q11927621
https://ehkultura.wikibase.cloud/entity/Q40099	http://www.wikidata.org/entity/Q11921804
https://ehkultura.wikibase.cloud/entity/Q40000	http://www.wikidata.org/entity/Q11955318
https://ehkultura.wikibase.cloud/entity/Q39751	http://www.wikidata.org/entity/Q12260705
https://ehkultura.wikibase.cloud/entity/Q40098	http://www.wikidata.org/entity/Q12261309
https://ehkultura.wikibase.cloud/entity/Q40090	http://www.wikidata.org/entity/Q12265588
https://ehkultura.wikibase.cloud/entity/Q39787	http://www.wikidata.org/entity/Q15449080
https://ehkultura.wikibase.cloud/entity/Q39959	http://www.wikidata.org/entity/Q15430487
https://ehkultura.wikibase.cloud/entity/Q39878	http://www.wikidata.org/entity/Q15890601
https://ehkultura.wikibase.cloud/entity/Q40127	http://www.wikidata.org/entity/Q16142746
https://ehkultura.wikibase.cloud/entity/Q40144	http://www.wikidata.org/entity/Q16299023
https://ehkultura.wikibase.cloud/entity/Q39836	http://www.wikidata.org/entity/Q16501099
https://ehkultura.wikibase.cloud/entity/Q39835	http://www.wikidata.org/entity/Q16935142
https://ehkultura.wikibase.cloud/entity/Q39893	http://www.wikidata.org/entity/Q18383410
https://ehkultura.wikibase.cloud/entity/Q40202	http://www.wikidata.org/entity/Q19258714
https://ehkultura.wikibase.cloud/entity/Q40097	http://www.wikidata.org/entity/Q20006444
https://ehkultura.wikibase.cloud/entity/Q40077	http://www.wikidata.org/entity/Q27662323
https://ehkultura.wikibase.cloud/entity/Q40242	http://www.wikidata.org/entity/Q33142863
https://ehkultura.wikibase.cloud/entity/Q39978	http://www.wikidata.org/entity/Q52156886
https://ehkultura.wikibase.cloud/entity/Q40091	http://www.wikidata.org/entity/Q53553757
https://ehkultura.wikibase.cloud/entity/Q39758	http://www.wikidata.org/entity/Q55076615
https://ehkultura.wikibase.cloud/entity/Q39776	http://www.wikidata.org/entity/Q55433083
https://ehkultura.wikibase.cloud/entity/Q39834	http://www.wikidata.org/entity/Q55948433
https://ehkultura.wikibase.cloud/entity/Q39996	http://www.wikidata.org/entity/Q55939790
https://ehkultura.wikibase.cloud/entity/Q40100	http://www.wikidata.org/entity/Q56685318
https://ehkultura.wikibase.cloud/entity/Q39904	http://www.wikidata.org/entity/Q57031243
https://ehkultura.wikibase.cloud/entity/Q39899	http://www.wikidata.org/entity/Q59269093
https://ehkultura.wikibase.cloud/entity/Q39935	http://www.wikidata.org/entity/Q59532760
https://ehkultura.wikibase.cloud/entity/Q39992	http://www.wikidata.org/entity/Q73580899
https://ehkultura.wikibase.cloud/entity/Q39894	http://www.wikidata.org/entity/Q77353478
https://ehkultura.wikibase.cloud/entity/Q39775	http://www.wikidata.org/entity/Q82728083
https://ehkultura.wikibase.cloud/entity/Q39764	http://www.wikidata.org/entity/Q90985270
https://ehkultura.wikibase.cloud/entity/Q39816	http://www.wikidata.org/entity/Q93412753
https://ehkultura.wikibase.cloud/entity/Q39881	http://www.wikidata.org/entity/Q93429203
https://ehkultura.wikibase.cloud/entity/Q40208	http://www.wikidata.org/entity/Q93418120
https://ehkultura.wikibase.cloud/entity/Q39819	http://www.wikidata.org/entity/Q95204613
https://ehkultura.wikibase.cloud/entity/Q39817	http://www.wikidata.org/entity/Q97051721
https://ehkultura.wikibase.cloud/entity/Q40142	http://www.wikidata.org/entity/Q99461618
https://ehkultura.wikibase.cloud/entity/Q39994	http://www.wikidata.org/entity/Q100350530
https://ehkultura.wikibase.cloud/entity/Q40156	http://www.wikidata.org/entity/Q105592445
https://ehkultura.wikibase.cloud/entity/Q39957	http://www.wikidata.org/entity/Q105797967
https://ehkultura.wikibase.cloud/entity/Q40017	http://www.wikidata.org/entity/Q106647717
https://ehkultura.wikibase.cloud/entity/Q39830	http://www.wikidata.org/entity/Q107539981
https://ehkultura.wikibase.cloud/entity/Q40106	http://www.wikidata.org/entity/Q108042122
https://ehkultura.wikibase.cloud/entity/Q39808	http://www.wikidata.org/entity/Q112300077
https://ehkultura.wikibase.cloud/entity/Q39753	http://www.wikidata.org/entity/Q112395157
https://ehkultura.wikibase.cloud/entity/Q40218	http://www.wikidata.org/entity/Q112389103
https://ehkultura.wikibase.cloud/entity/Q40207	http://www.wikidata.org/entity/Q112425652
https://ehkultura.wikibase.cloud/entity/Q39854	http://www.wikidata.org/entity/Q112561512
https://ehkultura.wikibase.cloud/entity/Q40237	http://www.wikidata.org/entity/Q112500718
https://ehkultura.wikibase.cloud/entity/Q40174	http://www.wikidata.org/entity/Q113777250
https://ehkultura.wikibase.cloud/entity/Q40173	http://www.wikidata.org/entity/Q113845408
https://ehkultura.wikibase.cloud/entity/Q40159	http://www.wikidata.org/entity/Q115556683
https://ehkultura.wikibase.cloud/entity/Q40115	http://www.wikidata.org/entity/Q116236927
https://ehkultura.wikibase.cloud/entity/Q39855	http://www.wikidata.org/entity/Q117118988
https://ehkultura.wikibase.cloud/entity/Q39848	http://www.wikidata.org/entity/Q125301749
https://ehkultura.wikibase.cloud/entity/Q40209	http://www.wikidata.org/entity/Q125283219
https://ehkultura.wikibase.cloud/entity/Q39877	http://www.wikidata.org/entity/Q45417
https://ehkultura.wikibase.cloud/entity/Q32133	http://www.wikidata.org/entity/Q6300035
https://ehkultura.wikibase.cloud/entity/Q39327	http://www.wikidata.org/entity/Q86063
https://ehkultura.wikibase.cloud/entity/Q39239	http://www.wikidata.org/entity/Q275985
https://ehkultura.wikibase.cloud/entity/Q38937	http://www.wikidata.org/entity/Q365691
https://ehkultura.wikibase.cloud/entity/Q39105	http://www.wikidata.org/entity/Q354779
https://ehkultura.wikibase.cloud/entity/Q39100	http://www.wikidata.org/entity/Q434478
https://ehkultura.wikibase.cloud/entity/Q39110	http://www.wikidata.org/entity/Q438005
https://ehkultura.wikibase.cloud/entity/Q39014	http://www.wikidata.org/entity/Q468043
https://ehkultura.wikibase.cloud/entity/Q39051	http://www.wikidata.org/entity/Q527386
https://ehkultura.wikibase.cloud/entity/Q39191	http://www.wikidata.org/entity/Q577892
https://ehkultura.wikibase.cloud/entity/Q38962	http://www.wikidata.org/entity/Q926308
https://ehkultura.wikibase.cloud/entity/Q38890	http://www.wikidata.org/entity/Q1083788
https://ehkultura.wikibase.cloud/entity/Q39166	http://www.wikidata.org/entity/Q1495558
https://ehkultura.wikibase.cloud/entity/Q38889	http://www.wikidata.org/entity/Q1576034
https://ehkultura.wikibase.cloud/entity/Q39257	http://www.wikidata.org/entity/Q1697989
https://ehkultura.wikibase.cloud/entity/Q39114	http://www.wikidata.org/entity/Q2038439
https://ehkultura.wikibase.cloud/entity/Q39088	http://www.wikidata.org/entity/Q2088275
https://ehkultura.wikibase.cloud/entity/Q39057	http://www.wikidata.org/entity/Q2554450
https://ehkultura.wikibase.cloud/entity/Q39117	http://www.wikidata.org/entity/Q2647238
https://ehkultura.wikibase.cloud/entity/Q38929	http://www.wikidata.org/entity/Q2878251
https://ehkultura.wikibase.cloud/entity/Q38974	http://www.wikidata.org/entity/Q2907822
https://ehkultura.wikibase.cloud/entity/Q39015	http://www.wikidata.org/entity/Q2897811
https://ehkultura.wikibase.cloud/entity/Q39164	http://www.wikidata.org/entity/Q3189373
https://ehkultura.wikibase.cloud/entity/Q38979	http://www.wikidata.org/entity/Q3293928
https://ehkultura.wikibase.cloud/entity/Q39253	http://www.wikidata.org/entity/Q3327706
https://ehkultura.wikibase.cloud/entity/Q39184	http://www.wikidata.org/entity/Q3346493
https://ehkultura.wikibase.cloud/entity/Q39060	http://www.wikidata.org/entity/Q3753332
https://ehkultura.wikibase.cloud/entity/Q39163	http://www.wikidata.org/entity/Q3751138
https://ehkultura.wikibase.cloud/entity/Q39133	http://www.wikidata.org/entity/Q4167140
https://ehkultura.wikibase.cloud/entity/Q38998	http://www.wikidata.org/entity/Q4943414
https://ehkultura.wikibase.cloud/entity/Q39199	http://www.wikidata.org/entity/Q5134058
https://ehkultura.wikibase.cloud/entity/Q38971	http://www.wikidata.org/entity/Q5307396
https://ehkultura.wikibase.cloud/entity/Q38948	http://www.wikidata.org/entity/Q5629569
https://ehkultura.wikibase.cloud/entity/Q39035	http://www.wikidata.org/entity/Q5638199
https://ehkultura.wikibase.cloud/entity/Q39040	http://www.wikidata.org/entity/Q5883038
https://ehkultura.wikibase.cloud/entity/Q39077	http://www.wikidata.org/entity/Q5948668
https://ehkultura.wikibase.cloud/entity/Q39028	http://www.wikidata.org/entity/Q6069024
https://ehkultura.wikibase.cloud/entity/Q39173	http://www.wikidata.org/entity/Q6151234
https://ehkultura.wikibase.cloud/entity/Q39001	http://www.wikidata.org/entity/Q6301369
https://ehkultura.wikibase.cloud/entity/Q38911	http://www.wikidata.org/entity/Q7306981
https://ehkultura.wikibase.cloud/entity/Q38910	http://www.wikidata.org/entity/Q7407595
https://ehkultura.wikibase.cloud/entity/Q38912	http://www.wikidata.org/entity/Q7417384
https://ehkultura.wikibase.cloud/entity/Q38885	http://www.wikidata.org/entity/Q7614850
https://ehkultura.wikibase.cloud/entity/Q39125	http://www.wikidata.org/entity/Q8776128
https://ehkultura.wikibase.cloud/entity/Q39041	http://www.wikidata.org/entity/Q10364684
https://ehkultura.wikibase.cloud/entity/Q39242	http://www.wikidata.org/entity/Q11937514
https://ehkultura.wikibase.cloud/entity/Q39267	http://www.wikidata.org/entity/Q12261351
https://ehkultura.wikibase.cloud/entity/Q39011	http://www.wikidata.org/entity/Q12383169
https://ehkultura.wikibase.cloud/entity/Q39227	http://www.wikidata.org/entity/Q12390779
https://ehkultura.wikibase.cloud/entity/Q39118	http://www.wikidata.org/entity/Q15056051
https://ehkultura.wikibase.cloud/entity/Q38956	http://www.wikidata.org/entity/Q15109553
https://ehkultura.wikibase.cloud/entity/Q38897	http://www.wikidata.org/entity/Q16012435
https://ehkultura.wikibase.cloud/entity/Q38997	http://www.wikidata.org/entity/Q19291171
https://ehkultura.wikibase.cloud/entity/Q39062	http://www.wikidata.org/entity/Q19300250
https://ehkultura.wikibase.cloud/entity/Q39121	http://www.wikidata.org/entity/Q20054088
https://ehkultura.wikibase.cloud/entity/Q39200	http://www.wikidata.org/entity/Q23832091
https://ehkultura.wikibase.cloud/entity/Q39072	http://www.wikidata.org/entity/Q26134601
https://ehkultura.wikibase.cloud/entity/Q39169	http://www.wikidata.org/entity/Q33167862
https://ehkultura.wikibase.cloud/entity/Q39109	http://www.wikidata.org/entity/Q41633346
https://ehkultura.wikibase.cloud/entity/Q39047	http://www.wikidata.org/entity/Q55948212
https://ehkultura.wikibase.cloud/entity/Q39213	http://www.wikidata.org/entity/Q56000434
https://ehkultura.wikibase.cloud/entity/Q39168	http://www.wikidata.org/entity/Q56071956
https://ehkultura.wikibase.cloud/entity/Q38950	http://www.wikidata.org/entity/Q84707767
https://ehkultura.wikibase.cloud/entity/Q39245	http://www.wikidata.org/entity/Q85635161
https://ehkultura.wikibase.cloud/entity/Q38960	http://www.wikidata.org/entity/Q86693911
https://ehkultura.wikibase.cloud/entity/Q38916	http://www.wikidata.org/entity/Q88160224
https://ehkultura.wikibase.cloud/entity/Q38899	http://www.wikidata.org/entity/Q90661000
https://ehkultura.wikibase.cloud/entity/Q39094	http://www.wikidata.org/entity/Q91232089
https://ehkultura.wikibase.cloud/entity/Q38888	http://www.wikidata.org/entity/Q93427741
https://ehkultura.wikibase.cloud/entity/Q39240	http://www.wikidata.org/entity/Q93428205
https://ehkultura.wikibase.cloud/entity/Q39049	http://www.wikidata.org/entity/Q94538707
https://ehkultura.wikibase.cloud/entity/Q38918	http://www.wikidata.org/entity/Q95756418
https://ehkultura.wikibase.cloud/entity/Q39131	http://www.wikidata.org/entity/Q97697718
https://ehkultura.wikibase.cloud/entity/Q38924	http://www.wikidata.org/entity/Q98204912
https://ehkultura.wikibase.cloud/entity/Q38981	http://www.wikidata.org/entity/Q102248268
https://ehkultura.wikibase.cloud/entity/Q38957	http://www.wikidata.org/entity/Q106693037
https://ehkultura.wikibase.cloud/entity/Q39020	http://www.wikidata.org/entity/Q110037843
https://ehkultura.wikibase.cloud/entity/Q38919	http://www.wikidata.org/entity/Q112364425
https://ehkultura.wikibase.cloud/entity/Q38895	http://www.wikidata.org/entity/Q112459022
https://ehkultura.wikibase.cloud/entity/Q38938	http://www.wikidata.org/entity/Q112447654
https://ehkultura.wikibase.cloud/entity/Q39214	http://www.wikidata.org/entity/Q112403025
https://ehkultura.wikibase.cloud/entity/Q39104	http://www.wikidata.org/entity/Q112507208
https://ehkultura.wikibase.cloud/entity/Q39115	http://www.wikidata.org/entity/Q112537055
https://ehkultura.wikibase.cloud/entity/Q38932	http://www.wikidata.org/entity/Q113776480
https://ehkultura.wikibase.cloud/entity/Q39218	http://www.wikidata.org/entity/Q113782465
https://ehkultura.wikibase.cloud/entity/Q39007	http://www.wikidata.org/entity/Q119855379
https://ehkultura.wikibase.cloud/entity/Q39134	http://www.wikidata.org/entity/Q122231856
https://ehkultura.wikibase.cloud/entity/Q39003	http://www.wikidata.org/entity/Q124504985
https://ehkultura.wikibase.cloud/entity/Q38943	http://www.wikidata.org/entity/Q124854618
https://ehkultura.wikibase.cloud/entity/Q39006	http://www.wikidata.org/entity/Q133086462
https://ehkultura.wikibase.cloud/entity/Q39023	http://www.wikidata.org/entity/Q51476
https://ehkultura.wikibase.cloud/entity/Q39025	http://www.wikidata.org/entity/Q51492
https://ehkultura.wikibase.cloud/entity/Q39026	http://www.wikidata.org/entity/Q51581
https://ehkultura.wikibase.cloud/entity/Q39098	http://www.wikidata.org/entity/Q55375
https://ehkultura.wikibase.cloud/entity/Q38907	http://www.wikidata.org/entity/Q767435
https://ehkultura.wikibase.cloud/entity/Q41408	http://www.wikidata.org/entity/Q5006090
https://ehkultura.wikibase.cloud/entity/Q34314	http://www.wikidata.org/entity/Q77756
https://ehkultura.wikibase.cloud/entity/Q34327	http://www.wikidata.org/entity/Q76846
https://ehkultura.wikibase.cloud/entity/Q34371	http://www.wikidata.org/entity/Q75004
https://ehkultura.wikibase.cloud/entity/Q34344	http://www.wikidata.org/entity/Q96612
https://ehkultura.wikibase.cloud/entity/Q34658	http://www.wikidata.org/entity/Q90293
https://ehkultura.wikibase.cloud/entity/Q34345	http://www.wikidata.org/entity/Q171128
https://ehkultura.wikibase.cloud/entity/Q34734	http://www.wikidata.org/entity/Q78504
https://ehkultura.wikibase.cloud/entity/Q34446	http://www.wikidata.org/entity/Q164351
https://ehkultura.wikibase.cloud/entity/Q34701	http://www.wikidata.org/entity/Q116714
https://ehkultura.wikibase.cloud/entity/Q34698	http://www.wikidata.org/entity/Q134867
https://ehkultura.wikibase.cloud/entity/Q34747	http://www.wikidata.org/entity/Q157303
https://ehkultura.wikibase.cloud/entity/Q34520	http://www.wikidata.org/entity/Q214317
https://ehkultura.wikibase.cloud/entity/Q34621	http://www.wikidata.org/entity/Q267559
https://ehkultura.wikibase.cloud/entity/Q34406	http://www.wikidata.org/entity/Q345569
https://ehkultura.wikibase.cloud/entity/Q34746	http://www.wikidata.org/entity/Q270279
https://ehkultura.wikibase.cloud/entity/Q34411	http://www.wikidata.org/entity/Q363989
https://ehkultura.wikibase.cloud/entity/Q34699	http://www.wikidata.org/entity/Q337976
https://ehkultura.wikibase.cloud/entity/Q34591	http://www.wikidata.org/entity/Q430967
https://ehkultura.wikibase.cloud/entity/Q34555	http://www.wikidata.org/entity/Q451185
https://ehkultura.wikibase.cloud/entity/Q34653	http://www.wikidata.org/entity/Q438129
https://ehkultura.wikibase.cloud/entity/Q34511	http://www.wikidata.org/entity/Q472545
https://ehkultura.wikibase.cloud/entity/Q34401	http://www.wikidata.org/entity/Q509718
https://ehkultura.wikibase.cloud/entity/Q34759	http://www.wikidata.org/entity/Q448845
https://ehkultura.wikibase.cloud/entity/Q34463	http://www.wikidata.org/entity/Q528248
https://ehkultura.wikibase.cloud/entity/Q34322	http://www.wikidata.org/entity/Q659403
https://ehkultura.wikibase.cloud/entity/Q34408	http://www.wikidata.org/entity/Q716700
https://ehkultura.wikibase.cloud/entity/Q34506	http://www.wikidata.org/entity/Q966061
https://ehkultura.wikibase.cloud/entity/Q34444	http://www.wikidata.org/entity/Q984596
https://ehkultura.wikibase.cloud/entity/Q34552	http://www.wikidata.org/entity/Q1174664
https://ehkultura.wikibase.cloud/entity/Q34727	http://www.wikidata.org/entity/Q1344373
https://ehkultura.wikibase.cloud/entity/Q34328	http://www.wikidata.org/entity/Q2378699
https://ehkultura.wikibase.cloud/entity/Q34417	http://www.wikidata.org/entity/Q2419774
https://ehkultura.wikibase.cloud/entity/Q34608	http://www.wikidata.org/entity/Q2401837
https://ehkultura.wikibase.cloud/entity/Q34399	http://www.wikidata.org/entity/Q2530042
https://ehkultura.wikibase.cloud/entity/Q34623	http://www.wikidata.org/entity/Q2829780
https://ehkultura.wikibase.cloud/entity/Q34749	http://www.wikidata.org/entity/Q2839645
https://ehkultura.wikibase.cloud/entity/Q34400	http://www.wikidata.org/entity/Q2946867
https://ehkultura.wikibase.cloud/entity/Q34538	http://www.wikidata.org/entity/Q3068999
https://ehkultura.wikibase.cloud/entity/Q34350	http://www.wikidata.org/entity/Q3129270
https://ehkultura.wikibase.cloud/entity/Q34292	http://www.wikidata.org/entity/Q3193551
https://ehkultura.wikibase.cloud/entity/Q34532	http://www.wikidata.org/entity/Q3177301
https://ehkultura.wikibase.cloud/entity/Q34336	http://www.wikidata.org/entity/Q3295247
https://ehkultura.wikibase.cloud/entity/Q34445	http://www.wikidata.org/entity/Q3702470
https://ehkultura.wikibase.cloud/entity/Q34289	http://www.wikidata.org/entity/Q3753478
https://ehkultura.wikibase.cloud/entity/Q34287	http://www.wikidata.org/entity/Q3842284
https://ehkultura.wikibase.cloud/entity/Q34522	http://www.wikidata.org/entity/Q3847499
https://ehkultura.wikibase.cloud/entity/Q34375	http://www.wikidata.org/entity/Q4730642
https://ehkultura.wikibase.cloud/entity/Q34550	http://www.wikidata.org/entity/Q4953004
https://ehkultura.wikibase.cloud/entity/Q34624	http://www.wikidata.org/entity/Q5111633
https://ehkultura.wikibase.cloud/entity/Q34641	http://www.wikidata.org/entity/Q5228949
https://ehkultura.wikibase.cloud/entity/Q34481	http://www.wikidata.org/entity/Q5395864
https://ehkultura.wikibase.cloud/entity/Q34640	http://www.wikidata.org/entity/Q5478956
https://ehkultura.wikibase.cloud/entity/Q34530	http://www.wikidata.org/entity/Q5752073
https://ehkultura.wikibase.cloud/entity/Q34283	http://www.wikidata.org/entity/Q5930516
https://ehkultura.wikibase.cloud/entity/Q34541	http://www.wikidata.org/entity/Q5993124
https://ehkultura.wikibase.cloud/entity/Q34278	http://www.wikidata.org/entity/Q6774676
https://ehkultura.wikibase.cloud/entity/Q34326	http://www.wikidata.org/entity/Q10309338
https://ehkultura.wikibase.cloud/entity/Q34297	http://www.wikidata.org/entity/Q11317735
https://ehkultura.wikibase.cloud/entity/Q34582	http://www.wikidata.org/entity/Q11905823
https://ehkultura.wikibase.cloud/entity/Q34409	http://www.wikidata.org/entity/Q12253084
https://ehkultura.wikibase.cloud/entity/Q34402	http://www.wikidata.org/entity/Q12263525
https://ehkultura.wikibase.cloud/entity/Q34365	http://www.wikidata.org/entity/Q13856456
https://ehkultura.wikibase.cloud/entity/Q34540	http://www.wikidata.org/entity/Q16195432
https://ehkultura.wikibase.cloud/entity/Q34457	http://www.wikidata.org/entity/Q16247168
https://ehkultura.wikibase.cloud/entity/Q34748	http://www.wikidata.org/entity/Q16297945
https://ehkultura.wikibase.cloud/entity/Q34594	http://www.wikidata.org/entity/Q19873696
https://ehkultura.wikibase.cloud/entity/Q34721	http://www.wikidata.org/entity/Q23641836
https://ehkultura.wikibase.cloud/entity/Q34353	http://www.wikidata.org/entity/Q25425005
https://ehkultura.wikibase.cloud/entity/Q34542	http://www.wikidata.org/entity/Q28026552
https://ehkultura.wikibase.cloud/entity/Q34560	http://www.wikidata.org/entity/Q33277715
https://ehkultura.wikibase.cloud/entity/Q34376	http://www.wikidata.org/entity/Q40754965
https://ehkultura.wikibase.cloud/entity/Q34381	http://www.wikidata.org/entity/Q40755001
https://ehkultura.wikibase.cloud/entity/Q34564	http://www.wikidata.org/entity/Q55688391
https://ehkultura.wikibase.cloud/entity/Q34498	http://www.wikidata.org/entity/Q55937462
https://ehkultura.wikibase.cloud/entity/Q34683	http://www.wikidata.org/entity/Q55946063
https://ehkultura.wikibase.cloud/entity/Q34593	http://www.wikidata.org/entity/Q57659692
https://ehkultura.wikibase.cloud/entity/Q34440	http://www.wikidata.org/entity/Q59521357
https://ehkultura.wikibase.cloud/entity/Q34291	http://www.wikidata.org/entity/Q61058410
https://ehkultura.wikibase.cloud/entity/Q34309	http://www.wikidata.org/entity/Q84557542
https://ehkultura.wikibase.cloud/entity/Q34420	http://www.wikidata.org/entity/Q85422677
https://ehkultura.wikibase.cloud/entity/Q34273	http://www.wikidata.org/entity/Q93373102
https://ehkultura.wikibase.cloud/entity/Q34433	http://www.wikidata.org/entity/Q93429763
https://ehkultura.wikibase.cloud/entity/Q34655	http://www.wikidata.org/entity/Q93431811
https://ehkultura.wikibase.cloud/entity/Q34600	http://www.wikidata.org/entity/Q112209036
https://ehkultura.wikibase.cloud/entity/Q34388	http://www.wikidata.org/entity/Q112411464
https://ehkultura.wikibase.cloud/entity/Q34280	http://www.wikidata.org/entity/Q112453827
https://ehkultura.wikibase.cloud/entity/Q34354	http://www.wikidata.org/entity/Q112452447
https://ehkultura.wikibase.cloud/entity/Q34462	http://www.wikidata.org/entity/Q112542409
https://ehkultura.wikibase.cloud/entity/Q34595	http://www.wikidata.org/entity/Q115775588
https://ehkultura.wikibase.cloud/entity/Q34424	http://www.wikidata.org/entity/Q116872124
https://ehkultura.wikibase.cloud/entity/Q34471	http://www.wikidata.org/entity/Q118444428
https://ehkultura.wikibase.cloud/entity/Q34558	http://www.wikidata.org/entity/Q118828991
https://ehkultura.wikibase.cloud/entity/Q34738	http://www.wikidata.org/entity/Q123358266
https://ehkultura.wikibase.cloud/entity/Q34403	http://www.wikidata.org/entity/Q39931
https://ehkultura.wikibase.cloud/entity/Q34510	http://www.wikidata.org/entity/Q53018
https://ehkultura.wikibase.cloud/entity/Q34622	http://www.wikidata.org/entity/Q59076
https://ehkultura.wikibase.cloud/entity/Q34650	http://www.wikidata.org/entity/Q55165
https://ehkultura.wikibase.cloud/entity/Q34656	http://www.wikidata.org/entity/Q59549
https://ehkultura.wikibase.cloud/entity/Q36183	http://www.wikidata.org/entity/Q26160416
https://ehkultura.wikibase.cloud/entity/Q33130	http://www.wikidata.org/entity/Q78819
https://ehkultura.wikibase.cloud/entity/Q40641	http://www.wikidata.org/entity/Q216466
https://ehkultura.wikibase.cloud/entity/Q40724	http://www.wikidata.org/entity/Q197177
https://ehkultura.wikibase.cloud/entity/Q40696	http://www.wikidata.org/entity/Q210134
https://ehkultura.wikibase.cloud/entity/Q40392	http://www.wikidata.org/entity/Q312831
https://ehkultura.wikibase.cloud/entity/Q40608	http://www.wikidata.org/entity/Q269214
https://ehkultura.wikibase.cloud/entity/Q40709	http://www.wikidata.org/entity/Q250293
https://ehkultura.wikibase.cloud/entity/Q40671	http://www.wikidata.org/entity/Q333585
https://ehkultura.wikibase.cloud/entity/Q40762	http://www.wikidata.org/entity/Q325945
https://ehkultura.wikibase.cloud/entity/Q40523	http://www.wikidata.org/entity/Q444382
https://ehkultura.wikibase.cloud/entity/Q40287	http://www.wikidata.org/entity/Q597248
https://ehkultura.wikibase.cloud/entity/Q40652	http://www.wikidata.org/entity/Q551383
https://ehkultura.wikibase.cloud/entity/Q40390	http://www.wikidata.org/entity/Q707020
https://ehkultura.wikibase.cloud/entity/Q40749	http://www.wikidata.org/entity/Q641304
https://ehkultura.wikibase.cloud/entity/Q40524	http://www.wikidata.org/entity/Q823316
https://ehkultura.wikibase.cloud/entity/Q40427	http://www.wikidata.org/entity/Q862383
https://ehkultura.wikibase.cloud/entity/Q40281	http://www.wikidata.org/entity/Q1240288
https://ehkultura.wikibase.cloud/entity/Q40459	http://www.wikidata.org/entity/Q1860448
https://ehkultura.wikibase.cloud/entity/Q40642	http://www.wikidata.org/entity/Q2395533
https://ehkultura.wikibase.cloud/entity/Q40559	http://www.wikidata.org/entity/Q2601617
https://ehkultura.wikibase.cloud/entity/Q40718	http://www.wikidata.org/entity/Q2657338
https://ehkultura.wikibase.cloud/entity/Q40415	http://www.wikidata.org/entity/Q2910912
https://ehkultura.wikibase.cloud/entity/Q40461	http://www.wikidata.org/entity/Q2975855
https://ehkultura.wikibase.cloud/entity/Q40697	http://www.wikidata.org/entity/Q2965218
https://ehkultura.wikibase.cloud/entity/Q40313	http://www.wikidata.org/entity/Q3321064
https://ehkultura.wikibase.cloud/entity/Q40275	http://www.wikidata.org/entity/Q3342565
https://ehkultura.wikibase.cloud/entity/Q40628	http://www.wikidata.org/entity/Q3385191
https://ehkultura.wikibase.cloud/entity/Q40534	http://www.wikidata.org/entity/Q3502976
https://ehkultura.wikibase.cloud/entity/Q40372	http://www.wikidata.org/entity/Q3592074
https://ehkultura.wikibase.cloud/entity/Q40357	http://www.wikidata.org/entity/Q3737564
https://ehkultura.wikibase.cloud/entity/Q40563	http://www.wikidata.org/entity/Q3854624
https://ehkultura.wikibase.cloud/entity/Q40283	http://www.wikidata.org/entity/Q4775699
https://ehkultura.wikibase.cloud/entity/Q40328	http://www.wikidata.org/entity/Q5442128
https://ehkultura.wikibase.cloud/entity/Q40466	http://www.wikidata.org/entity/Q5512441
https://ehkultura.wikibase.cloud/entity/Q40337	http://www.wikidata.org/entity/Q5813083
https://ehkultura.wikibase.cloud/entity/Q40664	http://www.wikidata.org/entity/Q5752474
https://ehkultura.wikibase.cloud/entity/Q40422	http://www.wikidata.org/entity/Q5858233
https://ehkultura.wikibase.cloud/entity/Q40362	http://www.wikidata.org/entity/Q5941256
https://ehkultura.wikibase.cloud/entity/Q40394	http://www.wikidata.org/entity/Q5944893
https://ehkultura.wikibase.cloud/entity/Q40681	http://www.wikidata.org/entity/Q6015734
https://ehkultura.wikibase.cloud/entity/Q40383	http://www.wikidata.org/entity/Q6117636
https://ehkultura.wikibase.cloud/entity/Q40668	http://www.wikidata.org/entity/Q7612006
https://ehkultura.wikibase.cloud/entity/Q40326	http://www.wikidata.org/entity/Q9096560
https://ehkultura.wikibase.cloud/entity/Q40352	http://www.wikidata.org/entity/Q9594203
https://ehkultura.wikibase.cloud/entity/Q40565	http://www.wikidata.org/entity/Q12362974
https://ehkultura.wikibase.cloud/entity/Q40511	http://www.wikidata.org/entity/Q12403582
https://ehkultura.wikibase.cloud/entity/Q40541	http://www.wikidata.org/entity/Q15909278
https://ehkultura.wikibase.cloud/entity/Q40435	http://www.wikidata.org/entity/Q16860466
https://ehkultura.wikibase.cloud/entity/Q40426	http://www.wikidata.org/entity/Q17036150
https://ehkultura.wikibase.cloud/entity/Q40341	http://www.wikidata.org/entity/Q19660271
https://ehkultura.wikibase.cloud/entity/Q40384	http://www.wikidata.org/entity/Q19863320
https://ehkultura.wikibase.cloud/entity/Q40378	http://www.wikidata.org/entity/Q19998250
https://ehkultura.wikibase.cloud/entity/Q40600	http://www.wikidata.org/entity/Q19958845
https://ehkultura.wikibase.cloud/entity/Q40569	http://www.wikidata.org/entity/Q21580467
https://ehkultura.wikibase.cloud/entity/Q40333	http://www.wikidata.org/entity/Q21683303
https://ehkultura.wikibase.cloud/entity/Q40521	http://www.wikidata.org/entity/Q23907257
https://ehkultura.wikibase.cloud/entity/Q40424	http://www.wikidata.org/entity/Q27247582
https://ehkultura.wikibase.cloud/entity/Q40538	http://www.wikidata.org/entity/Q27804542
https://ehkultura.wikibase.cloud/entity/Q40302	http://www.wikidata.org/entity/Q29049485
https://ehkultura.wikibase.cloud/entity/Q40255	http://www.wikidata.org/entity/Q43130543
https://ehkultura.wikibase.cloud/entity/Q40562	http://www.wikidata.org/entity/Q54507647
https://ehkultura.wikibase.cloud/entity/Q40339	http://www.wikidata.org/entity/Q55235543
https://ehkultura.wikibase.cloud/entity/Q40731	http://www.wikidata.org/entity/Q55218545
https://ehkultura.wikibase.cloud/entity/Q40754	http://www.wikidata.org/entity/Q55218348
https://ehkultura.wikibase.cloud/entity/Q40329	http://www.wikidata.org/entity/Q55344619
https://ehkultura.wikibase.cloud/entity/Q40528	http://www.wikidata.org/entity/Q55993141
https://ehkultura.wikibase.cloud/entity/Q40587	http://www.wikidata.org/entity/Q55999685
https://ehkultura.wikibase.cloud/entity/Q40316	http://www.wikidata.org/entity/Q56426555
https://ehkultura.wikibase.cloud/entity/Q40751	http://www.wikidata.org/entity/Q57631620
https://ehkultura.wikibase.cloud/entity/Q40657	http://www.wikidata.org/entity/Q58326338
https://ehkultura.wikibase.cloud/entity/Q40630	http://www.wikidata.org/entity/Q59288772
https://ehkultura.wikibase.cloud/entity/Q40432	http://www.wikidata.org/entity/Q60185252
https://ehkultura.wikibase.cloud/entity/Q40626	http://www.wikidata.org/entity/Q64862355
https://ehkultura.wikibase.cloud/entity/Q40667	http://www.wikidata.org/entity/Q88729633
https://ehkultura.wikibase.cloud/entity/Q40356	http://www.wikidata.org/entity/Q93033994
https://ehkultura.wikibase.cloud/entity/Q40395	http://www.wikidata.org/entity/Q93431570
https://ehkultura.wikibase.cloud/entity/Q40513	http://www.wikidata.org/entity/Q93429314
https://ehkultura.wikibase.cloud/entity/Q40561	http://www.wikidata.org/entity/Q94575536
https://ehkultura.wikibase.cloud/entity/Q40246	http://www.wikidata.org/entity/Q94657529
https://ehkultura.wikibase.cloud/entity/Q40454	http://www.wikidata.org/entity/Q95465702
https://ehkultura.wikibase.cloud/entity/Q40679	http://www.wikidata.org/entity/Q95978770
https://ehkultura.wikibase.cloud/entity/Q40633	http://www.wikidata.org/entity/Q100299343
https://ehkultura.wikibase.cloud/entity/Q40512	http://www.wikidata.org/entity/Q105905627
https://ehkultura.wikibase.cloud/entity/Q40279	http://www.wikidata.org/entity/Q106959888
https://ehkultura.wikibase.cloud/entity/Q40670	http://www.wikidata.org/entity/Q109833552
https://ehkultura.wikibase.cloud/entity/Q40399	http://www.wikidata.org/entity/Q110037781
https://ehkultura.wikibase.cloud/entity/Q40440	http://www.wikidata.org/entity/Q110316241
https://ehkultura.wikibase.cloud/entity/Q40278	http://www.wikidata.org/entity/Q112120592
https://ehkultura.wikibase.cloud/entity/Q40381	http://www.wikidata.org/entity/Q112449510
https://ehkultura.wikibase.cloud/entity/Q40629	http://www.wikidata.org/entity/Q112499044
https://ehkultura.wikibase.cloud/entity/Q40376	http://www.wikidata.org/entity/Q113716024
https://ehkultura.wikibase.cloud/entity/Q40486	http://www.wikidata.org/entity/Q116740751
https://ehkultura.wikibase.cloud/entity/Q40469	http://www.wikidata.org/entity/Q118818039
https://ehkultura.wikibase.cloud/entity/Q40284	http://www.wikidata.org/entity/Q125133807
https://ehkultura.wikibase.cloud/entity/Q40443	http://www.wikidata.org/entity/Q125210374
https://ehkultura.wikibase.cloud/entity/Q40385	http://www.wikidata.org/entity/Q6530
https://ehkultura.wikibase.cloud/entity/Q40413	http://www.wikidata.org/entity/Q7934
https://ehkultura.wikibase.cloud/entity/Q40380	http://www.wikidata.org/entity/Q38757
https://ehkultura.wikibase.cloud/entity/Q33043	http://www.wikidata.org/entity/Q151523
https://ehkultura.wikibase.cloud/entity/Q33067	http://www.wikidata.org/entity/Q160780
https://ehkultura.wikibase.cloud/entity/Q33154	http://www.wikidata.org/entity/Q152233
https://ehkultura.wikibase.cloud/entity/Q33104	http://www.wikidata.org/entity/Q168587
https://ehkultura.wikibase.cloud/entity/Q33120	http://www.wikidata.org/entity/Q214564
https://ehkultura.wikibase.cloud/entity/Q33237	http://www.wikidata.org/entity/Q202676
https://ehkultura.wikibase.cloud/entity/Q33065	http://www.wikidata.org/entity/Q328341
https://ehkultura.wikibase.cloud/entity/Q33066	http://www.wikidata.org/entity/Q375268
https://ehkultura.wikibase.cloud/entity/Q33194	http://www.wikidata.org/entity/Q399295
https://ehkultura.wikibase.cloud/entity/Q33051	http://www.wikidata.org/entity/Q453808
https://ehkultura.wikibase.cloud/entity/Q33046	http://www.wikidata.org/entity/Q477638
https://ehkultura.wikibase.cloud/entity/Q33217	http://www.wikidata.org/entity/Q447568
https://ehkultura.wikibase.cloud/entity/Q33084	http://www.wikidata.org/entity/Q518071
https://ehkultura.wikibase.cloud/entity/Q33163	http://www.wikidata.org/entity/Q544202
https://ehkultura.wikibase.cloud/entity/Q33195	http://www.wikidata.org/entity/Q536926
https://ehkultura.wikibase.cloud/entity/Q33081	http://www.wikidata.org/entity/Q614129
https://ehkultura.wikibase.cloud/entity/Q33048	http://www.wikidata.org/entity/Q699396
https://ehkultura.wikibase.cloud/entity/Q33079	http://www.wikidata.org/entity/Q1176289
https://ehkultura.wikibase.cloud/entity/Q33054	http://www.wikidata.org/entity/Q1245386
https://ehkultura.wikibase.cloud/entity/Q33133	http://www.wikidata.org/entity/Q1279292
https://ehkultura.wikibase.cloud/entity/Q33181	http://www.wikidata.org/entity/Q1281775
https://ehkultura.wikibase.cloud/entity/Q33293	http://www.wikidata.org/entity/Q1274234
https://ehkultura.wikibase.cloud/entity/Q33112	http://www.wikidata.org/entity/Q1390874
https://ehkultura.wikibase.cloud/entity/Q33103	http://www.wikidata.org/entity/Q1429810
https://ehkultura.wikibase.cloud/entity/Q33047	http://www.wikidata.org/entity/Q1733794
https://ehkultura.wikibase.cloud/entity/Q33198	http://www.wikidata.org/entity/Q2007964
https://ehkultura.wikibase.cloud/entity/Q33304	http://www.wikidata.org/entity/Q2423462
https://ehkultura.wikibase.cloud/entity/Q33239	http://www.wikidata.org/entity/Q2477447
https://ehkultura.wikibase.cloud/entity/Q33061	http://www.wikidata.org/entity/Q2545780
https://ehkultura.wikibase.cloud/entity/Q33089	http://www.wikidata.org/entity/Q2594792
https://ehkultura.wikibase.cloud/entity/Q33252	http://www.wikidata.org/entity/Q3013781
https://ehkultura.wikibase.cloud/entity/Q33250	http://www.wikidata.org/entity/Q3130323
https://ehkultura.wikibase.cloud/entity/Q33100	http://www.wikidata.org/entity/Q3168488
https://ehkultura.wikibase.cloud/entity/Q33121	http://www.wikidata.org/entity/Q3289026
https://ehkultura.wikibase.cloud/entity/Q33057	http://www.wikidata.org/entity/Q3350101
https://ehkultura.wikibase.cloud/entity/Q33139	http://www.wikidata.org/entity/Q3341011
https://ehkultura.wikibase.cloud/entity/Q33136	http://www.wikidata.org/entity/Q3419399
https://ehkultura.wikibase.cloud/entity/Q33058	http://www.wikidata.org/entity/Q4352297
https://ehkultura.wikibase.cloud/entity/Q33140	http://www.wikidata.org/entity/Q5212865
https://ehkultura.wikibase.cloud/entity/Q33280	http://www.wikidata.org/entity/Q5297999
https://ehkultura.wikibase.cloud/entity/Q33264	http://www.wikidata.org/entity/Q5340746
https://ehkultura.wikibase.cloud/entity/Q33224	http://www.wikidata.org/entity/Q5819771
https://ehkultura.wikibase.cloud/entity/Q33064	http://www.wikidata.org/entity/Q5938126
https://ehkultura.wikibase.cloud/entity/Q33277	http://www.wikidata.org/entity/Q6174288
https://ehkultura.wikibase.cloud/entity/Q33049	http://www.wikidata.org/entity/Q6375209
https://ehkultura.wikibase.cloud/entity/Q33110	http://www.wikidata.org/entity/Q6766320
https://ehkultura.wikibase.cloud/entity/Q33119	http://www.wikidata.org/entity/Q6789041
https://ehkultura.wikibase.cloud/entity/Q33297	http://www.wikidata.org/entity/Q7351542
https://ehkultura.wikibase.cloud/entity/Q33292	http://www.wikidata.org/entity/Q8201122
https://ehkultura.wikibase.cloud/entity/Q33063	http://www.wikidata.org/entity/Q12258083
https://ehkultura.wikibase.cloud/entity/Q33171	http://www.wikidata.org/entity/Q12260061
https://ehkultura.wikibase.cloud/entity/Q33230	http://www.wikidata.org/entity/Q12267041
https://ehkultura.wikibase.cloud/entity/Q33060	http://www.wikidata.org/entity/Q15213545
https://ehkultura.wikibase.cloud/entity/Q33314	http://www.wikidata.org/entity/Q15443196
https://ehkultura.wikibase.cloud/entity/Q33309	http://www.wikidata.org/entity/Q16937493
https://ehkultura.wikibase.cloud/entity/Q33129	http://www.wikidata.org/entity/Q17034879
https://ehkultura.wikibase.cloud/entity/Q33290	http://www.wikidata.org/entity/Q17511774
https://ehkultura.wikibase.cloud/entity/Q33209	http://www.wikidata.org/entity/Q18043933
https://ehkultura.wikibase.cloud/entity/Q33035	http://www.wikidata.org/entity/Q18642467
https://ehkultura.wikibase.cloud/entity/Q33308	http://www.wikidata.org/entity/Q19301780
https://ehkultura.wikibase.cloud/entity/Q33190	http://www.wikidata.org/entity/Q19663008
https://ehkultura.wikibase.cloud/entity/Q33266	http://www.wikidata.org/entity/Q19663781
https://ehkultura.wikibase.cloud/entity/Q33142	http://www.wikidata.org/entity/Q19960098
https://ehkultura.wikibase.cloud/entity/Q33272	http://www.wikidata.org/entity/Q20004820
https://ehkultura.wikibase.cloud/entity/Q33265	http://www.wikidata.org/entity/Q21266376
https://ehkultura.wikibase.cloud/entity/Q33253	http://www.wikidata.org/entity/Q22237304
https://ehkultura.wikibase.cloud/entity/Q33160	http://www.wikidata.org/entity/Q23309003
https://ehkultura.wikibase.cloud/entity/Q33285	http://www.wikidata.org/entity/Q24658212
https://ehkultura.wikibase.cloud/entity/Q33200	http://www.wikidata.org/entity/Q28967846
https://ehkultura.wikibase.cloud/entity/Q33158	http://www.wikidata.org/entity/Q47114107
https://ehkultura.wikibase.cloud/entity/Q33295	http://www.wikidata.org/entity/Q50738834
https://ehkultura.wikibase.cloud/entity/Q33213	http://www.wikidata.org/entity/Q51120342
https://ehkultura.wikibase.cloud/entity/Q33189	http://www.wikidata.org/entity/Q51220699
https://ehkultura.wikibase.cloud/entity/Q33071	http://www.wikidata.org/entity/Q59526746
https://ehkultura.wikibase.cloud/entity/Q33062	http://www.wikidata.org/entity/Q59609972
https://ehkultura.wikibase.cloud/entity/Q33161	http://www.wikidata.org/entity/Q87069001
https://ehkultura.wikibase.cloud/entity/Q33080	http://www.wikidata.org/entity/Q87708173
https://ehkultura.wikibase.cloud/entity/Q33296	http://www.wikidata.org/entity/Q88385630
https://ehkultura.wikibase.cloud/entity/Q33132	http://www.wikidata.org/entity/Q93435746
https://ehkultura.wikibase.cloud/entity/Q33201	http://www.wikidata.org/entity/Q94278078
https://ehkultura.wikibase.cloud/entity/Q33044	http://www.wikidata.org/entity/Q95222196
https://ehkultura.wikibase.cloud/entity/Q33305	http://www.wikidata.org/entity/Q95188348
https://ehkultura.wikibase.cloud/entity/Q33087	http://www.wikidata.org/entity/Q95341577
https://ehkultura.wikibase.cloud/entity/Q33143	http://www.wikidata.org/entity/Q95655800
https://ehkultura.wikibase.cloud/entity/Q33128	http://www.wikidata.org/entity/Q95877529
https://ehkultura.wikibase.cloud/entity/Q33075	http://www.wikidata.org/entity/Q96756749
https://ehkultura.wikibase.cloud/entity/Q33204	http://www.wikidata.org/entity/Q97515391
https://ehkultura.wikibase.cloud/entity/Q33099	http://www.wikidata.org/entity/Q99492160
https://ehkultura.wikibase.cloud/entity/Q33206	http://www.wikidata.org/entity/Q99492354
https://ehkultura.wikibase.cloud/entity/Q33214	http://www.wikidata.org/entity/Q104439483
https://ehkultura.wikibase.cloud/entity/Q33278	http://www.wikidata.org/entity/Q110138727
https://ehkultura.wikibase.cloud/entity/Q33268	http://www.wikidata.org/entity/Q112113118
https://ehkultura.wikibase.cloud/entity/Q33258	http://www.wikidata.org/entity/Q112311057
https://ehkultura.wikibase.cloud/entity/Q33276	http://www.wikidata.org/entity/Q112762113
https://ehkultura.wikibase.cloud/entity/Q33191	http://www.wikidata.org/entity/Q113377819
https://ehkultura.wikibase.cloud/entity/Q33303	http://www.wikidata.org/entity/Q113762623
https://ehkultura.wikibase.cloud/entity/Q33114	http://www.wikidata.org/entity/Q117120965
https://ehkultura.wikibase.cloud/entity/Q40250	http://www.wikidata.org/entity/Q132589
https://ehkultura.wikibase.cloud/entity/Q40725	http://www.wikidata.org/entity/Q126633
https://ehkultura.wikibase.cloud/entity/Q40464	http://www.wikidata.org/entity/Q234604
https://ehkultura.wikibase.cloud/entity/Q72805	http://www.wikidata.org/entity/Q185085
https://ehkultura.wikibase.cloud/entity/Q34112	http://www.wikidata.org/entity/Q132964
https://ehkultura.wikibase.cloud/entity/Q28989	http://www.wikidata.org/entity/Q56849343
https://ehkultura.wikibase.cloud/entity/Q37245	http://www.wikidata.org/entity/Q131937965
https://ehkultura.wikibase.cloud/entity/Q39434	http://www.wikidata.org/entity/Q534621
https://ehkultura.wikibase.cloud/entity/Q37035	http://www.wikidata.org/entity/Q132348704
https://ehkultura.wikibase.cloud/entity/Q29828	http://www.wikidata.org/entity/Q90497
https://ehkultura.wikibase.cloud/entity/Q29615	http://www.wikidata.org/entity/Q313096
https://ehkultura.wikibase.cloud/entity/Q30057	http://www.wikidata.org/entity/Q370389
https://ehkultura.wikibase.cloud/entity/Q30115	http://www.wikidata.org/entity/Q458721
https://ehkultura.wikibase.cloud/entity/Q30124	http://www.wikidata.org/entity/Q600825
https://ehkultura.wikibase.cloud/entity/Q30160	http://www.wikidata.org/entity/Q930425
https://ehkultura.wikibase.cloud/entity/Q30004	http://www.wikidata.org/entity/Q984369
https://ehkultura.wikibase.cloud/entity/Q30000	http://www.wikidata.org/entity/Q1097046
https://ehkultura.wikibase.cloud/entity/Q29661	http://www.wikidata.org/entity/Q1560816
https://ehkultura.wikibase.cloud/entity/Q30084	http://www.wikidata.org/entity/Q2012984
https://ehkultura.wikibase.cloud/entity/Q30103	http://www.wikidata.org/entity/Q2334954
https://ehkultura.wikibase.cloud/entity/Q29638	http://www.wikidata.org/entity/Q2742370
https://ehkultura.wikibase.cloud/entity/Q29989	http://www.wikidata.org/entity/Q3091270
https://ehkultura.wikibase.cloud/entity/Q30114	http://www.wikidata.org/entity/Q3132214
https://ehkultura.wikibase.cloud/entity/Q29852	http://www.wikidata.org/entity/Q3336745
https://ehkultura.wikibase.cloud/entity/Q29694	http://www.wikidata.org/entity/Q5699182
https://ehkultura.wikibase.cloud/entity/Q29675	http://www.wikidata.org/entity/Q5712020
https://ehkultura.wikibase.cloud/entity/Q29768	http://www.wikidata.org/entity/Q5696407
https://ehkultura.wikibase.cloud/entity/Q30379	http://www.wikidata.org/entity/Q5938795
https://ehkultura.wikibase.cloud/entity/Q30373	http://www.wikidata.org/entity/Q6262713
https://ehkultura.wikibase.cloud/entity/Q30327	http://www.wikidata.org/entity/Q7032677
https://ehkultura.wikibase.cloud/entity/Q29848	http://www.wikidata.org/entity/Q7153945
https://ehkultura.wikibase.cloud/entity/Q30328	http://www.wikidata.org/entity/Q8962464
https://ehkultura.wikibase.cloud/entity/Q29873	http://www.wikidata.org/entity/Q11140288
https://ehkultura.wikibase.cloud/entity/Q30336	http://www.wikidata.org/entity/Q11905996
https://ehkultura.wikibase.cloud/entity/Q29984	http://www.wikidata.org/entity/Q16105746
https://ehkultura.wikibase.cloud/entity/Q30381	http://www.wikidata.org/entity/Q16223327
https://ehkultura.wikibase.cloud/entity/Q30316	http://www.wikidata.org/entity/Q16730120
https://ehkultura.wikibase.cloud/entity/Q29798	http://www.wikidata.org/entity/Q17538694
https://ehkultura.wikibase.cloud/entity/Q30211	http://www.wikidata.org/entity/Q18224592
https://ehkultura.wikibase.cloud/entity/Q29683	http://www.wikidata.org/entity/Q18527790
https://ehkultura.wikibase.cloud/entity/Q29642	http://www.wikidata.org/entity/Q19997557
https://ehkultura.wikibase.cloud/entity/Q30247	http://www.wikidata.org/entity/Q21550740
https://ehkultura.wikibase.cloud/entity/Q30361	http://www.wikidata.org/entity/Q23671506
https://ehkultura.wikibase.cloud/entity/Q29587	http://www.wikidata.org/entity/Q23907898
https://ehkultura.wikibase.cloud/entity/Q29644	http://www.wikidata.org/entity/Q24206349
https://ehkultura.wikibase.cloud/entity/Q29643	http://www.wikidata.org/entity/Q47515033
https://ehkultura.wikibase.cloud/entity/Q29682	http://www.wikidata.org/entity/Q55687582
https://ehkultura.wikibase.cloud/entity/Q30082	http://www.wikidata.org/entity/Q55938455
https://ehkultura.wikibase.cloud/entity/Q30098	http://www.wikidata.org/entity/Q55947972
https://ehkultura.wikibase.cloud/entity/Q29801	http://www.wikidata.org/entity/Q56644701
https://ehkultura.wikibase.cloud/entity/Q30068	http://www.wikidata.org/entity/Q59531325
https://ehkultura.wikibase.cloud/entity/Q30123	http://www.wikidata.org/entity/Q59531873
https://ehkultura.wikibase.cloud/entity/Q30149	http://www.wikidata.org/entity/Q93381344
https://ehkultura.wikibase.cloud/entity/Q29637	http://www.wikidata.org/entity/Q106766952
https://ehkultura.wikibase.cloud/entity/Q30086	http://www.wikidata.org/entity/Q108301303
https://ehkultura.wikibase.cloud/entity/Q29677	http://www.wikidata.org/entity/Q112502068
https://ehkultura.wikibase.cloud/entity/Q29963	http://www.wikidata.org/entity/Q114322673
https://ehkultura.wikibase.cloud/entity/Q30213	http://www.wikidata.org/entity/Q125220635
https://ehkultura.wikibase.cloud/entity/Q29956	http://www.wikidata.org/entity/Q9036
https://ehkultura.wikibase.cloud/entity/Q30100	http://www.wikidata.org/entity/Q5599
https://ehkultura.wikibase.cloud/entity/Q30102	http://www.wikidata.org/entity/Q48319
https://ehkultura.wikibase.cloud/entity/Q30353	http://www.wikidata.org/entity/Q51700
https://ehkultura.wikibase.cloud/entity/Q28714	http://www.wikidata.org/entity/Q75889
https://ehkultura.wikibase.cloud/entity/Q28493	http://www.wikidata.org/entity/Q165274
https://ehkultura.wikibase.cloud/entity/Q28511	http://www.wikidata.org/entity/Q190933
https://ehkultura.wikibase.cloud/entity/Q28528	http://www.wikidata.org/entity/Q272183
https://ehkultura.wikibase.cloud/entity/Q28399	http://www.wikidata.org/entity/Q316884
https://ehkultura.wikibase.cloud/entity/Q28275	http://www.wikidata.org/entity/Q348295
https://ehkultura.wikibase.cloud/entity/Q29219	http://www.wikidata.org/entity/Q124966
https://ehkultura.wikibase.cloud/entity/Q28515	http://www.wikidata.org/entity/Q310798
https://ehkultura.wikibase.cloud/entity/Q28260	http://www.wikidata.org/entity/Q463767
https://ehkultura.wikibase.cloud/entity/Q28917	http://www.wikidata.org/entity/Q552294
https://ehkultura.wikibase.cloud/entity/Q28286	http://www.wikidata.org/entity/Q722164
https://ehkultura.wikibase.cloud/entity/Q28394	http://www.wikidata.org/entity/Q708480
https://ehkultura.wikibase.cloud/entity/Q29538	http://www.wikidata.org/entity/Q621441
https://ehkultura.wikibase.cloud/entity/Q29315	http://www.wikidata.org/entity/Q727643
https://ehkultura.wikibase.cloud/entity/Q28519	http://www.wikidata.org/entity/Q984089
https://ehkultura.wikibase.cloud/entity/Q28539	http://www.wikidata.org/entity/Q1388808
https://ehkultura.wikibase.cloud/entity/Q29190	http://www.wikidata.org/entity/Q1293281
https://ehkultura.wikibase.cloud/entity/Q28626	http://www.wikidata.org/entity/Q1623309
https://ehkultura.wikibase.cloud/entity/Q29413	http://www.wikidata.org/entity/Q1811222
https://ehkultura.wikibase.cloud/entity/Q28971	http://www.wikidata.org/entity/Q1989477
https://ehkultura.wikibase.cloud/entity/Q29427	http://www.wikidata.org/entity/Q2032939
https://ehkultura.wikibase.cloud/entity/Q29344	http://www.wikidata.org/entity/Q2343509
https://ehkultura.wikibase.cloud/entity/Q29078	http://www.wikidata.org/entity/Q2848394
https://ehkultura.wikibase.cloud/entity/Q29406	http://www.wikidata.org/entity/Q2960297
https://ehkultura.wikibase.cloud/entity/Q29107	http://www.wikidata.org/entity/Q3130327
https://ehkultura.wikibase.cloud/entity/Q28410	http://www.wikidata.org/entity/Q3298792
https://ehkultura.wikibase.cloud/entity/Q29403	http://www.wikidata.org/entity/Q3147387
https://ehkultura.wikibase.cloud/entity/Q28682	http://www.wikidata.org/entity/Q3376887
https://ehkultura.wikibase.cloud/entity/Q29114	http://www.wikidata.org/entity/Q3768220
https://ehkultura.wikibase.cloud/entity/Q28579	http://www.wikidata.org/entity/Q4392560
https://ehkultura.wikibase.cloud/entity/Q29489	http://www.wikidata.org/entity/Q4962951
https://ehkultura.wikibase.cloud/entity/Q28311	http://www.wikidata.org/entity/Q5268570
https://ehkultura.wikibase.cloud/entity/Q28679	http://www.wikidata.org/entity/Q5941616
https://ehkultura.wikibase.cloud/entity/Q29420	http://www.wikidata.org/entity/Q5764634
https://ehkultura.wikibase.cloud/entity/Q29230	http://www.wikidata.org/entity/Q6065498
https://ehkultura.wikibase.cloud/entity/Q28509	http://www.wikidata.org/entity/Q6744972
https://ehkultura.wikibase.cloud/entity/Q28420	http://www.wikidata.org/entity/Q7028078
https://ehkultura.wikibase.cloud/entity/Q29067	http://www.wikidata.org/entity/Q9011634
https://ehkultura.wikibase.cloud/entity/Q28477	http://www.wikidata.org/entity/Q11170885
https://ehkultura.wikibase.cloud/entity/Q29199	http://www.wikidata.org/entity/Q11270984
https://ehkultura.wikibase.cloud/entity/Q29177	http://www.wikidata.org/entity/Q14945751
https://ehkultura.wikibase.cloud/entity/Q29317	http://www.wikidata.org/entity/Q16105009
https://ehkultura.wikibase.cloud/entity/Q28500	http://www.wikidata.org/entity/Q16491768
https://ehkultura.wikibase.cloud/entity/Q29240	http://www.wikidata.org/entity/Q17301901
https://ehkultura.wikibase.cloud/entity/Q28536	http://www.wikidata.org/entity/Q18158520
https://ehkultura.wikibase.cloud/entity/Q28760	http://www.wikidata.org/entity/Q19366455
https://ehkultura.wikibase.cloud/entity/Q29217	http://www.wikidata.org/entity/Q19280611
https://ehkultura.wikibase.cloud/entity/Q29123	http://www.wikidata.org/entity/Q19564457
https://ehkultura.wikibase.cloud/entity/Q28977	http://www.wikidata.org/entity/Q20966423
https://ehkultura.wikibase.cloud/entity/Q28889	http://www.wikidata.org/entity/Q21463338
https://ehkultura.wikibase.cloud/entity/Q29183	http://www.wikidata.org/entity/Q21940860
https://ehkultura.wikibase.cloud/entity/Q28488	http://www.wikidata.org/entity/Q23795342
https://ehkultura.wikibase.cloud/entity/Q29551	http://www.wikidata.org/entity/Q52732707
https://ehkultura.wikibase.cloud/entity/Q28920	http://www.wikidata.org/entity/Q55291361
https://ehkultura.wikibase.cloud/entity/Q29524	http://www.wikidata.org/entity/Q55688823
https://ehkultura.wikibase.cloud/entity/Q29458	http://www.wikidata.org/entity/Q55993927
https://ehkultura.wikibase.cloud/entity/Q28289	http://www.wikidata.org/entity/Q57174112
https://ehkultura.wikibase.cloud/entity/Q28673	http://www.wikidata.org/entity/Q57683114
https://ehkultura.wikibase.cloud/entity/Q29430	http://www.wikidata.org/entity/Q59528168
https://ehkultura.wikibase.cloud/entity/Q28967	http://www.wikidata.org/entity/Q65925006
https://ehkultura.wikibase.cloud/entity/Q28273	http://www.wikidata.org/entity/Q67620621
https://ehkultura.wikibase.cloud/entity/Q29200	http://www.wikidata.org/entity/Q89584516
https://ehkultura.wikibase.cloud/entity/Q28766	http://www.wikidata.org/entity/Q93052825
https://ehkultura.wikibase.cloud/entity/Q28419	http://www.wikidata.org/entity/Q93240547
https://ehkultura.wikibase.cloud/entity/Q28878	http://www.wikidata.org/entity/Q93381511
https://ehkultura.wikibase.cloud/entity/Q29068	http://www.wikidata.org/entity/Q93434369
https://ehkultura.wikibase.cloud/entity/Q29273	http://www.wikidata.org/entity/Q93433470
https://ehkultura.wikibase.cloud/entity/Q29019	http://www.wikidata.org/entity/Q96141467
https://ehkultura.wikibase.cloud/entity/Q28699	http://www.wikidata.org/entity/Q98819884
https://ehkultura.wikibase.cloud/entity/Q28888	http://www.wikidata.org/entity/Q99544983
https://ehkultura.wikibase.cloud/entity/Q29248	http://www.wikidata.org/entity/Q103819166
https://ehkultura.wikibase.cloud/entity/Q28288	http://www.wikidata.org/entity/Q105391029
https://ehkultura.wikibase.cloud/entity/Q29345	http://www.wikidata.org/entity/Q105946412
https://ehkultura.wikibase.cloud/entity/Q28824	http://www.wikidata.org/entity/Q106464165
https://ehkultura.wikibase.cloud/entity/Q29467	http://www.wikidata.org/entity/Q106712756
https://ehkultura.wikibase.cloud/entity/Q29501	http://www.wikidata.org/entity/Q107998842
https://ehkultura.wikibase.cloud/entity/Q28970	http://www.wikidata.org/entity/Q109857967
https://ehkultura.wikibase.cloud/entity/Q28957	http://www.wikidata.org/entity/Q111152364
https://ehkultura.wikibase.cloud/entity/Q28319	http://www.wikidata.org/entity/Q112500343
https://ehkultura.wikibase.cloud/entity/Q28653	http://www.wikidata.org/entity/Q112463412
https://ehkultura.wikibase.cloud/entity/Q28505	http://www.wikidata.org/entity/Q112534564
https://ehkultura.wikibase.cloud/entity/Q28885	http://www.wikidata.org/entity/Q112545851
https://ehkultura.wikibase.cloud/entity/Q29537	http://www.wikidata.org/entity/Q112523631
https://ehkultura.wikibase.cloud/entity/Q28380	http://www.wikidata.org/entity/Q114328953
https://ehkultura.wikibase.cloud/entity/Q28836	http://www.wikidata.org/entity/Q115544983
https://ehkultura.wikibase.cloud/entity/Q28927	http://www.wikidata.org/entity/Q117205237
https://ehkultura.wikibase.cloud/entity/Q28827	http://www.wikidata.org/entity/Q122388972
https://ehkultura.wikibase.cloud/entity/Q28928	http://www.wikidata.org/entity/Q122809480
https://ehkultura.wikibase.cloud/entity/Q28532	http://www.wikidata.org/entity/Q123417369
https://ehkultura.wikibase.cloud/entity/Q28583	http://www.wikidata.org/entity/Q124254598
https://ehkultura.wikibase.cloud/entity/Q29074	http://www.wikidata.org/entity/Q124629485
https://ehkultura.wikibase.cloud/entity/Q29554	http://www.wikidata.org/entity/Q124856143
https://ehkultura.wikibase.cloud/entity/Q29056	http://www.wikidata.org/entity/Q130797042
https://ehkultura.wikibase.cloud/entity/Q28472	http://www.wikidata.org/entity/Q133743677
https://ehkultura.wikibase.cloud/entity/Q28554	http://www.wikidata.org/entity/Q34670
https://ehkultura.wikibase.cloud/entity/Q28817	http://www.wikidata.org/entity/Q855
https://ehkultura.wikibase.cloud/entity/Q28876	http://www.wikidata.org/entity/Q62901
https://ehkultura.wikibase.cloud/entity/Q30922	http://www.wikidata.org/entity/Q148458
https://ehkultura.wikibase.cloud/entity/Q31373	http://www.wikidata.org/entity/Q66035
https://ehkultura.wikibase.cloud/entity/Q30732	http://www.wikidata.org/entity/Q451771
https://ehkultura.wikibase.cloud/entity/Q31448	http://www.wikidata.org/entity/Q311003
https://ehkultura.wikibase.cloud/entity/Q31721	http://www.wikidata.org/entity/Q268653
https://ehkultura.wikibase.cloud/entity/Q30722	http://www.wikidata.org/entity/Q604546
https://ehkultura.wikibase.cloud/entity/Q31336	http://www.wikidata.org/entity/Q573143
https://ehkultura.wikibase.cloud/entity/Q31136	http://www.wikidata.org/entity/Q638877
https://ehkultura.wikibase.cloud/entity/Q30934	http://www.wikidata.org/entity/Q708559
https://ehkultura.wikibase.cloud/entity/Q31515	http://www.wikidata.org/entity/Q588259
https://ehkultura.wikibase.cloud/entity/Q30443	http://www.wikidata.org/entity/Q1108671
https://ehkultura.wikibase.cloud/entity/Q31284	http://www.wikidata.org/entity/Q934616
https://ehkultura.wikibase.cloud/entity/Q31330	http://www.wikidata.org/entity/Q953962
https://ehkultura.wikibase.cloud/entity/Q31558	http://www.wikidata.org/entity/Q976399
https://ehkultura.wikibase.cloud/entity/Q31314	http://www.wikidata.org/entity/Q1221800
https://ehkultura.wikibase.cloud/entity/Q30689	http://www.wikidata.org/entity/Q1458701
https://ehkultura.wikibase.cloud/entity/Q30688	http://www.wikidata.org/entity/Q1507732
https://ehkultura.wikibase.cloud/entity/Q31118	http://www.wikidata.org/entity/Q1408673
https://ehkultura.wikibase.cloud/entity/Q31060	http://www.wikidata.org/entity/Q1687140
https://ehkultura.wikibase.cloud/entity/Q31347	http://www.wikidata.org/entity/Q1714111
https://ehkultura.wikibase.cloud/entity/Q31131	http://www.wikidata.org/entity/Q1983102
https://ehkultura.wikibase.cloud/entity/Q30622	http://www.wikidata.org/entity/Q2159143
https://ehkultura.wikibase.cloud/entity/Q31057	http://www.wikidata.org/entity/Q2073454
https://ehkultura.wikibase.cloud/entity/Q31452	http://www.wikidata.org/entity/Q2000022
https://ehkultura.wikibase.cloud/entity/Q30489	http://www.wikidata.org/entity/Q2898160
https://ehkultura.wikibase.cloud/entity/Q30915	http://www.wikidata.org/entity/Q2834119
https://ehkultura.wikibase.cloud/entity/Q31587	http://www.wikidata.org/entity/Q2736436
https://ehkultura.wikibase.cloud/entity/Q31397	http://www.wikidata.org/entity/Q2829942
https://ehkultura.wikibase.cloud/entity/Q30487	http://www.wikidata.org/entity/Q3164789
https://ehkultura.wikibase.cloud/entity/Q30665	http://www.wikidata.org/entity/Q3288358
https://ehkultura.wikibase.cloud/entity/Q31124	http://www.wikidata.org/entity/Q3380365
https://ehkultura.wikibase.cloud/entity/Q31366	http://www.wikidata.org/entity/Q3380391
https://ehkultura.wikibase.cloud/entity/Q31425	http://www.wikidata.org/entity/Q3573889
https://ehkultura.wikibase.cloud/entity/Q31332	http://www.wikidata.org/entity/Q3754140
https://ehkultura.wikibase.cloud/entity/Q30556	http://www.wikidata.org/entity/Q4000350
https://ehkultura.wikibase.cloud/entity/Q31202	http://www.wikidata.org/entity/Q4351727
https://ehkultura.wikibase.cloud/entity/Q31434	http://www.wikidata.org/entity/Q4481313
https://ehkultura.wikibase.cloud/entity/Q31742	http://www.wikidata.org/entity/Q4828960
https://ehkultura.wikibase.cloud/entity/Q31289	http://www.wikidata.org/entity/Q4962290
https://ehkultura.wikibase.cloud/entity/Q30905	http://www.wikidata.org/entity/Q5894750
https://ehkultura.wikibase.cloud/entity/Q31695	http://www.wikidata.org/entity/Q6161270
https://ehkultura.wikibase.cloud/entity/Q31194	http://www.wikidata.org/entity/Q6687525
https://ehkultura.wikibase.cloud/entity/Q31473	http://www.wikidata.org/entity/Q6832811
https://ehkultura.wikibase.cloud/entity/Q30859	http://www.wikidata.org/entity/Q7177947
https://ehkultura.wikibase.cloud/entity/Q31092	http://www.wikidata.org/entity/Q7153314
https://ehkultura.wikibase.cloud/entity/Q31145	http://www.wikidata.org/entity/Q11692692
https://ehkultura.wikibase.cloud/entity/Q31003	http://www.wikidata.org/entity/Q12260887
https://ehkultura.wikibase.cloud/entity/Q31282	http://www.wikidata.org/entity/Q12309314
https://ehkultura.wikibase.cloud/entity/Q30573	http://www.wikidata.org/entity/Q15393505
https://ehkultura.wikibase.cloud/entity/Q30647	http://www.wikidata.org/entity/Q15452777
https://ehkultura.wikibase.cloud/entity/Q31346	http://www.wikidata.org/entity/Q15449921
https://ehkultura.wikibase.cloud/entity/Q30539	http://www.wikidata.org/entity/Q15695637
https://ehkultura.wikibase.cloud/entity/Q30496	http://www.wikidata.org/entity/Q15726827
https://ehkultura.wikibase.cloud/entity/Q31420	http://www.wikidata.org/entity/Q15713956
https://ehkultura.wikibase.cloud/entity/Q31170	http://www.wikidata.org/entity/Q15906936
https://ehkultura.wikibase.cloud/entity/Q31417	http://www.wikidata.org/entity/Q16180304
https://ehkultura.wikibase.cloud/entity/Q31432	http://www.wikidata.org/entity/Q16999665
https://ehkultura.wikibase.cloud/entity/Q31720	http://www.wikidata.org/entity/Q18636928
https://ehkultura.wikibase.cloud/entity/Q31219	http://www.wikidata.org/entity/Q19802804
https://ehkultura.wikibase.cloud/entity/Q30572	http://www.wikidata.org/entity/Q19997490
https://ehkultura.wikibase.cloud/entity/Q31700	http://www.wikidata.org/entity/Q19997602
https://ehkultura.wikibase.cloud/entity/Q30821	http://www.wikidata.org/entity/Q21706413
https://ehkultura.wikibase.cloud/entity/Q30413	http://www.wikidata.org/entity/Q23670498
https://ehkultura.wikibase.cloud/entity/Q31041	http://www.wikidata.org/entity/Q23748667
https://ehkultura.wikibase.cloud/entity/Q31629	http://www.wikidata.org/entity/Q23657200
https://ehkultura.wikibase.cloud/entity/Q31702	http://www.wikidata.org/entity/Q23662183
https://ehkultura.wikibase.cloud/entity/Q31429	http://www.wikidata.org/entity/Q23769238
https://ehkultura.wikibase.cloud/entity/Q31667	http://www.wikidata.org/entity/Q23713542
https://ehkultura.wikibase.cloud/entity/Q31512	http://www.wikidata.org/entity/Q23784724
https://ehkultura.wikibase.cloud/entity/Q31610	http://www.wikidata.org/entity/Q23797900
https://ehkultura.wikibase.cloud/entity/Q31692	http://www.wikidata.org/entity/Q43134206
https://ehkultura.wikibase.cloud/entity/Q31691	http://www.wikidata.org/entity/Q48325864
https://ehkultura.wikibase.cloud/entity/Q30924	http://www.wikidata.org/entity/Q51078082
https://ehkultura.wikibase.cloud/entity/Q31358	http://www.wikidata.org/entity/Q50975390
https://ehkultura.wikibase.cloud/entity/Q30731	http://www.wikidata.org/entity/Q55996490
https://ehkultura.wikibase.cloud/entity/Q31421	http://www.wikidata.org/entity/Q55938413
https://ehkultura.wikibase.cloud/entity/Q31508	http://www.wikidata.org/entity/Q55937955
https://ehkultura.wikibase.cloud/entity/Q31311	http://www.wikidata.org/entity/Q59507977
https://ehkultura.wikibase.cloud/entity/Q31324	http://www.wikidata.org/entity/Q59525121
https://ehkultura.wikibase.cloud/entity/Q30551	http://www.wikidata.org/entity/Q61456489
https://ehkultura.wikibase.cloud/entity/Q31162	http://www.wikidata.org/entity/Q61939381
https://ehkultura.wikibase.cloud/entity/Q31495	http://www.wikidata.org/entity/Q77085628
https://ehkultura.wikibase.cloud/entity/Q30396	http://www.wikidata.org/entity/Q85877279
https://ehkultura.wikibase.cloud/entity/Q31555	http://www.wikidata.org/entity/Q88370995
https://ehkultura.wikibase.cloud/entity/Q30720	http://www.wikidata.org/entity/Q93414089
https://ehkultura.wikibase.cloud/entity/Q31589	http://www.wikidata.org/entity/Q93431141
https://ehkultura.wikibase.cloud/entity/Q31685	http://www.wikidata.org/entity/Q95785776
https://ehkultura.wikibase.cloud/entity/Q31688	http://www.wikidata.org/entity/Q95911913
https://ehkultura.wikibase.cloud/entity/Q30568	http://www.wikidata.org/entity/Q104603622
https://ehkultura.wikibase.cloud/entity/Q30698	http://www.wikidata.org/entity/Q109500946
https://ehkultura.wikibase.cloud/entity/Q30709	http://www.wikidata.org/entity/Q110089236
https://ehkultura.wikibase.cloud/entity/Q31277	http://www.wikidata.org/entity/Q110086298
https://ehkultura.wikibase.cloud/entity/Q30437	http://www.wikidata.org/entity/Q112464344
https://ehkultura.wikibase.cloud/entity/Q30736	http://www.wikidata.org/entity/Q112395474
https://ehkultura.wikibase.cloud/entity/Q30670	http://www.wikidata.org/entity/Q112525704
https://ehkultura.wikibase.cloud/entity/Q31423	http://www.wikidata.org/entity/Q125399849
https://ehkultura.wikibase.cloud/entity/Q30712	http://www.wikidata.org/entity/Q126946041
https://ehkultura.wikibase.cloud/entity/Q30400	http://www.wikidata.org/entity/Q603
https://ehkultura.wikibase.cloud/entity/Q32451	http://www.wikidata.org/entity/Q72164
https://ehkultura.wikibase.cloud/entity/Q32660	http://www.wikidata.org/entity/Q174655
https://ehkultura.wikibase.cloud/entity/Q32382	http://www.wikidata.org/entity/Q384860
https://ehkultura.wikibase.cloud/entity/Q32559	http://www.wikidata.org/entity/Q379211
https://ehkultura.wikibase.cloud/entity/Q32458	http://www.wikidata.org/entity/Q536620
https://ehkultura.wikibase.cloud/entity/Q32774	http://www.wikidata.org/entity/Q469934
https://ehkultura.wikibase.cloud/entity/Q32604	http://www.wikidata.org/entity/Q594368
https://ehkultura.wikibase.cloud/entity/Q32407	http://www.wikidata.org/entity/Q661473
https://ehkultura.wikibase.cloud/entity/Q32522	http://www.wikidata.org/entity/Q644630
https://ehkultura.wikibase.cloud/entity/Q32476	http://www.wikidata.org/entity/Q663175
https://ehkultura.wikibase.cloud/entity/Q32449	http://www.wikidata.org/entity/Q690593
https://ehkultura.wikibase.cloud/entity/Q32613	http://www.wikidata.org/entity/Q705062
https://ehkultura.wikibase.cloud/entity/Q32718	http://www.wikidata.org/entity/Q763477
https://ehkultura.wikibase.cloud/entity/Q32610	http://www.wikidata.org/entity/Q928187
https://ehkultura.wikibase.cloud/entity/Q32757	http://www.wikidata.org/entity/Q1165462
https://ehkultura.wikibase.cloud/entity/Q32785	http://www.wikidata.org/entity/Q1357729
https://ehkultura.wikibase.cloud/entity/Q32803	http://www.wikidata.org/entity/Q1436143
https://ehkultura.wikibase.cloud/entity/Q32827	http://www.wikidata.org/entity/Q1451077
https://ehkultura.wikibase.cloud/entity/Q32823	http://www.wikidata.org/entity/Q1460571
https://ehkultura.wikibase.cloud/entity/Q32844	http://www.wikidata.org/entity/Q1745408
https://ehkultura.wikibase.cloud/entity/Q32802	http://www.wikidata.org/entity/Q2110227
https://ehkultura.wikibase.cloud/entity/Q32583	http://www.wikidata.org/entity/Q2613448
https://ehkultura.wikibase.cloud/entity/Q32457	http://www.wikidata.org/entity/Q2795405
https://ehkultura.wikibase.cloud/entity/Q32386	http://www.wikidata.org/entity/Q2898451
https://ehkultura.wikibase.cloud/entity/Q32740	http://www.wikidata.org/entity/Q2898497
https://ehkultura.wikibase.cloud/entity/Q32720	http://www.wikidata.org/entity/Q2907553
https://ehkultura.wikibase.cloud/entity/Q32679	http://www.wikidata.org/entity/Q3085531
https://ehkultura.wikibase.cloud/entity/Q32695	http://www.wikidata.org/entity/Q3107892
https://ehkultura.wikibase.cloud/entity/Q32602	http://www.wikidata.org/entity/Q3659022
https://ehkultura.wikibase.cloud/entity/Q32788	http://www.wikidata.org/entity/Q3609265
https://ehkultura.wikibase.cloud/entity/Q32404	http://www.wikidata.org/entity/Q3724491
https://ehkultura.wikibase.cloud/entity/Q32767	http://www.wikidata.org/entity/Q3830536
https://ehkultura.wikibase.cloud/entity/Q32410	http://www.wikidata.org/entity/Q4003444
https://ehkultura.wikibase.cloud/entity/Q32700	http://www.wikidata.org/entity/Q4588009
https://ehkultura.wikibase.cloud/entity/Q32846	http://www.wikidata.org/entity/Q4946992
https://ehkultura.wikibase.cloud/entity/Q32383	http://www.wikidata.org/entity/Q5412535
https://ehkultura.wikibase.cloud/entity/Q32704	http://www.wikidata.org/entity/Q5681184
https://ehkultura.wikibase.cloud/entity/Q32422	http://www.wikidata.org/entity/Q5859979
https://ehkultura.wikibase.cloud/entity/Q32384	http://www.wikidata.org/entity/Q5935979
https://ehkultura.wikibase.cloud/entity/Q32493	http://www.wikidata.org/entity/Q5984204
https://ehkultura.wikibase.cloud/entity/Q32566	http://www.wikidata.org/entity/Q5984244
https://ehkultura.wikibase.cloud/entity/Q32691	http://www.wikidata.org/entity/Q6006138
https://ehkultura.wikibase.cloud/entity/Q32413	http://www.wikidata.org/entity/Q6160672
https://ehkultura.wikibase.cloud/entity/Q32479	http://www.wikidata.org/entity/Q8201524
https://ehkultura.wikibase.cloud/entity/Q32709	http://www.wikidata.org/entity/Q9012098
https://ehkultura.wikibase.cloud/entity/Q32594	http://www.wikidata.org/entity/Q9077636
https://ehkultura.wikibase.cloud/entity/Q32626	http://www.wikidata.org/entity/Q9096499
https://ehkultura.wikibase.cloud/entity/Q32464	http://www.wikidata.org/entity/Q10270739
https://ehkultura.wikibase.cloud/entity/Q32485	http://www.wikidata.org/entity/Q10308184
https://ehkultura.wikibase.cloud/entity/Q32729	http://www.wikidata.org/entity/Q11938398
https://ehkultura.wikibase.cloud/entity/Q32715	http://www.wikidata.org/entity/Q11955326
https://ehkultura.wikibase.cloud/entity/Q32831	http://www.wikidata.org/entity/Q12258243
https://ehkultura.wikibase.cloud/entity/Q32835	http://www.wikidata.org/entity/Q12260364
https://ehkultura.wikibase.cloud/entity/Q32510	http://www.wikidata.org/entity/Q14139489
https://ehkultura.wikibase.cloud/entity/Q32708	http://www.wikidata.org/entity/Q16999637
https://ehkultura.wikibase.cloud/entity/Q32597	http://www.wikidata.org/entity/Q18025998
https://ehkultura.wikibase.cloud/entity/Q32737	http://www.wikidata.org/entity/Q18207089
https://ehkultura.wikibase.cloud/entity/Q32807	http://www.wikidata.org/entity/Q18217444
https://ehkultura.wikibase.cloud/entity/Q32775	http://www.wikidata.org/entity/Q19754141
https://ehkultura.wikibase.cloud/entity/Q32760	http://www.wikidata.org/entity/Q20005457
https://ehkultura.wikibase.cloud/entity/Q32430	http://www.wikidata.org/entity/Q21715276
https://ehkultura.wikibase.cloud/entity/Q32825	http://www.wikidata.org/entity/Q21823295
https://ehkultura.wikibase.cloud/entity/Q32494	http://www.wikidata.org/entity/Q30278137
https://ehkultura.wikibase.cloud/entity/Q32392	http://www.wikidata.org/entity/Q40729064
https://ehkultura.wikibase.cloud/entity/Q32719	http://www.wikidata.org/entity/Q42322117
https://ehkultura.wikibase.cloud/entity/Q32427	http://www.wikidata.org/entity/Q55236066
https://ehkultura.wikibase.cloud/entity/Q32633	http://www.wikidata.org/entity/Q55218303
https://ehkultura.wikibase.cloud/entity/Q32505	http://www.wikidata.org/entity/Q55949756
https://ehkultura.wikibase.cloud/entity/Q32418	http://www.wikidata.org/entity/Q55991112
https://ehkultura.wikibase.cloud/entity/Q32601	http://www.wikidata.org/entity/Q55996250
https://ehkultura.wikibase.cloud/entity/Q32790	http://www.wikidata.org/entity/Q57079986
https://ehkultura.wikibase.cloud/entity/Q32822	http://www.wikidata.org/entity/Q63057360
https://ehkultura.wikibase.cloud/entity/Q32471	http://www.wikidata.org/entity/Q75737326
https://ehkultura.wikibase.cloud/entity/Q32468	http://www.wikidata.org/entity/Q93429949
https://ehkultura.wikibase.cloud/entity/Q32845	http://www.wikidata.org/entity/Q95305197
https://ehkultura.wikibase.cloud/entity/Q32829	http://www.wikidata.org/entity/Q95312995
https://ehkultura.wikibase.cloud/entity/Q32523	http://www.wikidata.org/entity/Q97397061
https://ehkultura.wikibase.cloud/entity/Q32672	http://www.wikidata.org/entity/Q99457614
https://ehkultura.wikibase.cloud/entity/Q32675	http://www.wikidata.org/entity/Q99493673
https://ehkultura.wikibase.cloud/entity/Q32733	http://www.wikidata.org/entity/Q99498480
https://ehkultura.wikibase.cloud/entity/Q32849	http://www.wikidata.org/entity/Q99496466
https://ehkultura.wikibase.cloud/entity/Q32573	http://www.wikidata.org/entity/Q100268329
https://ehkultura.wikibase.cloud/entity/Q32482	http://www.wikidata.org/entity/Q105822454
https://ehkultura.wikibase.cloud/entity/Q32487	http://www.wikidata.org/entity/Q110037848
https://ehkultura.wikibase.cloud/entity/Q32596	http://www.wikidata.org/entity/Q112130491
https://ehkultura.wikibase.cloud/entity/Q32438	http://www.wikidata.org/entity/Q112440675
https://ehkultura.wikibase.cloud/entity/Q32764	http://www.wikidata.org/entity/Q112416916
https://ehkultura.wikibase.cloud/entity/Q32638	http://www.wikidata.org/entity/Q112549259
https://ehkultura.wikibase.cloud/entity/Q32794	http://www.wikidata.org/entity/Q112509676
https://ehkultura.wikibase.cloud/entity/Q32561	http://www.wikidata.org/entity/Q113234046
https://ehkultura.wikibase.cloud/entity/Q32648	http://www.wikidata.org/entity/Q113805615
https://ehkultura.wikibase.cloud/entity/Q32516	http://www.wikidata.org/entity/Q114133083
https://ehkultura.wikibase.cloud/entity/Q32469	http://www.wikidata.org/entity/Q118829504
https://ehkultura.wikibase.cloud/entity/Q32606	http://www.wikidata.org/entity/Q118829696
https://ehkultura.wikibase.cloud/entity/Q32519	http://www.wikidata.org/entity/Q125301070
https://ehkultura.wikibase.cloud/entity/Q32428	http://www.wikidata.org/entity/Q55211
https://ehkultura.wikibase.cloud/entity/Q32579	http://www.wikidata.org/entity/Q39803
https://ehkultura.wikibase.cloud/entity/Q32776	http://www.wikidata.org/entity/Q296
https://ehkultura.wikibase.cloud/entity/Q32748	http://www.wikidata.org/entity/Q7724
https://ehkultura.wikibase.cloud/entity/Q31911	http://www.wikidata.org/entity/Q76490
https://ehkultura.wikibase.cloud/entity/Q31987	http://www.wikidata.org/entity/Q86147
https://ehkultura.wikibase.cloud/entity/Q31866	http://www.wikidata.org/entity/Q164961
https://ehkultura.wikibase.cloud/entity/Q31899	http://www.wikidata.org/entity/Q168080
https://ehkultura.wikibase.cloud/entity/Q32037	http://www.wikidata.org/entity/Q151679
https://ehkultura.wikibase.cloud/entity/Q32154	http://www.wikidata.org/entity/Q154260
https://ehkultura.wikibase.cloud/entity/Q32220	http://www.wikidata.org/entity/Q152788
https://ehkultura.wikibase.cloud/entity/Q31767	http://www.wikidata.org/entity/Q281637
https://ehkultura.wikibase.cloud/entity/Q32258	http://www.wikidata.org/entity/Q166398
https://ehkultura.wikibase.cloud/entity/Q31756	http://www.wikidata.org/entity/Q374492
https://ehkultura.wikibase.cloud/entity/Q32018	http://www.wikidata.org/entity/Q309618
https://ehkultura.wikibase.cloud/entity/Q32365	http://www.wikidata.org/entity/Q477409
https://ehkultura.wikibase.cloud/entity/Q31861	http://www.wikidata.org/entity/Q607568
https://ehkultura.wikibase.cloud/entity/Q31828	http://www.wikidata.org/entity/Q674710
https://ehkultura.wikibase.cloud/entity/Q32246	http://www.wikidata.org/entity/Q601339
https://ehkultura.wikibase.cloud/entity/Q32215	http://www.wikidata.org/entity/Q612440
https://ehkultura.wikibase.cloud/entity/Q32050	http://www.wikidata.org/entity/Q664275
https://ehkultura.wikibase.cloud/entity/Q32204	http://www.wikidata.org/entity/Q685186
https://ehkultura.wikibase.cloud/entity/Q32235	http://www.wikidata.org/entity/Q679369
https://ehkultura.wikibase.cloud/entity/Q32213	http://www.wikidata.org/entity/Q703980
https://ehkultura.wikibase.cloud/entity/Q32210	http://www.wikidata.org/entity/Q741184
https://ehkultura.wikibase.cloud/entity/Q32285	http://www.wikidata.org/entity/Q921345
https://ehkultura.wikibase.cloud/entity/Q32142	http://www.wikidata.org/entity/Q1278282
https://ehkultura.wikibase.cloud/entity/Q32013	http://www.wikidata.org/entity/Q1410754
https://ehkultura.wikibase.cloud/entity/Q32361	http://www.wikidata.org/entity/Q1338236
https://ehkultura.wikibase.cloud/entity/Q32362	http://www.wikidata.org/entity/Q1582284
https://ehkultura.wikibase.cloud/entity/Q32300	http://www.wikidata.org/entity/Q1818900
https://ehkultura.wikibase.cloud/entity/Q32035	http://www.wikidata.org/entity/Q1901687
https://ehkultura.wikibase.cloud/entity/Q32372	http://www.wikidata.org/entity/Q2234873
https://ehkultura.wikibase.cloud/entity/Q31753	http://www.wikidata.org/entity/Q2693890
https://ehkultura.wikibase.cloud/entity/Q32108	http://www.wikidata.org/entity/Q2891419
https://ehkultura.wikibase.cloud/entity/Q32100	http://www.wikidata.org/entity/Q3018587
https://ehkultura.wikibase.cloud/entity/Q32113	http://www.wikidata.org/entity/Q3047197
https://ehkultura.wikibase.cloud/entity/Q32032	http://www.wikidata.org/entity/Q3082191
https://ehkultura.wikibase.cloud/entity/Q32062	http://www.wikidata.org/entity/Q3186492
https://ehkultura.wikibase.cloud/entity/Q32242	http://www.wikidata.org/entity/Q3271860
https://ehkultura.wikibase.cloud/entity/Q31965	http://www.wikidata.org/entity/Q3362641
https://ehkultura.wikibase.cloud/entity/Q32177	http://www.wikidata.org/entity/Q3757161
https://ehkultura.wikibase.cloud/entity/Q32208	http://www.wikidata.org/entity/Q4834350
https://ehkultura.wikibase.cloud/entity/Q32328	http://www.wikidata.org/entity/Q4984536
https://ehkultura.wikibase.cloud/entity/Q32130	http://www.wikidata.org/entity/Q5407244
https://ehkultura.wikibase.cloud/entity/Q32128	http://www.wikidata.org/entity/Q5889945
https://ehkultura.wikibase.cloud/entity/Q31880	http://www.wikidata.org/entity/Q5974536
https://ehkultura.wikibase.cloud/entity/Q32358	http://www.wikidata.org/entity/Q5969039
https://ehkultura.wikibase.cloud/entity/Q32286	http://www.wikidata.org/entity/Q6355487
https://ehkultura.wikibase.cloud/entity/Q32150	http://www.wikidata.org/entity/Q6438202
https://ehkultura.wikibase.cloud/entity/Q32249	http://www.wikidata.org/entity/Q8193419
https://ehkultura.wikibase.cloud/entity/Q32354	http://www.wikidata.org/entity/Q9053100
https://ehkultura.wikibase.cloud/entity/Q32352	http://www.wikidata.org/entity/Q10857169
https://ehkultura.wikibase.cloud/entity/Q31884	http://www.wikidata.org/entity/Q11038580
https://ehkultura.wikibase.cloud/entity/Q32376	http://www.wikidata.org/entity/Q11048636
https://ehkultura.wikibase.cloud/entity/Q31760	http://www.wikidata.org/entity/Q11935476
https://ehkultura.wikibase.cloud/entity/Q32001	http://www.wikidata.org/entity/Q11905872
https://ehkultura.wikibase.cloud/entity/Q32341	http://www.wikidata.org/entity/Q15449783
https://ehkultura.wikibase.cloud/entity/Q32217	http://www.wikidata.org/entity/Q15506021
https://ehkultura.wikibase.cloud/entity/Q31811	http://www.wikidata.org/entity/Q15852811
https://ehkultura.wikibase.cloud/entity/Q32367	http://www.wikidata.org/entity/Q16611746
https://ehkultura.wikibase.cloud/entity/Q32045	http://www.wikidata.org/entity/Q16735003
https://ehkultura.wikibase.cloud/entity/Q32114	http://www.wikidata.org/entity/Q17032001
https://ehkultura.wikibase.cloud/entity/Q32075	http://www.wikidata.org/entity/Q17364266
https://ehkultura.wikibase.cloud/entity/Q31992	http://www.wikidata.org/entity/Q17488961
https://ehkultura.wikibase.cloud/entity/Q32226	http://www.wikidata.org/entity/Q19517904
https://ehkultura.wikibase.cloud/entity/Q31848	http://www.wikidata.org/entity/Q20979463
https://ehkultura.wikibase.cloud/entity/Q32134	http://www.wikidata.org/entity/Q21460531
https://ehkultura.wikibase.cloud/entity/Q31943	http://www.wikidata.org/entity/Q22279966
https://ehkultura.wikibase.cloud/entity/Q31876	http://www.wikidata.org/entity/Q23657081
https://ehkultura.wikibase.cloud/entity/Q31921	http://www.wikidata.org/entity/Q23712851
https://ehkultura.wikibase.cloud/entity/Q31865	http://www.wikidata.org/entity/Q23783401
https://ehkultura.wikibase.cloud/entity/Q31845	http://www.wikidata.org/entity/Q24067319
https://ehkultura.wikibase.cloud/entity/Q32092	http://www.wikidata.org/entity/Q24577152
https://ehkultura.wikibase.cloud/entity/Q31883	http://www.wikidata.org/entity/Q41777028
https://ehkultura.wikibase.cloud/entity/Q31933	http://www.wikidata.org/entity/Q42313628
https://ehkultura.wikibase.cloud/entity/Q32144	http://www.wikidata.org/entity/Q42911663
https://ehkultura.wikibase.cloud/entity/Q32375	http://www.wikidata.org/entity/Q47005294
https://ehkultura.wikibase.cloud/entity/Q32353	http://www.wikidata.org/entity/Q47775616
https://ehkultura.wikibase.cloud/entity/Q32033	http://www.wikidata.org/entity/Q48220302
https://ehkultura.wikibase.cloud/entity/Q32009	http://www.wikidata.org/entity/Q55948359
https://ehkultura.wikibase.cloud/entity/Q32377	http://www.wikidata.org/entity/Q55946393
https://ehkultura.wikibase.cloud/entity/Q32173	http://www.wikidata.org/entity/Q59531426
https://ehkultura.wikibase.cloud/entity/Q32339	http://www.wikidata.org/entity/Q60831141
https://ehkultura.wikibase.cloud/entity/Q32074	http://www.wikidata.org/entity/Q93434132
https://ehkultura.wikibase.cloud/entity/Q31759	http://www.wikidata.org/entity/Q96638197
https://ehkultura.wikibase.cloud/entity/Q31748	http://www.wikidata.org/entity/Q100414703
https://ehkultura.wikibase.cloud/entity/Q32351	http://www.wikidata.org/entity/Q101076565
https://ehkultura.wikibase.cloud/entity/Q32160	http://www.wikidata.org/entity/Q105335046
https://ehkultura.wikibase.cloud/entity/Q31781	http://www.wikidata.org/entity/Q106315523
https://ehkultura.wikibase.cloud/entity/Q32090	http://www.wikidata.org/entity/Q110681663
https://ehkultura.wikibase.cloud/entity/Q31758	http://www.wikidata.org/entity/Q111431472
https://ehkultura.wikibase.cloud/entity/Q31857	http://www.wikidata.org/entity/Q112512073
https://ehkultura.wikibase.cloud/entity/Q32356	http://www.wikidata.org/entity/Q112518500
https://ehkultura.wikibase.cloud/entity/Q32221	http://www.wikidata.org/entity/Q126285685
https://ehkultura.wikibase.cloud/entity/Q32029	http://www.wikidata.org/entity/Q139038258
https://ehkultura.wikibase.cloud/entity/Q31898	http://www.wikidata.org/entity/Q18430
https://ehkultura.wikibase.cloud/entity/Q31893	http://www.wikidata.org/entity/Q41406
https://ehkultura.wikibase.cloud/entity/Q32008	http://www.wikidata.org/entity/Q33981
https://ehkultura.wikibase.cloud/entity/Q32071	http://www.wikidata.org/entity/Q57238
https://ehkultura.wikibase.cloud/entity/Q33042	http://www.wikidata.org/entity/Q89629
https://ehkultura.wikibase.cloud/entity/Q33254	http://www.wikidata.org/entity/Q75858
https://ehkultura.wikibase.cloud/entity/Q33220	http://www.wikidata.org/entity/Q90216
https://ehkultura.wikibase.cloud/entity/Q33122	http://www.wikidata.org/entity/Q126074
https://ehkultura.wikibase.cloud/entity/Q35488	http://www.wikidata.org/entity/Q265131
https://ehkultura.wikibase.cloud/entity/Q35222	http://www.wikidata.org/entity/Q445870
https://ehkultura.wikibase.cloud/entity/Q35189	http://www.wikidata.org/entity/Q495290
https://ehkultura.wikibase.cloud/entity/Q35316	http://www.wikidata.org/entity/Q467712
https://ehkultura.wikibase.cloud/entity/Q35464	http://www.wikidata.org/entity/Q447351
https://ehkultura.wikibase.cloud/entity/Q35571	http://www.wikidata.org/entity/Q452451
https://ehkultura.wikibase.cloud/entity/Q35501	http://www.wikidata.org/entity/Q471652
https://ehkultura.wikibase.cloud/entity/Q35397	http://www.wikidata.org/entity/Q535423
https://ehkultura.wikibase.cloud/entity/Q35682	http://www.wikidata.org/entity/Q558104
https://ehkultura.wikibase.cloud/entity/Q35224	http://www.wikidata.org/entity/Q703660
https://ehkultura.wikibase.cloud/entity/Q35456	http://www.wikidata.org/entity/Q742009
https://ehkultura.wikibase.cloud/entity/Q35263	http://www.wikidata.org/entity/Q1355565
https://ehkultura.wikibase.cloud/entity/Q35504	http://www.wikidata.org/entity/Q1344086
https://ehkultura.wikibase.cloud/entity/Q35496	http://www.wikidata.org/entity/Q1446682
https://ehkultura.wikibase.cloud/entity/Q35443	http://www.wikidata.org/entity/Q1516947
https://ehkultura.wikibase.cloud/entity/Q35661	http://www.wikidata.org/entity/Q1531551
https://ehkultura.wikibase.cloud/entity/Q35665	http://www.wikidata.org/entity/Q1633392
https://ehkultura.wikibase.cloud/entity/Q35690	http://www.wikidata.org/entity/Q1633391
https://ehkultura.wikibase.cloud/entity/Q35533	http://www.wikidata.org/entity/Q2474019
https://ehkultura.wikibase.cloud/entity/Q35393	http://www.wikidata.org/entity/Q2657179
https://ehkultura.wikibase.cloud/entity/Q35164	http://www.wikidata.org/entity/Q2821694
https://ehkultura.wikibase.cloud/entity/Q35196	http://www.wikidata.org/entity/Q2837912
https://ehkultura.wikibase.cloud/entity/Q35176	http://www.wikidata.org/entity/Q2942131
https://ehkultura.wikibase.cloud/entity/Q35625	http://www.wikidata.org/entity/Q2885788
https://ehkultura.wikibase.cloud/entity/Q35664	http://www.wikidata.org/entity/Q3037956
https://ehkultura.wikibase.cloud/entity/Q35636	http://www.wikidata.org/entity/Q3219659
https://ehkultura.wikibase.cloud/entity/Q35467	http://www.wikidata.org/entity/Q3387340
https://ehkultura.wikibase.cloud/entity/Q35399	http://www.wikidata.org/entity/Q3837108
https://ehkultura.wikibase.cloud/entity/Q35348	http://www.wikidata.org/entity/Q5241361
https://ehkultura.wikibase.cloud/entity/Q35490	http://www.wikidata.org/entity/Q5239528
https://ehkultura.wikibase.cloud/entity/Q35338	http://www.wikidata.org/entity/Q5400843
https://ehkultura.wikibase.cloud/entity/Q35537	http://www.wikidata.org/entity/Q5424017
https://ehkultura.wikibase.cloud/entity/Q35479	http://www.wikidata.org/entity/Q5935482
https://ehkultura.wikibase.cloud/entity/Q35696	http://www.wikidata.org/entity/Q6036293
https://ehkultura.wikibase.cloud/entity/Q35635	http://www.wikidata.org/entity/Q6121141
https://ehkultura.wikibase.cloud/entity/Q35565	http://www.wikidata.org/entity/Q6205234
https://ehkultura.wikibase.cloud/entity/Q35679	http://www.wikidata.org/entity/Q6259895
https://ehkultura.wikibase.cloud/entity/Q35601	http://www.wikidata.org/entity/Q6681389
https://ehkultura.wikibase.cloud/entity/Q35453	http://www.wikidata.org/entity/Q7317656
https://ehkultura.wikibase.cloud/entity/Q35624	http://www.wikidata.org/entity/Q7327458
https://ehkultura.wikibase.cloud/entity/Q35623	http://www.wikidata.org/entity/Q7331648
https://ehkultura.wikibase.cloud/entity/Q35400	http://www.wikidata.org/entity/Q7406453
https://ehkultura.wikibase.cloud/entity/Q35213	http://www.wikidata.org/entity/Q7613160
https://ehkultura.wikibase.cloud/entity/Q35557	http://www.wikidata.org/entity/Q9073037
https://ehkultura.wikibase.cloud/entity/Q35591	http://www.wikidata.org/entity/Q10781586
https://ehkultura.wikibase.cloud/entity/Q35365	http://www.wikidata.org/entity/Q11531362
https://ehkultura.wikibase.cloud/entity/Q35306	http://www.wikidata.org/entity/Q11927981
https://ehkultura.wikibase.cloud/entity/Q35310	http://www.wikidata.org/entity/Q11927986
https://ehkultura.wikibase.cloud/entity/Q35494	http://www.wikidata.org/entity/Q11918862
https://ehkultura.wikibase.cloud/entity/Q35570	http://www.wikidata.org/entity/Q12412121
https://ehkultura.wikibase.cloud/entity/Q35562	http://www.wikidata.org/entity/Q16013517
https://ehkultura.wikibase.cloud/entity/Q35308	http://www.wikidata.org/entity/Q16940016
https://ehkultura.wikibase.cloud/entity/Q35344	http://www.wikidata.org/entity/Q16999681
https://ehkultura.wikibase.cloud/entity/Q35672	http://www.wikidata.org/entity/Q17386294
https://ehkultura.wikibase.cloud/entity/Q35597	http://www.wikidata.org/entity/Q18223427
https://ehkultura.wikibase.cloud/entity/Q35457	http://www.wikidata.org/entity/Q18812189
https://ehkultura.wikibase.cloud/entity/Q35649	http://www.wikidata.org/entity/Q19289465
https://ehkultura.wikibase.cloud/entity/Q35260	http://www.wikidata.org/entity/Q21176279
https://ehkultura.wikibase.cloud/entity/Q35605	http://www.wikidata.org/entity/Q21850176
https://ehkultura.wikibase.cloud/entity/Q35599	http://www.wikidata.org/entity/Q23014998
https://ehkultura.wikibase.cloud/entity/Q35384	http://www.wikidata.org/entity/Q23795650
https://ehkultura.wikibase.cloud/entity/Q35683	http://www.wikidata.org/entity/Q27332262
https://ehkultura.wikibase.cloud/entity/Q35329	http://www.wikidata.org/entity/Q27575814
https://ehkultura.wikibase.cloud/entity/Q35554	http://www.wikidata.org/entity/Q27656173
https://ehkultura.wikibase.cloud/entity/Q35207	http://www.wikidata.org/entity/Q28922808
https://ehkultura.wikibase.cloud/entity/Q35276	http://www.wikidata.org/entity/Q29132486
https://ehkultura.wikibase.cloud/entity/Q35495	http://www.wikidata.org/entity/Q29494519
https://ehkultura.wikibase.cloud/entity/Q35366	http://www.wikidata.org/entity/Q33129444
https://ehkultura.wikibase.cloud/entity/Q35209	http://www.wikidata.org/entity/Q43194396
https://ehkultura.wikibase.cloud/entity/Q35667	http://www.wikidata.org/entity/Q47538350
https://ehkultura.wikibase.cloud/entity/Q35390	http://www.wikidata.org/entity/Q52157330
https://ehkultura.wikibase.cloud/entity/Q35450	http://www.wikidata.org/entity/Q52157496
https://ehkultura.wikibase.cloud/entity/Q35368	http://www.wikidata.org/entity/Q59533447
https://ehkultura.wikibase.cloud/entity/Q35568	http://www.wikidata.org/entity/Q59533366
https://ehkultura.wikibase.cloud/entity/Q35345	http://www.wikidata.org/entity/Q63848027
https://ehkultura.wikibase.cloud/entity/Q35405	http://www.wikidata.org/entity/Q66736030
https://ehkultura.wikibase.cloud/entity/Q35307	http://www.wikidata.org/entity/Q101980569
https://ehkultura.wikibase.cloud/entity/Q35647	http://www.wikidata.org/entity/Q106832767
https://ehkultura.wikibase.cloud/entity/Q35270	http://www.wikidata.org/entity/Q107369485
https://ehkultura.wikibase.cloud/entity/Q35252	http://www.wikidata.org/entity/Q108041246
https://ehkultura.wikibase.cloud/entity/Q35278	http://www.wikidata.org/entity/Q110056296
https://ehkultura.wikibase.cloud/entity/Q35687	http://www.wikidata.org/entity/Q110670718
https://ehkultura.wikibase.cloud/entity/Q35218	http://www.wikidata.org/entity/Q112416015
https://ehkultura.wikibase.cloud/entity/Q35287	http://www.wikidata.org/entity/Q112421344
https://ehkultura.wikibase.cloud/entity/Q35530	http://www.wikidata.org/entity/Q112401731
https://ehkultura.wikibase.cloud/entity/Q35662	http://www.wikidata.org/entity/Q112445921
https://ehkultura.wikibase.cloud/entity/Q35412	http://www.wikidata.org/entity/Q112539719
https://ehkultura.wikibase.cloud/entity/Q35324	http://www.wikidata.org/entity/Q113450130
https://ehkultura.wikibase.cloud/entity/Q35527	http://www.wikidata.org/entity/Q113789056
https://ehkultura.wikibase.cloud/entity/Q35226	http://www.wikidata.org/entity/Q125208962
https://ehkultura.wikibase.cloud/entity/Q35279	http://www.wikidata.org/entity/Q17515
https://ehkultura.wikibase.cloud/entity/Q35347	http://www.wikidata.org/entity/Q4616
https://ehkultura.wikibase.cloud/entity/Q35429	http://www.wikidata.org/entity/Q55420
https://ehkultura.wikibase.cloud/entity/Q34277	http://www.wikidata.org/entity/Q72756
https://ehkultura.wikibase.cloud/entity/Q34364	http://www.wikidata.org/entity/Q77298
https://ehkultura.wikibase.cloud/entity/Q34330	http://www.wikidata.org/entity/Q109445
https://ehkultura.wikibase.cloud/entity/Q34163	http://www.wikidata.org/entity/Q165275
https://ehkultura.wikibase.cloud/entity/Q34319	http://www.wikidata.org/entity/Q153018
https://ehkultura.wikibase.cloud/entity/Q34095	http://www.wikidata.org/entity/Q227130
https://ehkultura.wikibase.cloud/entity/Q34318	http://www.wikidata.org/entity/Q213735
https://ehkultura.wikibase.cloud/entity/Q33070	http://www.wikidata.org/entity/Q154349
https://ehkultura.wikibase.cloud/entity/Q33176	http://www.wikidata.org/entity/Q169281
https://ehkultura.wikibase.cloud/entity/Q33210	http://www.wikidata.org/entity/Q213727
https://ehkultura.wikibase.cloud/entity/Q33442	http://www.wikidata.org/entity/Q156426
https://ehkultura.wikibase.cloud/entity/Q32859	http://www.wikidata.org/entity/Q322038
https://ehkultura.wikibase.cloud/entity/Q33331	http://www.wikidata.org/entity/Q212426
https://ehkultura.wikibase.cloud/entity/Q33050	http://www.wikidata.org/entity/Q312529
https://ehkultura.wikibase.cloud/entity/Q32928	http://www.wikidata.org/entity/Q451564
https://ehkultura.wikibase.cloud/entity/Q33077	http://www.wikidata.org/entity/Q450236
https://ehkultura.wikibase.cloud/entity/Q33068	http://www.wikidata.org/entity/Q475098
https://ehkultura.wikibase.cloud/entity/Q33433	http://www.wikidata.org/entity/Q454650
https://ehkultura.wikibase.cloud/entity/Q33107	http://www.wikidata.org/entity/Q602842
https://ehkultura.wikibase.cloud/entity/Q33141	http://www.wikidata.org/entity/Q700094
https://ehkultura.wikibase.cloud/entity/Q33183	http://www.wikidata.org/entity/Q704868
https://ehkultura.wikibase.cloud/entity/Q32957	http://www.wikidata.org/entity/Q955138
https://ehkultura.wikibase.cloud/entity/Q33069	http://www.wikidata.org/entity/Q971886
https://ehkultura.wikibase.cloud/entity/Q32985	http://www.wikidata.org/entity/Q1092559
https://ehkultura.wikibase.cloud/entity/Q33384	http://www.wikidata.org/entity/Q1236379
https://ehkultura.wikibase.cloud/entity/Q32969	http://www.wikidata.org/entity/Q1399554
https://ehkultura.wikibase.cloud/entity/Q33090	http://www.wikidata.org/entity/Q1837855
https://ehkultura.wikibase.cloud/entity/Q32918	http://www.wikidata.org/entity/Q2472607
https://ehkultura.wikibase.cloud/entity/Q33184	http://www.wikidata.org/entity/Q2419717
https://ehkultura.wikibase.cloud/entity/Q33053	http://www.wikidata.org/entity/Q2848501
https://ehkultura.wikibase.cloud/entity/Q33138	http://www.wikidata.org/entity/Q3035379
https://ehkultura.wikibase.cloud/entity/Q33102	http://www.wikidata.org/entity/Q3059989
https://ehkultura.wikibase.cloud/entity/Q33386	http://www.wikidata.org/entity/Q3027133
https://ehkultura.wikibase.cloud/entity/Q33006	http://www.wikidata.org/entity/Q3167844
https://ehkultura.wikibase.cloud/entity/Q33269	http://www.wikidata.org/entity/Q3543906
https://ehkultura.wikibase.cloud/entity/Q32971	http://www.wikidata.org/entity/Q3852911
https://ehkultura.wikibase.cloud/entity/Q33225	http://www.wikidata.org/entity/Q4707621
https://ehkultura.wikibase.cloud/entity/Q33084	http://www.wikidata.org/entity/Q5180711
https://ehkultura.wikibase.cloud/entity/Q33188	http://www.wikidata.org/entity/Q5195873
https://ehkultura.wikibase.cloud/entity/Q32895	http://www.wikidata.org/entity/Q5279350
https://ehkultura.wikibase.cloud/entity/Q33279	http://www.wikidata.org/entity/Q5354442
https://ehkultura.wikibase.cloud/entity/Q33126	http://www.wikidata.org/entity/Q5698820
https://ehkultura.wikibase.cloud/entity/Q32986	http://www.wikidata.org/entity/Q5854393
https://ehkultura.wikibase.cloud/entity/Q32980	http://www.wikidata.org/entity/Q5888742
https://ehkultura.wikibase.cloud/entity/Q33298	http://www.wikidata.org/entity/Q5813291
https://ehkultura.wikibase.cloud/entity/Q33027	http://www.wikidata.org/entity/Q5955016
https://ehkultura.wikibase.cloud/entity/Q32935	http://www.wikidata.org/entity/Q5994126
https://ehkultura.wikibase.cloud/entity/Q32984	http://www.wikidata.org/entity/Q6097089
https://ehkultura.wikibase.cloud/entity/Q33147	http://www.wikidata.org/entity/Q6133713
https://ehkultura.wikibase.cloud/entity/Q33073	http://www.wikidata.org/entity/Q6247276
https://ehkultura.wikibase.cloud/entity/Q33310	http://www.wikidata.org/entity/Q7384311
https://ehkultura.wikibase.cloud/entity/Q33370	http://www.wikidata.org/entity/Q7610832
https://ehkultura.wikibase.cloud/entity/Q33354	http://www.wikidata.org/entity/Q7803893
https://ehkultura.wikibase.cloud/entity/Q33307	http://www.wikidata.org/entity/Q9011647
https://ehkultura.wikibase.cloud/entity/Q33267	http://www.wikidata.org/entity/Q9152930
https://ehkultura.wikibase.cloud/entity/Q33024	http://www.wikidata.org/entity/Q9354365
https://ehkultura.wikibase.cloud/entity/Q33014	http://www.wikidata.org/entity/Q11731260
https://ehkultura.wikibase.cloud/entity/Q33300	http://www.wikidata.org/entity/Q12257805
https://ehkultura.wikibase.cloud/entity/Q33262	http://www.wikidata.org/entity/Q15906926
https://ehkultura.wikibase.cloud/entity/Q33135	http://www.wikidata.org/entity/Q16196215
https://ehkultura.wikibase.cloud/entity/Q33101	http://www.wikidata.org/entity/Q16253514
https://ehkultura.wikibase.cloud/entity/Q33012	http://www.wikidata.org/entity/Q16749866
https://ehkultura.wikibase.cloud/entity/Q33088	http://www.wikidata.org/entity/Q18706034
https://ehkultura.wikibase.cloud/entity/Q33417	http://www.wikidata.org/entity/Q18739360
https://ehkultura.wikibase.cloud/entity/Q33074	http://www.wikidata.org/entity/Q19753949
https://ehkultura.wikibase.cloud/entity/Q33013	http://www.wikidata.org/entity/Q23584549
https://ehkultura.wikibase.cloud/entity/Q33091	http://www.wikidata.org/entity/Q24284646
https://ehkultura.wikibase.cloud/entity/Q33034	http://www.wikidata.org/entity/Q24698635
https://ehkultura.wikibase.cloud/entity/Q33319	http://www.wikidata.org/entity/Q27967737
https://ehkultura.wikibase.cloud/entity/Q33383	http://www.wikidata.org/entity/Q29400996
https://ehkultura.wikibase.cloud/entity/Q32888	http://www.wikidata.org/entity/Q29575001
https://ehkultura.wikibase.cloud/entity/Q33282	http://www.wikidata.org/entity/Q30275392
https://ehkultura.wikibase.cloud/entity/Q33000	http://www.wikidata.org/entity/Q40543211
https://ehkultura.wikibase.cloud/entity/Q33263	http://www.wikidata.org/entity/Q55217812
https://ehkultura.wikibase.cloud/entity/Q33169	http://www.wikidata.org/entity/Q55688800
https://ehkultura.wikibase.cloud/entity/Q32958	http://www.wikidata.org/entity/Q55939650
https://ehkultura.wikibase.cloud/entity/Q32937	http://www.wikidata.org/entity/Q55946836
https://ehkultura.wikibase.cloud/entity/Q32909	http://www.wikidata.org/entity/Q55995606
https://ehkultura.wikibase.cloud/entity/Q33083	http://www.wikidata.org/entity/Q56556238
https://ehkultura.wikibase.cloud/entity/Q33205	http://www.wikidata.org/entity/Q57345359
https://ehkultura.wikibase.cloud/entity/Q33406	http://www.wikidata.org/entity/Q59006975
https://ehkultura.wikibase.cloud/entity/Q33320	http://www.wikidata.org/entity/Q59488910
https://ehkultura.wikibase.cloud/entity/Q33270	http://www.wikidata.org/entity/Q85924287
https://ehkultura.wikibase.cloud/entity/Q33085	http://www.wikidata.org/entity/Q88251960
https://ehkultura.wikibase.cloud/entity/Q32919	http://www.wikidata.org/entity/Q93381216
https://ehkultura.wikibase.cloud/entity/Q33415	http://www.wikidata.org/entity/Q93371943
https://ehkultura.wikibase.cloud/entity/Q33429	http://www.wikidata.org/entity/Q93371943
https://ehkultura.wikibase.cloud/entity/Q33215	http://www.wikidata.org/entity/Q93431539
https://ehkultura.wikibase.cloud/entity/Q33118	http://www.wikidata.org/entity/Q94137259
https://ehkultura.wikibase.cloud/entity/Q33168	http://www.wikidata.org/entity/Q108486846
https://ehkultura.wikibase.cloud/entity/Q32855	http://www.wikidata.org/entity/Q112510233
https://ehkultura.wikibase.cloud/entity/Q33097	http://www.wikidata.org/entity/Q112471011
https://ehkultura.wikibase.cloud/entity/Q33202	http://www.wikidata.org/entity/Q112547083
https://ehkultura.wikibase.cloud/entity/Q33301	http://www.wikidata.org/entity/Q114005617
https://ehkultura.wikibase.cloud/entity/Q33379	http://www.wikidata.org/entity/Q121600206
https://ehkultura.wikibase.cloud/entity/Q33261	http://www.wikidata.org/entity/Q123289537
https://ehkultura.wikibase.cloud/entity/Q32975	http://www.wikidata.org/entity/Q123669133
https://ehkultura.wikibase.cloud/entity/Q33287	http://www.wikidata.org/entity/Q125208697
https://ehkultura.wikibase.cloud/entity/Q33229	http://www.wikidata.org/entity/Q125520901
https://ehkultura.wikibase.cloud/entity/Q33323	http://www.wikidata.org/entity/Q130342161
https://ehkultura.wikibase.cloud/entity/Q33313	http://www.wikidata.org/entity/Q138969020
https://ehkultura.wikibase.cloud/entity/Q35352	http://www.wikidata.org/entity/Q78885
https://ehkultura.wikibase.cloud/entity/Q35387	http://www.wikidata.org/entity/Q95976
https://ehkultura.wikibase.cloud/entity/Q35169	http://www.wikidata.org/entity/Q215478
https://ehkultura.wikibase.cloud/entity/Q35654	http://www.wikidata.org/entity/Q123966
https://ehkultura.wikibase.cloud/entity/Q35616	http://www.wikidata.org/entity/Q155626
https://ehkultura.wikibase.cloud/entity/Q35471	http://www.wikidata.org/entity/Q239394
https://ehkultura.wikibase.cloud/entity/Q34276	http://www.wikidata.org/entity/Q271884
https://ehkultura.wikibase.cloud/entity/Q34183	http://www.wikidata.org/entity/Q312290
https://ehkultura.wikibase.cloud/entity/Q34187	http://www.wikidata.org/entity/Q366930
https://ehkultura.wikibase.cloud/entity/Q34054	http://www.wikidata.org/entity/Q448764
https://ehkultura.wikibase.cloud/entity/Q34368	http://www.wikidata.org/entity/Q460088
https://ehkultura.wikibase.cloud/entity/Q34404	http://www.wikidata.org/entity/Q466258
https://ehkultura.wikibase.cloud/entity/Q34405	http://www.wikidata.org/entity/Q539320
https://ehkultura.wikibase.cloud/entity/Q34136	http://www.wikidata.org/entity/Q669030
https://ehkultura.wikibase.cloud/entity/Q34290	http://www.wikidata.org/entity/Q664291
https://ehkultura.wikibase.cloud/entity/Q34329	http://www.wikidata.org/entity/Q693290
https://ehkultura.wikibase.cloud/entity/Q34398	http://www.wikidata.org/entity/Q708544
https://ehkultura.wikibase.cloud/entity/Q34366	http://www.wikidata.org/entity/Q728360
https://ehkultura.wikibase.cloud/entity/Q34447	http://www.wikidata.org/entity/Q743375
https://ehkultura.wikibase.cloud/entity/Q34347	http://www.wikidata.org/entity/Q1132094
https://ehkultura.wikibase.cloud/entity/Q33961	http://www.wikidata.org/entity/Q1373158
https://ehkultura.wikibase.cloud/entity/Q34434	http://www.wikidata.org/entity/Q1393354
https://ehkultura.wikibase.cloud/entity/Q34367	http://www.wikidata.org/entity/Q1522165
https://ehkultura.wikibase.cloud/entity/Q34115	http://www.wikidata.org/entity/Q1685113
https://ehkultura.wikibase.cloud/entity/Q33975	http://www.wikidata.org/entity/Q1896721
https://ehkultura.wikibase.cloud/entity/Q34391	http://www.wikidata.org/entity/Q2176640
https://ehkultura.wikibase.cloud/entity/Q34478	http://www.wikidata.org/entity/Q2471129
https://ehkultura.wikibase.cloud/entity/Q34464	http://www.wikidata.org/entity/Q2610508
https://ehkultura.wikibase.cloud/entity/Q34374	http://www.wikidata.org/entity/Q2857416
https://ehkultura.wikibase.cloud/entity/Q34286	http://www.wikidata.org/entity/Q2939213
https://ehkultura.wikibase.cloud/entity/Q34300	http://www.wikidata.org/entity/Q3014410
https://ehkultura.wikibase.cloud/entity/Q34307	http://www.wikidata.org/entity/Q3134083
https://ehkultura.wikibase.cloud/entity/Q34161	http://www.wikidata.org/entity/Q3184006
https://ehkultura.wikibase.cloud/entity/Q34304	http://www.wikidata.org/entity/Q3299571
https://ehkultura.wikibase.cloud/entity/Q34020	http://www.wikidata.org/entity/Q3376910
https://ehkultura.wikibase.cloud/entity/Q34256	http://www.wikidata.org/entity/Q3436964
https://ehkultura.wikibase.cloud/entity/Q33999	http://www.wikidata.org/entity/Q3608062
https://ehkultura.wikibase.cloud/entity/Q34153	http://www.wikidata.org/entity/Q3752508
https://ehkultura.wikibase.cloud/entity/Q34110	http://www.wikidata.org/entity/Q3807588
https://ehkultura.wikibase.cloud/entity/Q34355	http://www.wikidata.org/entity/Q3832617
https://ehkultura.wikibase.cloud/entity/Q34270	http://www.wikidata.org/entity/Q4011486
https://ehkultura.wikibase.cloud/entity/Q34144	http://www.wikidata.org/entity/Q4303834
https://ehkultura.wikibase.cloud/entity/Q34475	http://www.wikidata.org/entity/Q4705703
https://ehkultura.wikibase.cloud/entity/Q34024	http://www.wikidata.org/entity/Q4902177
https://ehkultura.wikibase.cloud/entity/Q34122	http://www.wikidata.org/entity/Q5057131
https://ehkultura.wikibase.cloud/entity/Q34282	http://www.wikidata.org/entity/Q5241036
https://ehkultura.wikibase.cloud/entity/Q34323	http://www.wikidata.org/entity/Q5482502
https://ehkultura.wikibase.cloud/entity/Q34271	http://www.wikidata.org/entity/Q5943079
https://ehkultura.wikibase.cloud/entity/Q34218	http://www.wikidata.org/entity/Q5984357
https://ehkultura.wikibase.cloud/entity/Q34412	http://www.wikidata.org/entity/Q6015675
https://ehkultura.wikibase.cloud/entity/Q34456	http://www.wikidata.org/entity/Q6894427
https://ehkultura.wikibase.cloud/entity/Q34393	http://www.wikidata.org/entity/Q6914336
https://ehkultura.wikibase.cloud/entity/Q34418	http://www.wikidata.org/entity/Q7108075
https://ehkultura.wikibase.cloud/entity/Q34001	http://www.wikidata.org/entity/Q7357180
https://ehkultura.wikibase.cloud/entity/Q34389	http://www.wikidata.org/entity/Q7352632
https://ehkultura.wikibase.cloud/entity/Q34070	http://www.wikidata.org/entity/Q7609387
https://ehkultura.wikibase.cloud/entity/Q34236	http://www.wikidata.org/entity/Q8775239
https://ehkultura.wikibase.cloud/entity/Q34351	http://www.wikidata.org/entity/Q10307390
https://ehkultura.wikibase.cloud/entity/Q34156	http://www.wikidata.org/entity/Q11684228
https://ehkultura.wikibase.cloud/entity/Q33957	http://www.wikidata.org/entity/Q12255665
https://ehkultura.wikibase.cloud/entity/Q34306	http://www.wikidata.org/entity/Q12260876
https://ehkultura.wikibase.cloud/entity/Q34253	http://www.wikidata.org/entity/Q16583519
https://ehkultura.wikibase.cloud/entity/Q34453	http://www.wikidata.org/entity/Q16731329
https://ehkultura.wikibase.cloud/entity/Q34315	http://www.wikidata.org/entity/Q17322782
https://ehkultura.wikibase.cloud/entity/Q34294	http://www.wikidata.org/entity/Q27967373
https://ehkultura.wikibase.cloud/entity/Q34232	http://www.wikidata.org/entity/Q28792022
https://ehkultura.wikibase.cloud/entity/Q33995	http://www.wikidata.org/entity/Q29006920
https://ehkultura.wikibase.cloud/entity/Q34014	http://www.wikidata.org/entity/Q29352461
https://ehkultura.wikibase.cloud/entity/Q34272	http://www.wikidata.org/entity/Q30175047
https://ehkultura.wikibase.cloud/entity/Q33996	http://www.wikidata.org/entity/Q55950283
https://ehkultura.wikibase.cloud/entity/Q34027	http://www.wikidata.org/entity/Q55949854
https://ehkultura.wikibase.cloud/entity/Q34251	http://www.wikidata.org/entity/Q55988397
https://ehkultura.wikibase.cloud/entity/Q34201	http://www.wikidata.org/entity/Q56000113
https://ehkultura.wikibase.cloud/entity/Q34369	http://www.wikidata.org/entity/Q55991516
https://ehkultura.wikibase.cloud/entity/Q34299	http://www.wikidata.org/entity/Q57934198
https://ehkultura.wikibase.cloud/entity/Q34285	http://www.wikidata.org/entity/Q63055548
https://ehkultura.wikibase.cloud/entity/Q34226	http://www.wikidata.org/entity/Q63075168
https://ehkultura.wikibase.cloud/entity/Q34396	http://www.wikidata.org/entity/Q93429652
https://ehkultura.wikibase.cloud/entity/Q34003	http://www.wikidata.org/entity/Q94654186
https://ehkultura.wikibase.cloud/entity/Q34252	http://www.wikidata.org/entity/Q95208078
https://ehkultura.wikibase.cloud/entity/Q33985	http://www.wikidata.org/entity/Q95910089
https://ehkultura.wikibase.cloud/entity/Q34212	http://www.wikidata.org/entity/Q96072210
https://ehkultura.wikibase.cloud/entity/Q34296	http://www.wikidata.org/entity/Q96631639
https://ehkultura.wikibase.cloud/entity/Q34148	http://www.wikidata.org/entity/Q97291159
https://ehkultura.wikibase.cloud/entity/Q34069	http://www.wikidata.org/entity/Q99358208
https://ehkultura.wikibase.cloud/entity/Q34079	http://www.wikidata.org/entity/Q99491925
https://ehkultura.wikibase.cloud/entity/Q34430	http://www.wikidata.org/entity/Q107051192
https://ehkultura.wikibase.cloud/entity/Q34168	http://www.wikidata.org/entity/Q107775179
https://ehkultura.wikibase.cloud/entity/Q34160	http://www.wikidata.org/entity/Q111044421
https://ehkultura.wikibase.cloud/entity/Q34048	http://www.wikidata.org/entity/Q111306908
https://ehkultura.wikibase.cloud/entity/Q33974	http://www.wikidata.org/entity/Q112367994
https://ehkultura.wikibase.cloud/entity/Q33984	http://www.wikidata.org/entity/Q112520330
https://ehkultura.wikibase.cloud/entity/Q34045	http://www.wikidata.org/entity/Q113834719
https://ehkultura.wikibase.cloud/entity/Q34046	http://www.wikidata.org/entity/Q120482904
https://ehkultura.wikibase.cloud/entity/Q34191	http://www.wikidata.org/entity/Q124854505
https://ehkultura.wikibase.cloud/entity/Q34217	http://www.wikidata.org/entity/Q125746026
https://ehkultura.wikibase.cloud/entity/Q34219	http://www.wikidata.org/entity/Q125746025
https://ehkultura.wikibase.cloud/entity/Q34370	http://www.wikidata.org/entity/Q125746388
https://ehkultura.wikibase.cloud/entity/Q36374	http://www.wikidata.org/entity/Q79084
https://ehkultura.wikibase.cloud/entity/Q36600	http://www.wikidata.org/entity/Q68932
https://ehkultura.wikibase.cloud/entity/Q36277	http://www.wikidata.org/entity/Q160141
https://ehkultura.wikibase.cloud/entity/Q36579	http://www.wikidata.org/entity/Q101740
https://ehkultura.wikibase.cloud/entity/Q36291	http://www.wikidata.org/entity/Q188668
https://ehkultura.wikibase.cloud/entity/Q36496	http://www.wikidata.org/entity/Q181082
https://ehkultura.wikibase.cloud/entity/Q36683	http://www.wikidata.org/entity/Q241754
https://ehkultura.wikibase.cloud/entity/Q36701	http://www.wikidata.org/entity/Q252421
https://ehkultura.wikibase.cloud/entity/Q36542	http://www.wikidata.org/entity/Q310556
https://ehkultura.wikibase.cloud/entity/Q36646	http://www.wikidata.org/entity/Q285084
https://ehkultura.wikibase.cloud/entity/Q36722	http://www.wikidata.org/entity/Q276369
https://ehkultura.wikibase.cloud/entity/Q36442	http://www.wikidata.org/entity/Q351746
https://ehkultura.wikibase.cloud/entity/Q36580	http://www.wikidata.org/entity/Q336467
https://ehkultura.wikibase.cloud/entity/Q36659	http://www.wikidata.org/entity/Q321715
https://ehkultura.wikibase.cloud/entity/Q36251	http://www.wikidata.org/entity/Q449119
https://ehkultura.wikibase.cloud/entity/Q36530	http://www.wikidata.org/entity/Q470551
https://ehkultura.wikibase.cloud/entity/Q36705	http://www.wikidata.org/entity/Q445973
https://ehkultura.wikibase.cloud/entity/Q36743	http://www.wikidata.org/entity/Q442602
https://ehkultura.wikibase.cloud/entity/Q36338	http://www.wikidata.org/entity/Q643778
https://ehkultura.wikibase.cloud/entity/Q36681	http://www.wikidata.org/entity/Q581763
https://ehkultura.wikibase.cloud/entity/Q36708	http://www.wikidata.org/entity/Q700336
https://ehkultura.wikibase.cloud/entity/Q36257	http://www.wikidata.org/entity/Q822694
https://ehkultura.wikibase.cloud/entity/Q36567	http://www.wikidata.org/entity/Q869931
https://ehkultura.wikibase.cloud/entity/Q36723	http://www.wikidata.org/entity/Q933523
https://ehkultura.wikibase.cloud/entity/Q36546	http://www.wikidata.org/entity/Q1282413
https://ehkultura.wikibase.cloud/entity/Q36587	http://www.wikidata.org/entity/Q1286383
https://ehkultura.wikibase.cloud/entity/Q36652	http://www.wikidata.org/entity/Q1347418
https://ehkultura.wikibase.cloud/entity/Q36492	http://www.wikidata.org/entity/Q1394505
https://ehkultura.wikibase.cloud/entity/Q36395	http://www.wikidata.org/entity/Q1435414
https://ehkultura.wikibase.cloud/entity/Q36517	http://www.wikidata.org/entity/Q1707954
https://ehkultura.wikibase.cloud/entity/Q36617	http://www.wikidata.org/entity/Q2278560
https://ehkultura.wikibase.cloud/entity/Q36602	http://www.wikidata.org/entity/Q2499067
https://ehkultura.wikibase.cloud/entity/Q36310	http://www.wikidata.org/entity/Q2582922
https://ehkultura.wikibase.cloud/entity/Q36665	http://www.wikidata.org/entity/Q2523286
https://ehkultura.wikibase.cloud/entity/Q36418	http://www.wikidata.org/entity/Q2965642
https://ehkultura.wikibase.cloud/entity/Q36354	http://www.wikidata.org/entity/Q3016025
https://ehkultura.wikibase.cloud/entity/Q36270	http://www.wikidata.org/entity/Q3062914
https://ehkultura.wikibase.cloud/entity/Q36684	http://www.wikidata.org/entity/Q3050403
https://ehkultura.wikibase.cloud/entity/Q36549	http://www.wikidata.org/entity/Q3086642
https://ehkultura.wikibase.cloud/entity/Q36512	http://www.wikidata.org/entity/Q3185405
https://ehkultura.wikibase.cloud/entity/Q36386	http://www.wikidata.org/entity/Q3369707
https://ehkultura.wikibase.cloud/entity/Q36309	http://www.wikidata.org/entity/Q3417698
https://ehkultura.wikibase.cloud/entity/Q36524	http://www.wikidata.org/entity/Q3376904
https://ehkultura.wikibase.cloud/entity/Q36673	http://www.wikidata.org/entity/Q3456078
https://ehkultura.wikibase.cloud/entity/Q36643	http://www.wikidata.org/entity/Q3505981
https://ehkultura.wikibase.cloud/entity/Q36556	http://www.wikidata.org/entity/Q3529065
https://ehkultura.wikibase.cloud/entity/Q36319	http://www.wikidata.org/entity/Q3719695
https://ehkultura.wikibase.cloud/entity/Q36626	http://www.wikidata.org/entity/Q4975021
https://ehkultura.wikibase.cloud/entity/Q36405	http://www.wikidata.org/entity/Q5240278
https://ehkultura.wikibase.cloud/entity/Q36599	http://www.wikidata.org/entity/Q5239517
https://ehkultura.wikibase.cloud/entity/Q36400	http://www.wikidata.org/entity/Q5346934
https://ehkultura.wikibase.cloud/entity/Q36675	http://www.wikidata.org/entity/Q5398382
https://ehkultura.wikibase.cloud/entity/Q36404	http://www.wikidata.org/entity/Q5481095
https://ehkultura.wikibase.cloud/entity/Q36365	http://www.wikidata.org/entity/Q5997856
https://ehkultura.wikibase.cloud/entity/Q36563	http://www.wikidata.org/entity/Q6065651
https://ehkultura.wikibase.cloud/entity/Q36558	http://www.wikidata.org/entity/Q6239769
https://ehkultura.wikibase.cloud/entity/Q36540	http://www.wikidata.org/entity/Q6271612
https://ehkultura.wikibase.cloud/entity/Q36467	http://www.wikidata.org/entity/Q6292866
https://ehkultura.wikibase.cloud/entity/Q36281	http://www.wikidata.org/entity/Q6419949
https://ehkultura.wikibase.cloud/entity/Q36464	http://www.wikidata.org/entity/Q6525088
https://ehkultura.wikibase.cloud/entity/Q36459	http://www.wikidata.org/entity/Q6768249
https://ehkultura.wikibase.cloud/entity/Q36551	http://www.wikidata.org/entity/Q7175473
https://ehkultura.wikibase.cloud/entity/Q36331	http://www.wikidata.org/entity/Q7350708
https://ehkultura.wikibase.cloud/entity/Q36448	http://www.wikidata.org/entity/Q7610077
https://ehkultura.wikibase.cloud/entity/Q36645	http://www.wikidata.org/entity/Q7606494
https://ehkultura.wikibase.cloud/entity/Q36744	http://www.wikidata.org/entity/Q7804346
https://ehkultura.wikibase.cloud/entity/Q36526	http://www.wikidata.org/entity/Q9307755
https://ehkultura.wikibase.cloud/entity/Q36564	http://www.wikidata.org/entity/Q11935658
https://ehkultura.wikibase.cloud/entity/Q36440	http://www.wikidata.org/entity/Q12265704
https://ehkultura.wikibase.cloud/entity/Q36577	http://www.wikidata.org/entity/Q12383356
https://ehkultura.wikibase.cloud/entity/Q36452	http://www.wikidata.org/entity/Q15401862
https://ehkultura.wikibase.cloud/entity/Q36390	http://www.wikidata.org/entity/Q18225050
https://ehkultura.wikibase.cloud/entity/Q36436	http://www.wikidata.org/entity/Q18679687
https://ehkultura.wikibase.cloud/entity/Q36745	http://www.wikidata.org/entity/Q19666172
https://ehkultura.wikibase.cloud/entity/Q36447	http://www.wikidata.org/entity/Q19863264
https://ehkultura.wikibase.cloud/entity/Q36428	http://www.wikidata.org/entity/Q20006578
https://ehkultura.wikibase.cloud/entity/Q36325	http://www.wikidata.org/entity/Q24961001
https://ehkultura.wikibase.cloud/entity/Q36662	http://www.wikidata.org/entity/Q25931677
https://ehkultura.wikibase.cloud/entity/Q36522	http://www.wikidata.org/entity/Q27237407
https://ehkultura.wikibase.cloud/entity/Q36520	http://www.wikidata.org/entity/Q55464775
https://ehkultura.wikibase.cloud/entity/Q36627	http://www.wikidata.org/entity/Q63341208
https://ehkultura.wikibase.cloud/entity/Q36239	http://www.wikidata.org/entity/Q64355038
https://ehkultura.wikibase.cloud/entity/Q36454	http://www.wikidata.org/entity/Q65012999
https://ehkultura.wikibase.cloud/entity/Q36508	http://www.wikidata.org/entity/Q73830443
https://ehkultura.wikibase.cloud/entity/Q36252	http://www.wikidata.org/entity/Q77858349
https://ehkultura.wikibase.cloud/entity/Q36515	http://www.wikidata.org/entity/Q93435565
https://ehkultura.wikibase.cloud/entity/Q36513	http://www.wikidata.org/entity/Q95201716
https://ehkultura.wikibase.cloud/entity/Q36676	http://www.wikidata.org/entity/Q95343655
https://ehkultura.wikibase.cloud/entity/Q36655	http://www.wikidata.org/entity/Q97320773
https://ehkultura.wikibase.cloud/entity/Q36472	http://www.wikidata.org/entity/Q98909195
https://ehkultura.wikibase.cloud/entity/Q36295	http://www.wikidata.org/entity/Q109311051
https://ehkultura.wikibase.cloud/entity/Q36712	http://www.wikidata.org/entity/Q110627549
https://ehkultura.wikibase.cloud/entity/Q36308	http://www.wikidata.org/entity/Q112432303
https://ehkultura.wikibase.cloud/entity/Q36666	http://www.wikidata.org/entity/Q112437198
https://ehkultura.wikibase.cloud/entity/Q36397	http://www.wikidata.org/entity/Q112541168
https://ehkultura.wikibase.cloud/entity/Q36550	http://www.wikidata.org/entity/Q114836871
https://ehkultura.wikibase.cloud/entity/Q36275	http://www.wikidata.org/entity/Q120590911
https://ehkultura.wikibase.cloud/entity/Q36597	http://www.wikidata.org/entity/Q124849933
https://ehkultura.wikibase.cloud/entity/Q36644	http://www.wikidata.org/entity/Q124854607
https://ehkultura.wikibase.cloud/entity/Q36292	http://www.wikidata.org/entity/Q125297655
https://ehkultura.wikibase.cloud/entity/Q37681	http://www.wikidata.org/entity/Q200661
https://ehkultura.wikibase.cloud/entity/Q37834	http://www.wikidata.org/entity/Q193300
https://ehkultura.wikibase.cloud/entity/Q37558	http://www.wikidata.org/entity/Q287703
https://ehkultura.wikibase.cloud/entity/Q37933	http://www.wikidata.org/entity/Q289217
https://ehkultura.wikibase.cloud/entity/Q37340	http://www.wikidata.org/entity/Q435509
https://ehkultura.wikibase.cloud/entity/Q37888	http://www.wikidata.org/entity/Q320821
https://ehkultura.wikibase.cloud/entity/Q37872	http://www.wikidata.org/entity/Q360737
https://ehkultura.wikibase.cloud/entity/Q37726	http://www.wikidata.org/entity/Q399775
https://ehkultura.wikibase.cloud/entity/Q37806	http://www.wikidata.org/entity/Q432822
https://ehkultura.wikibase.cloud/entity/Q37774	http://www.wikidata.org/entity/Q529276
https://ehkultura.wikibase.cloud/entity/Q37337	http://www.wikidata.org/entity/Q707494
https://ehkultura.wikibase.cloud/entity/Q37913	http://www.wikidata.org/entity/Q654902
https://ehkultura.wikibase.cloud/entity/Q37899	http://www.wikidata.org/entity/Q702678
https://ehkultura.wikibase.cloud/entity/Q37695	http://www.wikidata.org/entity/Q821752
https://ehkultura.wikibase.cloud/entity/Q37366	http://www.wikidata.org/entity/Q1031927
https://ehkultura.wikibase.cloud/entity/Q37620	http://www.wikidata.org/entity/Q1428809
https://ehkultura.wikibase.cloud/entity/Q37496	http://www.wikidata.org/entity/Q1507200
https://ehkultura.wikibase.cloud/entity/Q37607	http://www.wikidata.org/entity/Q1495293
https://ehkultura.wikibase.cloud/entity/Q37560	http://www.wikidata.org/entity/Q1636611
https://ehkultura.wikibase.cloud/entity/Q37670	http://www.wikidata.org/entity/Q1718737
https://ehkultura.wikibase.cloud/entity/Q37803	http://www.wikidata.org/entity/Q1715493
https://ehkultura.wikibase.cloud/entity/Q37521	http://www.wikidata.org/entity/Q1997047
https://ehkultura.wikibase.cloud/entity/Q37809	http://www.wikidata.org/entity/Q1992698
https://ehkultura.wikibase.cloud/entity/Q37484	http://www.wikidata.org/entity/Q2376762
https://ehkultura.wikibase.cloud/entity/Q37616	http://www.wikidata.org/entity/Q2531226
https://ehkultura.wikibase.cloud/entity/Q37478	http://www.wikidata.org/entity/Q3048405
https://ehkultura.wikibase.cloud/entity/Q37467	http://www.wikidata.org/entity/Q3242519
https://ehkultura.wikibase.cloud/entity/Q37755	http://www.wikidata.org/entity/Q3394378
https://ehkultura.wikibase.cloud/entity/Q37873	http://www.wikidata.org/entity/Q3399470
https://ehkultura.wikibase.cloud/entity/Q37371	http://www.wikidata.org/entity/Q3559690
https://ehkultura.wikibase.cloud/entity/Q37807	http://www.wikidata.org/entity/Q3702042
https://ehkultura.wikibase.cloud/entity/Q37650	http://www.wikidata.org/entity/Q5249364
https://ehkultura.wikibase.cloud/entity/Q37826	http://www.wikidata.org/entity/Q5238350
https://ehkultura.wikibase.cloud/entity/Q37827	http://www.wikidata.org/entity/Q5340652
https://ehkultura.wikibase.cloud/entity/Q37784	http://www.wikidata.org/entity/Q5435144
https://ehkultura.wikibase.cloud/entity/Q37662	http://www.wikidata.org/entity/Q5596363
https://ehkultura.wikibase.cloud/entity/Q37452	http://www.wikidata.org/entity/Q5668055
https://ehkultura.wikibase.cloud/entity/Q37815	http://www.wikidata.org/entity/Q5725452
https://ehkultura.wikibase.cloud/entity/Q37489	http://www.wikidata.org/entity/Q6097985
https://ehkultura.wikibase.cloud/entity/Q37331	http://www.wikidata.org/entity/Q6173656
https://ehkultura.wikibase.cloud/entity/Q37907	http://www.wikidata.org/entity/Q6097689
https://ehkultura.wikibase.cloud/entity/Q37883	http://www.wikidata.org/entity/Q6135274
https://ehkultura.wikibase.cloud/entity/Q37379	http://www.wikidata.org/entity/Q7153405
https://ehkultura.wikibase.cloud/entity/Q37772	http://www.wikidata.org/entity/Q7121778
https://ehkultura.wikibase.cloud/entity/Q37646	http://www.wikidata.org/entity/Q7153512
https://ehkultura.wikibase.cloud/entity/Q37501	http://www.wikidata.org/entity/Q7803922
https://ehkultura.wikibase.cloud/entity/Q37523	http://www.wikidata.org/entity/Q8353697
https://ehkultura.wikibase.cloud/entity/Q37757	http://www.wikidata.org/entity/Q9058353
https://ehkultura.wikibase.cloud/entity/Q37835	http://www.wikidata.org/entity/Q9096765
https://ehkultura.wikibase.cloud/entity/Q37905	http://www.wikidata.org/entity/Q11382343
https://ehkultura.wikibase.cloud/entity/Q37344	http://www.wikidata.org/entity/Q11681497
https://ehkultura.wikibase.cloud/entity/Q37589	http://www.wikidata.org/entity/Q11908831
https://ehkultura.wikibase.cloud/entity/Q37572	http://www.wikidata.org/entity/Q11935657
https://ehkultura.wikibase.cloud/entity/Q37942	http://www.wikidata.org/entity/Q11935716
https://ehkultura.wikibase.cloud/entity/Q37737	http://www.wikidata.org/entity/Q15453099
https://ehkultura.wikibase.cloud/entity/Q37703	http://www.wikidata.org/entity/Q15874541
https://ehkultura.wikibase.cloud/entity/Q37699	http://www.wikidata.org/entity/Q16567097
https://ehkultura.wikibase.cloud/entity/Q37535	http://www.wikidata.org/entity/Q17123224
https://ehkultura.wikibase.cloud/entity/Q37582	http://www.wikidata.org/entity/Q17478247
https://ehkultura.wikibase.cloud/entity/Q37451	http://www.wikidata.org/entity/Q18224525
https://ehkultura.wikibase.cloud/entity/Q37717	http://www.wikidata.org/entity/Q19300711
https://ehkultura.wikibase.cloud/entity/Q37693	http://www.wikidata.org/entity/Q20731649
https://ehkultura.wikibase.cloud/entity/Q37473	http://www.wikidata.org/entity/Q24937667
https://ehkultura.wikibase.cloud/entity/Q37360	http://www.wikidata.org/entity/Q28052145
https://ehkultura.wikibase.cloud/entity/Q37504	http://www.wikidata.org/entity/Q29221629
https://ehkultura.wikibase.cloud/entity/Q37527	http://www.wikidata.org/entity/Q37373225
https://ehkultura.wikibase.cloud/entity/Q37403	http://www.wikidata.org/entity/Q55236267
https://ehkultura.wikibase.cloud/entity/Q37791	http://www.wikidata.org/entity/Q56460560
https://ehkultura.wikibase.cloud/entity/Q37686	http://www.wikidata.org/entity/Q57030640
https://ehkultura.wikibase.cloud/entity/Q37405	http://www.wikidata.org/entity/Q57786497
https://ehkultura.wikibase.cloud/entity/Q37542	http://www.wikidata.org/entity/Q60037057
https://ehkultura.wikibase.cloud/entity/Q37690	http://www.wikidata.org/entity/Q61659620
https://ehkultura.wikibase.cloud/entity/Q37839	http://www.wikidata.org/entity/Q73409625
https://ehkultura.wikibase.cloud/entity/Q37945	http://www.wikidata.org/entity/Q90406234
https://ehkultura.wikibase.cloud/entity/Q37743	http://www.wikidata.org/entity/Q95312748
https://ehkultura.wikibase.cloud/entity/Q37325	http://www.wikidata.org/entity/Q95649026
https://ehkultura.wikibase.cloud/entity/Q37315	http://www.wikidata.org/entity/Q95867498
https://ehkultura.wikibase.cloud/entity/Q37837	http://www.wikidata.org/entity/Q97039411
https://ehkultura.wikibase.cloud/entity/Q37555	http://www.wikidata.org/entity/Q99495905
https://ehkultura.wikibase.cloud/entity/Q37794	http://www.wikidata.org/entity/Q110795170
https://ehkultura.wikibase.cloud/entity/Q37339	http://www.wikidata.org/entity/Q112451057
https://ehkultura.wikibase.cloud/entity/Q37629	http://www.wikidata.org/entity/Q112545359
https://ehkultura.wikibase.cloud/entity/Q37875	http://www.wikidata.org/entity/Q113454279
https://ehkultura.wikibase.cloud/entity/Q37853	http://www.wikidata.org/entity/Q115155038
https://ehkultura.wikibase.cloud/entity/Q37895	http://www.wikidata.org/entity/Q115557754
https://ehkultura.wikibase.cloud/entity/Q37359	http://www.wikidata.org/entity/Q115784914
https://ehkultura.wikibase.cloud/entity/Q37959	http://www.wikidata.org/entity/Q116742283
https://ehkultura.wikibase.cloud/entity/Q37434	http://www.wikidata.org/entity/Q118810067
https://ehkultura.wikibase.cloud/entity/Q37394	http://www.wikidata.org/entity/Q118829986
https://ehkultura.wikibase.cloud/entity/Q37659	http://www.wikidata.org/entity/Q124857926
https://ehkultura.wikibase.cloud/entity/Q37644	http://www.wikidata.org/entity/Q125208837
https://ehkultura.wikibase.cloud/entity/Q37742	http://www.wikidata.org/entity/Q125746057
https://ehkultura.wikibase.cloud/entity/Q37963	http://www.wikidata.org/entity/Q126948432
https://ehkultura.wikibase.cloud/entity/Q37880	http://www.wikidata.org/entity/Q51513
https://ehkultura.wikibase.cloud/entity/Q37961	http://www.wikidata.org/entity/Q96128
https://ehkultura.wikibase.cloud/entity/Q37964	http://www.wikidata.org/entity/Q109037
https://ehkultura.wikibase.cloud/entity/Q38060	http://www.wikidata.org/entity/Q102168
https://ehkultura.wikibase.cloud/entity/Q38188	http://www.wikidata.org/entity/Q79067
https://ehkultura.wikibase.cloud/entity/Q37953	http://www.wikidata.org/entity/Q176938
https://ehkultura.wikibase.cloud/entity/Q38112	http://www.wikidata.org/entity/Q156889
https://ehkultura.wikibase.cloud/entity/Q35922	http://www.wikidata.org/entity/Q95836
https://ehkultura.wikibase.cloud/entity/Q35946	http://www.wikidata.org/entity/Q134165
https://ehkultura.wikibase.cloud/entity/Q35873	http://www.wikidata.org/entity/Q161143
https://ehkultura.wikibase.cloud/entity/Q36209	http://www.wikidata.org/entity/Q118431
https://ehkultura.wikibase.cloud/entity/Q35744	http://www.wikidata.org/entity/Q302714
https://ehkultura.wikibase.cloud/entity/Q36218	http://www.wikidata.org/entity/Q231210
https://ehkultura.wikibase.cloud/entity/Q36124	http://www.wikidata.org/entity/Q357179
https://ehkultura.wikibase.cloud/entity/Q35988	http://www.wikidata.org/entity/Q394549
https://ehkultura.wikibase.cloud/entity/Q36076	http://www.wikidata.org/entity/Q374391
https://ehkultura.wikibase.cloud/entity/Q35834	http://www.wikidata.org/entity/Q432709
https://ehkultura.wikibase.cloud/entity/Q35951	http://www.wikidata.org/entity/Q472656
https://ehkultura.wikibase.cloud/entity/Q35861	http://www.wikidata.org/entity/Q504358
https://ehkultura.wikibase.cloud/entity/Q36200	http://www.wikidata.org/entity/Q433290
https://ehkultura.wikibase.cloud/entity/Q35957	http://www.wikidata.org/entity/Q510955
https://ehkultura.wikibase.cloud/entity/Q35758	http://www.wikidata.org/entity/Q598683
https://ehkultura.wikibase.cloud/entity/Q35899	http://www.wikidata.org/entity/Q612578
https://ehkultura.wikibase.cloud/entity/Q35709	http://www.wikidata.org/entity/Q680288
https://ehkultura.wikibase.cloud/entity/Q35720	http://www.wikidata.org/entity/Q703331
https://ehkultura.wikibase.cloud/entity/Q35999	http://www.wikidata.org/entity/Q716563
https://ehkultura.wikibase.cloud/entity/Q36009	http://www.wikidata.org/entity/Q816975
https://ehkultura.wikibase.cloud/entity/Q35962	http://www.wikidata.org/entity/Q896930
https://ehkultura.wikibase.cloud/entity/Q36102	http://www.wikidata.org/entity/Q1230310
https://ehkultura.wikibase.cloud/entity/Q36229	http://www.wikidata.org/entity/Q1286781
https://ehkultura.wikibase.cloud/entity/Q35868	http://www.wikidata.org/entity/Q1411112
https://ehkultura.wikibase.cloud/entity/Q35935	http://www.wikidata.org/entity/Q1422020
https://ehkultura.wikibase.cloud/entity/Q35783	http://www.wikidata.org/entity/Q1558850
https://ehkultura.wikibase.cloud/entity/Q35889	http://www.wikidata.org/entity/Q1610326
https://ehkultura.wikibase.cloud/entity/Q36051	http://www.wikidata.org/entity/Q1771508
https://ehkultura.wikibase.cloud/entity/Q35896	http://www.wikidata.org/entity/Q1808024
https://ehkultura.wikibase.cloud/entity/Q35867	http://www.wikidata.org/entity/Q2197592
https://ehkultura.wikibase.cloud/entity/Q35863	http://www.wikidata.org/entity/Q2441160
https://ehkultura.wikibase.cloud/entity/Q35865	http://www.wikidata.org/entity/Q2519247
https://ehkultura.wikibase.cloud/entity/Q36046	http://www.wikidata.org/entity/Q2562474
https://ehkultura.wikibase.cloud/entity/Q35738	http://www.wikidata.org/entity/Q3104122
https://ehkultura.wikibase.cloud/entity/Q35866	http://www.wikidata.org/entity/Q3086376
https://ehkultura.wikibase.cloud/entity/Q35883	http://www.wikidata.org/entity/Q3122178
https://ehkultura.wikibase.cloud/entity/Q35731	http://www.wikidata.org/entity/Q3195237
https://ehkultura.wikibase.cloud/entity/Q35952	http://www.wikidata.org/entity/Q3263121
https://ehkultura.wikibase.cloud/entity/Q35830	http://www.wikidata.org/entity/Q3474883
https://ehkultura.wikibase.cloud/entity/Q36215	http://www.wikidata.org/entity/Q3446813
https://ehkultura.wikibase.cloud/entity/Q35904	http://www.wikidata.org/entity/Q3566015
https://ehkultura.wikibase.cloud/entity/Q35755	http://www.wikidata.org/entity/Q4418598
https://ehkultura.wikibase.cloud/entity/Q35901	http://www.wikidata.org/entity/Q4693024
https://ehkultura.wikibase.cloud/entity/Q35800	http://www.wikidata.org/entity/Q5346827
https://ehkultura.wikibase.cloud/entity/Q35932	http://www.wikidata.org/entity/Q5585578
https://ehkultura.wikibase.cloud/entity/Q35726	http://www.wikidata.org/entity/Q5927882
https://ehkultura.wikibase.cloud/entity/Q36184	http://www.wikidata.org/entity/Q5867081
https://ehkultura.wikibase.cloud/entity/Q35996	http://www.wikidata.org/entity/Q6947679
https://ehkultura.wikibase.cloud/entity/Q35905	http://www.wikidata.org/entity/Q7288108
https://ehkultura.wikibase.cloud/entity/Q36045	http://www.wikidata.org/entity/Q7807309
https://ehkultura.wikibase.cloud/entity/Q36137	http://www.wikidata.org/entity/Q7794304
https://ehkultura.wikibase.cloud/entity/Q35826	http://www.wikidata.org/entity/Q9282943
https://ehkultura.wikibase.cloud/entity/Q35939	http://www.wikidata.org/entity/Q11963241
https://ehkultura.wikibase.cloud/entity/Q36049	http://www.wikidata.org/entity/Q11947682
https://ehkultura.wikibase.cloud/entity/Q36037	http://www.wikidata.org/entity/Q16204579
https://ehkultura.wikibase.cloud/entity/Q36127	http://www.wikidata.org/entity/Q16943220
https://ehkultura.wikibase.cloud/entity/Q36085	http://www.wikidata.org/entity/Q16981556
https://ehkultura.wikibase.cloud/entity/Q36210	http://www.wikidata.org/entity/Q17107015
https://ehkultura.wikibase.cloud/entity/Q36093	http://www.wikidata.org/entity/Q17386258
https://ehkultura.wikibase.cloud/entity/Q35770	http://www.wikidata.org/entity/Q25345095
https://ehkultura.wikibase.cloud/entity/Q36048	http://www.wikidata.org/entity/Q25939348
https://ehkultura.wikibase.cloud/entity/Q36139	http://www.wikidata.org/entity/Q29649999
https://ehkultura.wikibase.cloud/entity/Q35711	http://www.wikidata.org/entity/Q37175747
https://ehkultura.wikibase.cloud/entity/Q35790	http://www.wikidata.org/entity/Q42389588
https://ehkultura.wikibase.cloud/entity/Q35788	http://www.wikidata.org/entity/Q52187994
https://ehkultura.wikibase.cloud/entity/Q36020	http://www.wikidata.org/entity/Q53865480
https://ehkultura.wikibase.cloud/entity/Q35878	http://www.wikidata.org/entity/Q55688286
https://ehkultura.wikibase.cloud/entity/Q35779	http://www.wikidata.org/entity/Q59248252
https://ehkultura.wikibase.cloud/entity/Q36167	http://www.wikidata.org/entity/Q64754997
https://ehkultura.wikibase.cloud/entity/Q36039	http://www.wikidata.org/entity/Q65178413
https://ehkultura.wikibase.cloud/entity/Q35869	http://www.wikidata.org/entity/Q85711046
https://ehkultura.wikibase.cloud/entity/Q35823	http://www.wikidata.org/entity/Q87917339
https://ehkultura.wikibase.cloud/entity/Q35713	http://www.wikidata.org/entity/Q88002473
https://ehkultura.wikibase.cloud/entity/Q35997	http://www.wikidata.org/entity/Q91714158
https://ehkultura.wikibase.cloud/entity/Q35789	http://www.wikidata.org/entity/Q93387036
https://ehkultura.wikibase.cloud/entity/Q35817	http://www.wikidata.org/entity/Q93412758
https://ehkultura.wikibase.cloud/entity/Q35907	http://www.wikidata.org/entity/Q93435014
https://ehkultura.wikibase.cloud/entity/Q35881	http://www.wikidata.org/entity/Q95304874
https://ehkultura.wikibase.cloud/entity/Q35714	http://www.wikidata.org/entity/Q97397218
https://ehkultura.wikibase.cloud/entity/Q35777	http://www.wikidata.org/entity/Q100901400
https://ehkultura.wikibase.cloud/entity/Q35771	http://www.wikidata.org/entity/Q104764490
https://ehkultura.wikibase.cloud/entity/Q35879	http://www.wikidata.org/entity/Q106653188
https://ehkultura.wikibase.cloud/entity/Q36070	http://www.wikidata.org/entity/Q106808999
https://ehkultura.wikibase.cloud/entity/Q36156	http://www.wikidata.org/entity/Q112343377
https://ehkultura.wikibase.cloud/entity/Q35716	http://www.wikidata.org/entity/Q112481981
https://ehkultura.wikibase.cloud/entity/Q36142	http://www.wikidata.org/entity/Q112420971
https://ehkultura.wikibase.cloud/entity/Q36042	http://www.wikidata.org/entity/Q112482102
https://ehkultura.wikibase.cloud/entity/Q36002	http://www.wikidata.org/entity/Q112524552
https://ehkultura.wikibase.cloud/entity/Q35793	http://www.wikidata.org/entity/Q115215937
https://ehkultura.wikibase.cloud/entity/Q35735	http://www.wikidata.org/entity/Q115352799
https://ehkultura.wikibase.cloud/entity/Q36217	http://www.wikidata.org/entity/Q115255859
https://ehkultura.wikibase.cloud/entity/Q36138	http://www.wikidata.org/entity/Q116907469
https://ehkultura.wikibase.cloud/entity/Q35725	http://www.wikidata.org/entity/Q119361865
https://ehkultura.wikibase.cloud/entity/Q36228	http://www.wikidata.org/entity/Q124846388
https://ehkultura.wikibase.cloud/entity/Q35960	http://www.wikidata.org/entity/Q125304928
https://ehkultura.wikibase.cloud/entity/Q36090	http://www.wikidata.org/entity/Q125302907
https://ehkultura.wikibase.cloud/entity/Q35722	http://www.wikidata.org/entity/Q130726806
https://ehkultura.wikibase.cloud/entity/Q35933	http://www.wikidata.org/entity/Q558
https://ehkultura.wikibase.cloud/entity/Q36029	http://www.wikidata.org/entity/Q34013
https://ehkultura.wikibase.cloud/entity/Q37305	http://www.wikidata.org/entity/Q269895
https://ehkultura.wikibase.cloud/entity/Q38058	http://www.wikidata.org/entity/Q179555
https://ehkultura.wikibase.cloud/entity/Q38372	http://www.wikidata.org/entity/Q108301
https://ehkultura.wikibase.cloud/entity/Q38052	http://www.wikidata.org/entity/Q185655
https://ehkultura.wikibase.cloud/entity/Q38468	http://www.wikidata.org/entity/Q318604
https://ehkultura.wikibase.cloud/entity/Q38490	http://www.wikidata.org/entity/Q311319
https://ehkultura.wikibase.cloud/entity/Q38062	http://www.wikidata.org/entity/Q518632
https://ehkultura.wikibase.cloud/entity/Q38056	http://www.wikidata.org/entity/Q532488
https://ehkultura.wikibase.cloud/entity/Q38403	http://www.wikidata.org/entity/Q468160
https://ehkultura.wikibase.cloud/entity/Q38433	http://www.wikidata.org/entity/Q474144
https://ehkultura.wikibase.cloud/entity/Q38192	http://www.wikidata.org/entity/Q534252
https://ehkultura.wikibase.cloud/entity/Q38162	http://www.wikidata.org/entity/Q546947
https://ehkultura.wikibase.cloud/entity/Q38520	http://www.wikidata.org/entity/Q504118
https://ehkultura.wikibase.cloud/entity/Q38475	http://www.wikidata.org/entity/Q593715
https://ehkultura.wikibase.cloud/entity/Q38515	http://www.wikidata.org/entity/Q952755
https://ehkultura.wikibase.cloud/entity/Q38272	http://www.wikidata.org/entity/Q1411659
https://ehkultura.wikibase.cloud/entity/Q38390	http://www.wikidata.org/entity/Q1703961
https://ehkultura.wikibase.cloud/entity/Q38277	http://www.wikidata.org/entity/Q1879485
https://ehkultura.wikibase.cloud/entity/Q38327	http://www.wikidata.org/entity/Q1875632
https://ehkultura.wikibase.cloud/entity/Q38092	http://www.wikidata.org/entity/Q2198941
https://ehkultura.wikibase.cloud/entity/Q38320	http://www.wikidata.org/entity/Q2499817
https://ehkultura.wikibase.cloud/entity/Q38151	http://www.wikidata.org/entity/Q2693818
https://ehkultura.wikibase.cloud/entity/Q38504	http://www.wikidata.org/entity/Q2630715
https://ehkultura.wikibase.cloud/entity/Q38512	http://www.wikidata.org/entity/Q2657656
https://ehkultura.wikibase.cloud/entity/Q38087	http://www.wikidata.org/entity/Q2763886
https://ehkultura.wikibase.cloud/entity/Q38543	http://www.wikidata.org/entity/Q2830149
https://ehkultura.wikibase.cloud/entity/Q38389	http://www.wikidata.org/entity/Q2939433
https://ehkultura.wikibase.cloud/entity/Q38412	http://www.wikidata.org/entity/Q2959511
https://ehkultura.wikibase.cloud/entity/Q38457	http://www.wikidata.org/entity/Q3184122
https://ehkultura.wikibase.cloud/entity/Q37956	http://www.wikidata.org/entity/Q3380495
https://ehkultura.wikibase.cloud/entity/Q38121	http://www.wikidata.org/entity/Q3973380
https://ehkultura.wikibase.cloud/entity/Q38187	http://www.wikidata.org/entity/Q4350860
https://ehkultura.wikibase.cloud/entity/Q38456	http://www.wikidata.org/entity/Q4363211
https://ehkultura.wikibase.cloud/entity/Q38378	http://www.wikidata.org/entity/Q4760049
https://ehkultura.wikibase.cloud/entity/Q38023	http://www.wikidata.org/entity/Q4886506
https://ehkultura.wikibase.cloud/entity/Q38273	http://www.wikidata.org/entity/Q4966222
https://ehkultura.wikibase.cloud/entity/Q38191	http://www.wikidata.org/entity/Q5240643
https://ehkultura.wikibase.cloud/entity/Q38243	http://www.wikidata.org/entity/Q5481904
https://ehkultura.wikibase.cloud/entity/Q38406	http://www.wikidata.org/entity/Q5541814
https://ehkultura.wikibase.cloud/entity/Q38383	http://www.wikidata.org/entity/Q5833904
https://ehkultura.wikibase.cloud/entity/Q38505	http://www.wikidata.org/entity/Q5831571
https://ehkultura.wikibase.cloud/entity/Q38201	http://www.wikidata.org/entity/Q5994425
https://ehkultura.wikibase.cloud/entity/Q38392	http://www.wikidata.org/entity/Q5984240
https://ehkultura.wikibase.cloud/entity/Q38416	http://www.wikidata.org/entity/Q5993851
https://ehkultura.wikibase.cloud/entity/Q38393	http://www.wikidata.org/entity/Q6075834
https://ehkultura.wikibase.cloud/entity/Q37977	http://www.wikidata.org/entity/Q7217281
https://ehkultura.wikibase.cloud/entity/Q38358	http://www.wikidata.org/entity/Q7909158
https://ehkultura.wikibase.cloud/entity/Q38242	http://www.wikidata.org/entity/Q7982725
https://ehkultura.wikibase.cloud/entity/Q38506	http://www.wikidata.org/entity/Q11368627
https://ehkultura.wikibase.cloud/entity/Q38220	http://www.wikidata.org/entity/Q11912425
https://ehkultura.wikibase.cloud/entity/Q38172	http://www.wikidata.org/entity/Q11946185
https://ehkultura.wikibase.cloud/entity/Q38513	http://www.wikidata.org/entity/Q15407464
https://ehkultura.wikibase.cloud/entity/Q38185	http://www.wikidata.org/entity/Q16011312
https://ehkultura.wikibase.cloud/entity/Q38511	http://www.wikidata.org/entity/Q16670084
https://ehkultura.wikibase.cloud/entity/Q38382	http://www.wikidata.org/entity/Q17036709
https://ehkultura.wikibase.cloud/entity/Q38381	http://www.wikidata.org/entity/Q19721999
https://ehkultura.wikibase.cloud/entity/Q38445	http://www.wikidata.org/entity/Q19945197
https://ehkultura.wikibase.cloud/entity/Q38421	http://www.wikidata.org/entity/Q21033037
https://ehkultura.wikibase.cloud/entity/Q37980	http://www.wikidata.org/entity/Q21287771
https://ehkultura.wikibase.cloud/entity/Q38135	http://www.wikidata.org/entity/Q21534700
https://ehkultura.wikibase.cloud/entity/Q38078	http://www.wikidata.org/entity/Q22091976
https://ehkultura.wikibase.cloud/entity/Q38147	http://www.wikidata.org/entity/Q23502727
https://ehkultura.wikibase.cloud/entity/Q38288	http://www.wikidata.org/entity/Q28870055
https://ehkultura.wikibase.cloud/entity/Q38530	http://www.wikidata.org/entity/Q30917179
https://ehkultura.wikibase.cloud/entity/Q38233	http://www.wikidata.org/entity/Q33104998
https://ehkultura.wikibase.cloud/entity/Q38330	http://www.wikidata.org/entity/Q43133608
https://ehkultura.wikibase.cloud/entity/Q38101	http://www.wikidata.org/entity/Q52841102
https://ehkultura.wikibase.cloud/entity/Q38082	http://www.wikidata.org/entity/Q52906293
https://ehkultura.wikibase.cloud/entity/Q38545	http://www.wikidata.org/entity/Q56000000
https://ehkultura.wikibase.cloud/entity/Q38042	http://www.wikidata.org/entity/Q57283434
https://ehkultura.wikibase.cloud/entity/Q38044	http://www.wikidata.org/entity/Q59387179
https://ehkultura.wikibase.cloud/entity/Q38031	http://www.wikidata.org/entity/Q60430624
https://ehkultura.wikibase.cloud/entity/Q38353	http://www.wikidata.org/entity/Q64896515
https://ehkultura.wikibase.cloud/entity/Q38068	http://www.wikidata.org/entity/Q65917564
https://ehkultura.wikibase.cloud/entity/Q38377	http://www.wikidata.org/entity/Q73433755
https://ehkultura.wikibase.cloud/entity/Q38362	http://www.wikidata.org/entity/Q92398411
https://ehkultura.wikibase.cloud/entity/Q38357	http://www.wikidata.org/entity/Q94258243
https://ehkultura.wikibase.cloud/entity/Q38429	http://www.wikidata.org/entity/Q94492307
https://ehkultura.wikibase.cloud/entity/Q38418	http://www.wikidata.org/entity/Q96756785
https://ehkultura.wikibase.cloud/entity/Q38368	http://www.wikidata.org/entity/Q104215477
https://ehkultura.wikibase.cloud/entity/Q38011	http://www.wikidata.org/entity/Q106270869
https://ehkultura.wikibase.cloud/entity/Q38270	http://www.wikidata.org/entity/Q108779925
https://ehkultura.wikibase.cloud/entity/Q38008	http://www.wikidata.org/entity/Q112435447
https://ehkultura.wikibase.cloud/entity/Q38051	http://www.wikidata.org/entity/Q112428022
https://ehkultura.wikibase.cloud/entity/Q38396	http://www.wikidata.org/entity/Q112383128
https://ehkultura.wikibase.cloud/entity/Q38003	http://www.wikidata.org/entity/Q112490129
https://ehkultura.wikibase.cloud/entity/Q38345	http://www.wikidata.org/entity/Q112603099
https://ehkultura.wikibase.cloud/entity/Q38450	http://www.wikidata.org/entity/Q114560793
https://ehkultura.wikibase.cloud/entity/Q38180	http://www.wikidata.org/entity/Q115589619
https://ehkultura.wikibase.cloud/entity/Q38146	http://www.wikidata.org/entity/Q118811603
https://ehkultura.wikibase.cloud/entity/Q38365	http://www.wikidata.org/entity/Q124392080
https://ehkultura.wikibase.cloud/entity/Q38535	http://www.wikidata.org/entity/Q124846029
https://ehkultura.wikibase.cloud/entity/Q38427	http://www.wikidata.org/entity/Q125209425
https://ehkultura.wikibase.cloud/entity/Q38012	http://www.wikidata.org/entity/Q7371
https://ehkultura.wikibase.cloud/entity/Q38048	http://www.wikidata.org/entity/Q36591
https://ehkultura.wikibase.cloud/entity/Q35167	http://www.wikidata.org/entity/Q115575
https://ehkultura.wikibase.cloud/entity/Q35142	http://www.wikidata.org/entity/Q147144
https://ehkultura.wikibase.cloud/entity/Q35153	http://www.wikidata.org/entity/Q3328160
https://ehkultura.wikibase.cloud/entity/Q35143	http://www.wikidata.org/entity/Q3754400
https://ehkultura.wikibase.cloud/entity/Q35154	http://www.wikidata.org/entity/Q10314135
https://ehkultura.wikibase.cloud/entity/Q35116	http://www.wikidata.org/entity/Q12253684
https://ehkultura.wikibase.cloud/entity/Q35155	http://www.wikidata.org/entity/Q93228821
https://ehkultura.wikibase.cloud/entity/Q35118	http://www.wikidata.org/entity/Q112480518
https://ehkultura.wikibase.cloud/entity/Q35162	http://www.wikidata.org/entity/Q123038922
https://ehkultura.wikibase.cloud/entity/Q43732	http://www.wikidata.org/entity/Q135099
https://ehkultura.wikibase.cloud/entity/Q43650	http://www.wikidata.org/entity/Q180962
https://ehkultura.wikibase.cloud/entity/Q44224	http://www.wikidata.org/entity/Q132489
https://ehkultura.wikibase.cloud/entity/Q44281	http://www.wikidata.org/entity/Q189307
https://ehkultura.wikibase.cloud/entity/Q44022	http://www.wikidata.org/entity/Q290227
https://ehkultura.wikibase.cloud/entity/Q44126	http://www.wikidata.org/entity/Q275979
https://ehkultura.wikibase.cloud/entity/Q44030	http://www.wikidata.org/entity/Q373036
https://ehkultura.wikibase.cloud/entity/Q44171	http://www.wikidata.org/entity/Q382245
https://ehkultura.wikibase.cloud/entity/Q43939	http://www.wikidata.org/entity/Q543440
https://ehkultura.wikibase.cloud/entity/Q44184	http://www.wikidata.org/entity/Q523252
https://ehkultura.wikibase.cloud/entity/Q43683	http://www.wikidata.org/entity/Q706886
https://ehkultura.wikibase.cloud/entity/Q43878	http://www.wikidata.org/entity/Q738892
https://ehkultura.wikibase.cloud/entity/Q44020	http://www.wikidata.org/entity/Q740966
https://ehkultura.wikibase.cloud/entity/Q44140	http://www.wikidata.org/entity/Q743901
https://ehkultura.wikibase.cloud/entity/Q43887	http://www.wikidata.org/entity/Q956793
https://ehkultura.wikibase.cloud/entity/Q44271	http://www.wikidata.org/entity/Q1285270
https://ehkultura.wikibase.cloud/entity/Q43750	http://www.wikidata.org/entity/Q1409019
https://ehkultura.wikibase.cloud/entity/Q44052	http://www.wikidata.org/entity/Q1363368
https://ehkultura.wikibase.cloud/entity/Q43849	http://www.wikidata.org/entity/Q1418450
https://ehkultura.wikibase.cloud/entity/Q43757	http://www.wikidata.org/entity/Q1452504
https://ehkultura.wikibase.cloud/entity/Q44092	http://www.wikidata.org/entity/Q1681031
https://ehkultura.wikibase.cloud/entity/Q44082	http://www.wikidata.org/entity/Q1701705
https://ehkultura.wikibase.cloud/entity/Q43910	http://www.wikidata.org/entity/Q2077416
https://ehkultura.wikibase.cloud/entity/Q44114	http://www.wikidata.org/entity/Q2163869
https://ehkultura.wikibase.cloud/entity/Q44180	http://www.wikidata.org/entity/Q2289054
https://ehkultura.wikibase.cloud/entity/Q44204	http://www.wikidata.org/entity/Q2365691
https://ehkultura.wikibase.cloud/entity/Q44045	http://www.wikidata.org/entity/Q2568682
https://ehkultura.wikibase.cloud/entity/Q43841	http://www.wikidata.org/entity/Q2676376
https://ehkultura.wikibase.cloud/entity/Q43704	http://www.wikidata.org/entity/Q2843063
https://ehkultura.wikibase.cloud/entity/Q44225	http://www.wikidata.org/entity/Q2927177
https://ehkultura.wikibase.cloud/entity/Q43967	http://www.wikidata.org/entity/Q3086529
https://ehkultura.wikibase.cloud/entity/Q44031	http://www.wikidata.org/entity/Q3080836
https://ehkultura.wikibase.cloud/entity/Q43996	http://www.wikidata.org/entity/Q3155057
https://ehkultura.wikibase.cloud/entity/Q44076	http://www.wikidata.org/entity/Q3168125
https://ehkultura.wikibase.cloud/entity/Q43888	http://www.wikidata.org/entity/Q3219289
https://ehkultura.wikibase.cloud/entity/Q44142	http://www.wikidata.org/entity/Q3167281
https://ehkultura.wikibase.cloud/entity/Q43679	http://www.wikidata.org/entity/Q3308314
https://ehkultura.wikibase.cloud/entity/Q43987	http://www.wikidata.org/entity/Q3311105
https://ehkultura.wikibase.cloud/entity/Q44292	http://www.wikidata.org/entity/Q3252955
https://ehkultura.wikibase.cloud/entity/Q44070	http://www.wikidata.org/entity/Q3359994
https://ehkultura.wikibase.cloud/entity/Q44200	http://www.wikidata.org/entity/Q3421066
https://ehkultura.wikibase.cloud/entity/Q44278	http://www.wikidata.org/entity/Q3502901
https://ehkultura.wikibase.cloud/entity/Q44051	http://www.wikidata.org/entity/Q3702210
https://ehkultura.wikibase.cloud/entity/Q43865	http://www.wikidata.org/entity/Q4727509
https://ehkultura.wikibase.cloud/entity/Q43652	http://www.wikidata.org/entity/Q5402884
https://ehkultura.wikibase.cloud/entity/Q44009	http://www.wikidata.org/entity/Q5369046
https://ehkultura.wikibase.cloud/entity/Q43649	http://www.wikidata.org/entity/Q5873378
https://ehkultura.wikibase.cloud/entity/Q43743	http://www.wikidata.org/entity/Q6165380
https://ehkultura.wikibase.cloud/entity/Q44242	http://www.wikidata.org/entity/Q6377059
https://ehkultura.wikibase.cloud/entity/Q43843	http://www.wikidata.org/entity/Q7052732
https://ehkultura.wikibase.cloud/entity/Q44139	http://www.wikidata.org/entity/Q7043020
https://ehkultura.wikibase.cloud/entity/Q44258	http://www.wikidata.org/entity/Q8027016
https://ehkultura.wikibase.cloud/entity/Q43697	http://www.wikidata.org/entity/Q11921762
https://ehkultura.wikibase.cloud/entity/Q43742	http://www.wikidata.org/entity/Q11929506
https://ehkultura.wikibase.cloud/entity/Q43927	http://www.wikidata.org/entity/Q12059300
https://ehkultura.wikibase.cloud/entity/Q44060	http://www.wikidata.org/entity/Q15451113
https://ehkultura.wikibase.cloud/entity/Q43961	http://www.wikidata.org/entity/Q17353218
https://ehkultura.wikibase.cloud/entity/Q44013	http://www.wikidata.org/entity/Q19863231
https://ehkultura.wikibase.cloud/entity/Q43990	http://www.wikidata.org/entity/Q20535974
https://ehkultura.wikibase.cloud/entity/Q44249	http://www.wikidata.org/entity/Q21003402
https://ehkultura.wikibase.cloud/entity/Q43817	http://www.wikidata.org/entity/Q22133057
https://ehkultura.wikibase.cloud/entity/Q43943	http://www.wikidata.org/entity/Q22669229
https://ehkultura.wikibase.cloud/entity/Q43770	http://www.wikidata.org/entity/Q29617737
https://ehkultura.wikibase.cloud/entity/Q43648	http://www.wikidata.org/entity/Q41895996
https://ehkultura.wikibase.cloud/entity/Q43740	http://www.wikidata.org/entity/Q47119908
https://ehkultura.wikibase.cloud/entity/Q43741	http://www.wikidata.org/entity/Q50808126
https://ehkultura.wikibase.cloud/entity/Q44257	http://www.wikidata.org/entity/Q52151093
https://ehkultura.wikibase.cloud/entity/Q44205	http://www.wikidata.org/entity/Q55892589
https://ehkultura.wikibase.cloud/entity/Q43968	http://www.wikidata.org/entity/Q55999046
https://ehkultura.wikibase.cloud/entity/Q44069	http://www.wikidata.org/entity/Q56604293
https://ehkultura.wikibase.cloud/entity/Q44099	http://www.wikidata.org/entity/Q58839682
https://ehkultura.wikibase.cloud/entity/Q43981	http://www.wikidata.org/entity/Q66125826
https://ehkultura.wikibase.cloud/entity/Q44117	http://www.wikidata.org/entity/Q89711174
https://ehkultura.wikibase.cloud/entity/Q43949	http://www.wikidata.org/entity/Q94399472
https://ehkultura.wikibase.cloud/entity/Q44250	http://www.wikidata.org/entity/Q94842841
https://ehkultura.wikibase.cloud/entity/Q43836	http://www.wikidata.org/entity/Q98831174
https://ehkultura.wikibase.cloud/entity/Q44181	http://www.wikidata.org/entity/Q99389943
https://ehkultura.wikibase.cloud/entity/Q43638	http://www.wikidata.org/entity/Q101161685
https://ehkultura.wikibase.cloud/entity/Q44274	http://www.wikidata.org/entity/Q104563278
https://ehkultura.wikibase.cloud/entity/Q43976	http://www.wikidata.org/entity/Q106472216
https://ehkultura.wikibase.cloud/entity/Q43800	http://www.wikidata.org/entity/Q106771468
https://ehkultura.wikibase.cloud/entity/Q44275	http://www.wikidata.org/entity/Q107264867
https://ehkultura.wikibase.cloud/entity/Q43719	http://www.wikidata.org/entity/Q109607028
https://ehkultura.wikibase.cloud/entity/Q43883	http://www.wikidata.org/entity/Q110223623
https://ehkultura.wikibase.cloud/entity/Q44161	http://www.wikidata.org/entity/Q110863065
https://ehkultura.wikibase.cloud/entity/Q43923	http://www.wikidata.org/entity/Q112467937
https://ehkultura.wikibase.cloud/entity/Q43758	http://www.wikidata.org/entity/Q112525128
https://ehkultura.wikibase.cloud/entity/Q44172	http://www.wikidata.org/entity/Q112460911
https://ehkultura.wikibase.cloud/entity/Q44255	http://www.wikidata.org/entity/Q112614527
https://ehkultura.wikibase.cloud/entity/Q44125	http://www.wikidata.org/entity/Q116946816
https://ehkultura.wikibase.cloud/entity/Q43666	http://www.wikidata.org/entity/Q118817822
https://ehkultura.wikibase.cloud/entity/Q43813	http://www.wikidata.org/entity/Q118829570
https://ehkultura.wikibase.cloud/entity/Q44234	http://www.wikidata.org/entity/Q124636185
https://ehkultura.wikibase.cloud/entity/Q44287	http://www.wikidata.org/entity/Q125746783
https://ehkultura.wikibase.cloud/entity/Q43978	http://www.wikidata.org/entity/Q126599282
https://ehkultura.wikibase.cloud/entity/Q43734	http://www.wikidata.org/entity/Q127384907
https://ehkultura.wikibase.cloud/entity/Q44137	http://www.wikidata.org/entity/Q130254359
https://ehkultura.wikibase.cloud/entity/Q43977	http://www.wikidata.org/entity/Q11812
https://ehkultura.wikibase.cloud/entity/Q43906	http://www.wikidata.org/entity/Q35149
https://ehkultura.wikibase.cloud/entity/Q44177	http://www.wikidata.org/entity/Q57619
https://ehkultura.wikibase.cloud/entity/Q24108	http://www.wikidata.org/entity/Q175078
https://ehkultura.wikibase.cloud/entity/Q23734	http://www.wikidata.org/entity/Q459421
https://ehkultura.wikibase.cloud/entity/Q24620	http://www.wikidata.org/entity/Q379992
https://ehkultura.wikibase.cloud/entity/Q24305	http://www.wikidata.org/entity/Q1938126
https://ehkultura.wikibase.cloud/entity/Q35305	http://www.wikidata.org/entity/Q242399
https://ehkultura.wikibase.cloud/entity/Q23956	http://www.wikidata.org/entity/Q4768380
https://ehkultura.wikibase.cloud/entity/Q24494	http://www.wikidata.org/entity/Q7612856
https://ehkultura.wikibase.cloud/entity/Q24627	http://www.wikidata.org/entity/Q11912465
https://ehkultura.wikibase.cloud/entity/Q24591	http://www.wikidata.org/entity/Q16299802
https://ehkultura.wikibase.cloud/entity/Q24680	http://www.wikidata.org/entity/Q19863329
https://ehkultura.wikibase.cloud/entity/Q23947	http://www.wikidata.org/entity/Q21264031
https://ehkultura.wikibase.cloud/entity/Q24648	http://www.wikidata.org/entity/Q56562607
https://ehkultura.wikibase.cloud/entity/Q24651	http://www.wikidata.org/entity/Q61146550
https://ehkultura.wikibase.cloud/entity/Q24512	http://www.wikidata.org/entity/Q75465150
https://ehkultura.wikibase.cloud/entity/Q24635	http://www.wikidata.org/entity/Q95349767
https://ehkultura.wikibase.cloud/entity/Q24515	http://www.wikidata.org/entity/Q99495045
https://ehkultura.wikibase.cloud/entity/Q24629	http://www.wikidata.org/entity/Q99558317
https://ehkultura.wikibase.cloud/entity/Q24678	http://www.wikidata.org/entity/Q105659259
https://ehkultura.wikibase.cloud/entity/Q23759	http://www.wikidata.org/entity/Q111901470
https://ehkultura.wikibase.cloud/entity/Q23880	http://www.wikidata.org/entity/Q112502069
https://ehkultura.wikibase.cloud/entity/Q24568	http://www.wikidata.org/entity/Q112414511
https://ehkultura.wikibase.cloud/entity/Q24586	http://www.wikidata.org/entity/Q112412017
https://ehkultura.wikibase.cloud/entity/Q24545	http://www.wikidata.org/entity/Q113397951
https://ehkultura.wikibase.cloud/entity/Q24699	http://www.wikidata.org/entity/Q113637654
https://ehkultura.wikibase.cloud/entity/Q24560	http://www.wikidata.org/entity/Q113735794
https://ehkultura.wikibase.cloud/entity/Q24269	http://www.wikidata.org/entity/Q138969129
https://ehkultura.wikibase.cloud/entity/Q23935	http://www.wikidata.org/entity/Q139309471
https://ehkultura.wikibase.cloud/entity/Q24002	http://www.wikidata.org/entity/Q139502491
https://ehkultura.wikibase.cloud/entity/Q37020	http://www.wikidata.org/entity/Q73085
https://ehkultura.wikibase.cloud/entity/Q36814	http://www.wikidata.org/entity/Q123507
https://ehkultura.wikibase.cloud/entity/Q36766	http://www.wikidata.org/entity/Q164720
https://ehkultura.wikibase.cloud/entity/Q37194	http://www.wikidata.org/entity/Q123409
https://ehkultura.wikibase.cloud/entity/Q37010	http://www.wikidata.org/entity/Q171344
https://ehkultura.wikibase.cloud/entity/Q37106	http://www.wikidata.org/entity/Q159758
https://ehkultura.wikibase.cloud/entity/Q36940	http://www.wikidata.org/entity/Q225927
https://ehkultura.wikibase.cloud/entity/Q36986	http://www.wikidata.org/entity/Q261562
https://ehkultura.wikibase.cloud/entity/Q36786	http://www.wikidata.org/entity/Q317256
https://ehkultura.wikibase.cloud/entity/Q36819	http://www.wikidata.org/entity/Q319569
https://ehkultura.wikibase.cloud/entity/Q37060	http://www.wikidata.org/entity/Q382329
https://ehkultura.wikibase.cloud/entity/Q37174	http://www.wikidata.org/entity/Q449575
https://ehkultura.wikibase.cloud/entity/Q36888	http://www.wikidata.org/entity/Q535415
https://ehkultura.wikibase.cloud/entity/Q37293	http://www.wikidata.org/entity/Q454336
https://ehkultura.wikibase.cloud/entity/Q37119	http://www.wikidata.org/entity/Q517259
https://ehkultura.wikibase.cloud/entity/Q37043	http://www.wikidata.org/entity/Q556530
https://ehkultura.wikibase.cloud/entity/Q37181	http://www.wikidata.org/entity/Q599657
https://ehkultura.wikibase.cloud/entity/Q37008	http://www.wikidata.org/entity/Q772733
https://ehkultura.wikibase.cloud/entity/Q37220	http://www.wikidata.org/entity/Q738544
https://ehkultura.wikibase.cloud/entity/Q36761	http://www.wikidata.org/entity/Q943181
https://ehkultura.wikibase.cloud/entity/Q37146	http://www.wikidata.org/entity/Q920901
https://ehkultura.wikibase.cloud/entity/Q37185	http://www.wikidata.org/entity/Q1103557
https://ehkultura.wikibase.cloud/entity/Q37227	http://www.wikidata.org/entity/Q1239329
https://ehkultura.wikibase.cloud/entity/Q36938	http://www.wikidata.org/entity/Q1356269
https://ehkultura.wikibase.cloud/entity/Q36939	http://www.wikidata.org/entity/Q1363990
https://ehkultura.wikibase.cloud/entity/Q36920	http://www.wikidata.org/entity/Q1441657
https://ehkultura.wikibase.cloud/entity/Q37231	http://www.wikidata.org/entity/Q1506300
https://ehkultura.wikibase.cloud/entity/Q36752	http://www.wikidata.org/entity/Q1635758
https://ehkultura.wikibase.cloud/entity/Q36873	http://www.wikidata.org/entity/Q1871355
https://ehkultura.wikibase.cloud/entity/Q37225	http://www.wikidata.org/entity/Q2896557
https://ehkultura.wikibase.cloud/entity/Q37110	http://www.wikidata.org/entity/Q3014753
https://ehkultura.wikibase.cloud/entity/Q36825	http://www.wikidata.org/entity/Q3132928
https://ehkultura.wikibase.cloud/entity/Q36764	http://www.wikidata.org/entity/Q3167817
https://ehkultura.wikibase.cloud/entity/Q37002	http://www.wikidata.org/entity/Q3121400
https://ehkultura.wikibase.cloud/entity/Q37096	http://www.wikidata.org/entity/Q3173595
https://ehkultura.wikibase.cloud/entity/Q37039	http://www.wikidata.org/entity/Q3266842
https://ehkultura.wikibase.cloud/entity/Q36947	http://www.wikidata.org/entity/Q3360006
https://ehkultura.wikibase.cloud/entity/Q36831	http://www.wikidata.org/entity/Q3741992
https://ehkultura.wikibase.cloud/entity/Q36779	http://www.wikidata.org/entity/Q5226320
https://ehkultura.wikibase.cloud/entity/Q37165	http://www.wikidata.org/entity/Q5271253
https://ehkultura.wikibase.cloud/entity/Q37034	http://www.wikidata.org/entity/Q5791887
https://ehkultura.wikibase.cloud/entity/Q37261	http://www.wikidata.org/entity/Q5833890
https://ehkultura.wikibase.cloud/entity/Q36868	http://www.wikidata.org/entity/Q6090737
https://ehkultura.wikibase.cloud/entity/Q37286	http://www.wikidata.org/entity/Q6104548
https://ehkultura.wikibase.cloud/entity/Q36997	http://www.wikidata.org/entity/Q6778443
https://ehkultura.wikibase.cloud/entity/Q36841	http://www.wikidata.org/entity/Q11927957
https://ehkultura.wikibase.cloud/entity/Q36916	http://www.wikidata.org/entity/Q12267401
https://ehkultura.wikibase.cloud/entity/Q36962	http://www.wikidata.org/entity/Q12318701
https://ehkultura.wikibase.cloud/entity/Q37270	http://www.wikidata.org/entity/Q12386991
https://ehkultura.wikibase.cloud/entity/Q37044	http://www.wikidata.org/entity/Q13732604
https://ehkultura.wikibase.cloud/entity/Q37090	http://www.wikidata.org/entity/Q14806314
https://ehkultura.wikibase.cloud/entity/Q37021	http://www.wikidata.org/entity/Q16018188
https://ehkultura.wikibase.cloud/entity/Q36963	http://www.wikidata.org/entity/Q17033452
https://ehkultura.wikibase.cloud/entity/Q36936	http://www.wikidata.org/entity/Q17421621
https://ehkultura.wikibase.cloud/entity/Q36768	http://www.wikidata.org/entity/Q19997542
https://ehkultura.wikibase.cloud/entity/Q37124	http://www.wikidata.org/entity/Q20684269
https://ehkultura.wikibase.cloud/entity/Q37086	http://www.wikidata.org/entity/Q22236054
https://ehkultura.wikibase.cloud/entity/Q36872	http://www.wikidata.org/entity/Q22570058
https://ehkultura.wikibase.cloud/entity/Q36928	http://www.wikidata.org/entity/Q23893305
https://ehkultura.wikibase.cloud/entity/Q37243	http://www.wikidata.org/entity/Q24206237
https://ehkultura.wikibase.cloud/entity/Q37148	http://www.wikidata.org/entity/Q28868989
https://ehkultura.wikibase.cloud/entity/Q36793	http://www.wikidata.org/entity/Q38134266
https://ehkultura.wikibase.cloud/entity/Q36925	http://www.wikidata.org/entity/Q55769407
https://ehkultura.wikibase.cloud/entity/Q37166	http://www.wikidata.org/entity/Q55990465
https://ehkultura.wikibase.cloud/entity/Q37153	http://www.wikidata.org/entity/Q58816153
https://ehkultura.wikibase.cloud/entity/Q37203	http://www.wikidata.org/entity/Q59526730
https://ehkultura.wikibase.cloud/entity/Q37137	http://www.wikidata.org/entity/Q61481708
https://ehkultura.wikibase.cloud/entity/Q36983	http://www.wikidata.org/entity/Q63038604
https://ehkultura.wikibase.cloud/entity/Q36867	http://www.wikidata.org/entity/Q65116719
https://ehkultura.wikibase.cloud/entity/Q37076	http://www.wikidata.org/entity/Q68906557
https://ehkultura.wikibase.cloud/entity/Q37269	http://www.wikidata.org/entity/Q69872563
https://ehkultura.wikibase.cloud/entity/Q36998	http://www.wikidata.org/entity/Q70744960
https://ehkultura.wikibase.cloud/entity/Q37195	http://www.wikidata.org/entity/Q77353951
https://ehkultura.wikibase.cloud/entity/Q37104	http://www.wikidata.org/entity/Q82790314
https://ehkultura.wikibase.cloud/entity/Q36886	http://www.wikidata.org/entity/Q93433239
https://ehkultura.wikibase.cloud/entity/Q37100	http://www.wikidata.org/entity/Q93435619
https://ehkultura.wikibase.cloud/entity/Q37218	http://www.wikidata.org/entity/Q95340234
https://ehkultura.wikibase.cloud/entity/Q37025	http://www.wikidata.org/entity/Q95748749
https://ehkultura.wikibase.cloud/entity/Q37099	http://www.wikidata.org/entity/Q95763444
https://ehkultura.wikibase.cloud/entity/Q37121	http://www.wikidata.org/entity/Q95877411
https://ehkultura.wikibase.cloud/entity/Q36857	http://www.wikidata.org/entity/Q97015209
https://ehkultura.wikibase.cloud/entity/Q36982	http://www.wikidata.org/entity/Q98626055
https://ehkultura.wikibase.cloud/entity/Q37041	http://www.wikidata.org/entity/Q101014446
https://ehkultura.wikibase.cloud/entity/Q37102	http://www.wikidata.org/entity/Q105798032
https://ehkultura.wikibase.cloud/entity/Q37292	http://www.wikidata.org/entity/Q112464329
https://ehkultura.wikibase.cloud/entity/Q37068	http://www.wikidata.org/entity/Q112540240
https://ehkultura.wikibase.cloud/entity/Q37092	http://www.wikidata.org/entity/Q113128921
https://ehkultura.wikibase.cloud/entity/Q37209	http://www.wikidata.org/entity/Q113779095
https://ehkultura.wikibase.cloud/entity/Q36839	http://www.wikidata.org/entity/Q118811368
https://ehkultura.wikibase.cloud/entity/Q37069	http://www.wikidata.org/entity/Q118829002
https://ehkultura.wikibase.cloud/entity/Q36826	http://www.wikidata.org/entity/Q124556516
https://ehkultura.wikibase.cloud/entity/Q36772	http://www.wikidata.org/entity/Q124849418
https://ehkultura.wikibase.cloud/entity/Q36796	http://www.wikidata.org/entity/Q125300156
https://ehkultura.wikibase.cloud/entity/Q37237	http://www.wikidata.org/entity/Q130534626
https://ehkultura.wikibase.cloud/entity/Q36981	http://www.wikidata.org/entity/Q133443825
https://ehkultura.wikibase.cloud/entity/Q37040	http://www.wikidata.org/entity/Q133685965
https://ehkultura.wikibase.cloud/entity/Q36860	http://www.wikidata.org/entity/Q136713553
https://ehkultura.wikibase.cloud/entity/Q36877	http://www.wikidata.org/entity/Q138006133
https://ehkultura.wikibase.cloud/entity/Q35112	http://www.wikidata.org/entity/Q535334
https://ehkultura.wikibase.cloud/entity/Q35101	http://www.wikidata.org/entity/Q690693
https://ehkultura.wikibase.cloud/entity/Q42907	http://www.wikidata.org/entity/Q104353
https://ehkultura.wikibase.cloud/entity/Q42957	http://www.wikidata.org/entity/Q150471
https://ehkultura.wikibase.cloud/entity/Q42865	http://www.wikidata.org/entity/Q187683
https://ehkultura.wikibase.cloud/entity/Q43629	http://www.wikidata.org/entity/Q69562
https://ehkultura.wikibase.cloud/entity/Q43557	http://www.wikidata.org/entity/Q450663
https://ehkultura.wikibase.cloud/entity/Q43017	http://www.wikidata.org/entity/Q685730
https://ehkultura.wikibase.cloud/entity/Q43052	http://www.wikidata.org/entity/Q727416
https://ehkultura.wikibase.cloud/entity/Q43226	http://www.wikidata.org/entity/Q1329611
https://ehkultura.wikibase.cloud/entity/Q43293	http://www.wikidata.org/entity/Q1545112
https://ehkultura.wikibase.cloud/entity/Q43291	http://www.wikidata.org/entity/Q1581482
https://ehkultura.wikibase.cloud/entity/Q43150	http://www.wikidata.org/entity/Q1936854
https://ehkultura.wikibase.cloud/entity/Q43347	http://www.wikidata.org/entity/Q2001713
https://ehkultura.wikibase.cloud/entity/Q43087	http://www.wikidata.org/entity/Q2154642
https://ehkultura.wikibase.cloud/entity/Q43059	http://www.wikidata.org/entity/Q2315504
https://ehkultura.wikibase.cloud/entity/Q43551	http://www.wikidata.org/entity/Q2283717
https://ehkultura.wikibase.cloud/entity/Q43553	http://www.wikidata.org/entity/Q2408358
https://ehkultura.wikibase.cloud/entity/Q42798	http://www.wikidata.org/entity/Q2585256
https://ehkultura.wikibase.cloud/entity/Q42941	http://www.wikidata.org/entity/Q2633582
https://ehkultura.wikibase.cloud/entity/Q42873	http://www.wikidata.org/entity/Q2890998
https://ehkultura.wikibase.cloud/entity/Q43123	http://www.wikidata.org/entity/Q2926498
https://ehkultura.wikibase.cloud/entity/Q43062	http://www.wikidata.org/entity/Q3086521
https://ehkultura.wikibase.cloud/entity/Q43207	http://www.wikidata.org/entity/Q3187419
https://ehkultura.wikibase.cloud/entity/Q42853	http://www.wikidata.org/entity/Q3317303
https://ehkultura.wikibase.cloud/entity/Q42994	http://www.wikidata.org/entity/Q3295114
https://ehkultura.wikibase.cloud/entity/Q43148	http://www.wikidata.org/entity/Q3367597
https://ehkultura.wikibase.cloud/entity/Q43310	http://www.wikidata.org/entity/Q3335093
https://ehkultura.wikibase.cloud/entity/Q43610	http://www.wikidata.org/entity/Q3387211
https://ehkultura.wikibase.cloud/entity/Q43099	http://www.wikidata.org/entity/Q3737829
https://ehkultura.wikibase.cloud/entity/Q43336	http://www.wikidata.org/entity/Q3811173
https://ehkultura.wikibase.cloud/entity/Q43046	http://www.wikidata.org/entity/Q4202197
https://ehkultura.wikibase.cloud/entity/Q43604	http://www.wikidata.org/entity/Q4188282
https://ehkultura.wikibase.cloud/entity/Q42945	http://www.wikidata.org/entity/Q4889596
https://ehkultura.wikibase.cloud/entity/Q43041	http://www.wikidata.org/entity/Q4967257
https://ehkultura.wikibase.cloud/entity/Q43061	http://www.wikidata.org/entity/Q4974126
https://ehkultura.wikibase.cloud/entity/Q42889	http://www.wikidata.org/entity/Q5053516
https://ehkultura.wikibase.cloud/entity/Q42884	http://www.wikidata.org/entity/Q5082341
https://ehkultura.wikibase.cloud/entity/Q42915	http://www.wikidata.org/entity/Q5568956
https://ehkultura.wikibase.cloud/entity/Q43285	http://www.wikidata.org/entity/Q5674051
https://ehkultura.wikibase.cloud/entity/Q43192	http://www.wikidata.org/entity/Q6172682
https://ehkultura.wikibase.cloud/entity/Q43601	http://www.wikidata.org/entity/Q6090803
https://ehkultura.wikibase.cloud/entity/Q43324	http://www.wikidata.org/entity/Q6514403
https://ehkultura.wikibase.cloud/entity/Q43357	http://www.wikidata.org/entity/Q6761455
https://ehkultura.wikibase.cloud/entity/Q42958	http://www.wikidata.org/entity/Q9025180
https://ehkultura.wikibase.cloud/entity/Q43323	http://www.wikidata.org/entity/Q11944703
https://ehkultura.wikibase.cloud/entity/Q43409	http://www.wikidata.org/entity/Q12263156
https://ehkultura.wikibase.cloud/entity/Q42913	http://www.wikidata.org/entity/Q15441486
https://ehkultura.wikibase.cloud/entity/Q43049	http://www.wikidata.org/entity/Q17154862
https://ehkultura.wikibase.cloud/entity/Q43251	http://www.wikidata.org/entity/Q19594413
https://ehkultura.wikibase.cloud/entity/Q43121	http://www.wikidata.org/entity/Q20005821
https://ehkultura.wikibase.cloud/entity/Q42952	http://www.wikidata.org/entity/Q21832760
https://ehkultura.wikibase.cloud/entity/Q42910	http://www.wikidata.org/entity/Q22237588
https://ehkultura.wikibase.cloud/entity/Q43143	http://www.wikidata.org/entity/Q22279647
https://ehkultura.wikibase.cloud/entity/Q43233	http://www.wikidata.org/entity/Q23007385
https://ehkultura.wikibase.cloud/entity/Q43236	http://www.wikidata.org/entity/Q24251080
https://ehkultura.wikibase.cloud/entity/Q43349	http://www.wikidata.org/entity/Q24284603
https://ehkultura.wikibase.cloud/entity/Q43428	http://www.wikidata.org/entity/Q26133495
https://ehkultura.wikibase.cloud/entity/Q42866	http://www.wikidata.org/entity/Q26758639
https://ehkultura.wikibase.cloud/entity/Q42821	http://www.wikidata.org/entity/Q27062019
https://ehkultura.wikibase.cloud/entity/Q43115	http://www.wikidata.org/entity/Q30034958
https://ehkultura.wikibase.cloud/entity/Q43627	http://www.wikidata.org/entity/Q43136355
https://ehkultura.wikibase.cloud/entity/Q42833	http://www.wikidata.org/entity/Q50650116
https://ehkultura.wikibase.cloud/entity/Q43035	http://www.wikidata.org/entity/Q55687262
https://ehkultura.wikibase.cloud/entity/Q43162	http://www.wikidata.org/entity/Q55688246
https://ehkultura.wikibase.cloud/entity/Q43053	http://www.wikidata.org/entity/Q55990974
https://ehkultura.wikibase.cloud/entity/Q43321	http://www.wikidata.org/entity/Q55945540
https://ehkultura.wikibase.cloud/entity/Q43378	http://www.wikidata.org/entity/Q59532604
https://ehkultura.wikibase.cloud/entity/Q42863	http://www.wikidata.org/entity/Q62078017
https://ehkultura.wikibase.cloud/entity/Q43216	http://www.wikidata.org/entity/Q63455988
https://ehkultura.wikibase.cloud/entity/Q43484	http://www.wikidata.org/entity/Q93431215
https://ehkultura.wikibase.cloud/entity/Q43603	http://www.wikidata.org/entity/Q94417965
https://ehkultura.wikibase.cloud/entity/Q43352	http://www.wikidata.org/entity/Q95190902
https://ehkultura.wikibase.cloud/entity/Q43210	http://www.wikidata.org/entity/Q95338127
https://ehkultura.wikibase.cloud/entity/Q43427	http://www.wikidata.org/entity/Q95753547
https://ehkultura.wikibase.cloud/entity/Q43006	http://www.wikidata.org/entity/Q95878668
https://ehkultura.wikibase.cloud/entity/Q43151	http://www.wikidata.org/entity/Q95901070
https://ehkultura.wikibase.cloud/entity/Q42800	http://www.wikidata.org/entity/Q96625337
https://ehkultura.wikibase.cloud/entity/Q43103	http://www.wikidata.org/entity/Q99454799
https://ehkultura.wikibase.cloud/entity/Q43287	http://www.wikidata.org/entity/Q99619703
https://ehkultura.wikibase.cloud/entity/Q43215	http://www.wikidata.org/entity/Q106619783
https://ehkultura.wikibase.cloud/entity/Q43175	http://www.wikidata.org/entity/Q110317400
https://ehkultura.wikibase.cloud/entity/Q42878	http://www.wikidata.org/entity/Q110418165
https://ehkultura.wikibase.cloud/entity/Q43503	http://www.wikidata.org/entity/Q110420598
https://ehkultura.wikibase.cloud/entity/Q43212	http://www.wikidata.org/entity/Q111496489
https://ehkultura.wikibase.cloud/entity/Q43326	http://www.wikidata.org/entity/Q112068355
https://ehkultura.wikibase.cloud/entity/Q43394	http://www.wikidata.org/entity/Q112382780
https://ehkultura.wikibase.cloud/entity/Q43200	http://www.wikidata.org/entity/Q112466116
https://ehkultura.wikibase.cloud/entity/Q43304	http://www.wikidata.org/entity/Q112445287
https://ehkultura.wikibase.cloud/entity/Q43051	http://www.wikidata.org/entity/Q112538253
https://ehkultura.wikibase.cloud/entity/Q43201	http://www.wikidata.org/entity/Q112549579
https://ehkultura.wikibase.cloud/entity/Q43618	http://www.wikidata.org/entity/Q112565663
https://ehkultura.wikibase.cloud/entity/Q43631	http://www.wikidata.org/entity/Q113778177
https://ehkultura.wikibase.cloud/entity/Q43611	http://www.wikidata.org/entity/Q113791938
https://ehkultura.wikibase.cloud/entity/Q43076	http://www.wikidata.org/entity/Q116817950
https://ehkultura.wikibase.cloud/entity/Q43574	http://www.wikidata.org/entity/Q117126929
https://ehkultura.wikibase.cloud/entity/Q42924	http://www.wikidata.org/entity/Q118816950
https://ehkultura.wikibase.cloud/entity/Q43345	http://www.wikidata.org/entity/Q124849677
https://ehkultura.wikibase.cloud/entity/Q43552	http://www.wikidata.org/entity/Q124848233
https://ehkultura.wikibase.cloud/entity/Q43587	http://www.wikidata.org/entity/Q37060
https://ehkultura.wikibase.cloud/entity/Q44602	http://www.wikidata.org/entity/Q76727
https://ehkultura.wikibase.cloud/entity/Q44360	http://www.wikidata.org/entity/Q263730
https://ehkultura.wikibase.cloud/entity/Q44733	http://www.wikidata.org/entity/Q233957
https://ehkultura.wikibase.cloud/entity/Q44315	http://www.wikidata.org/entity/Q340452
https://ehkultura.wikibase.cloud/entity/Q44498	http://www.wikidata.org/entity/Q354634
https://ehkultura.wikibase.cloud/entity/Q44669	http://www.wikidata.org/entity/Q366243
https://ehkultura.wikibase.cloud/entity/Q44459	http://www.wikidata.org/entity/Q471184
https://ehkultura.wikibase.cloud/entity/Q44611	http://www.wikidata.org/entity/Q594046
https://ehkultura.wikibase.cloud/entity/Q44443	http://www.wikidata.org/entity/Q768731
https://ehkultura.wikibase.cloud/entity/Q44543	http://www.wikidata.org/entity/Q912432
https://ehkultura.wikibase.cloud/entity/Q44474	http://www.wikidata.org/entity/Q1066442
https://ehkultura.wikibase.cloud/entity/Q44312	http://www.wikidata.org/entity/Q1897430
https://ehkultura.wikibase.cloud/entity/Q44412	http://www.wikidata.org/entity/Q2350417
https://ehkultura.wikibase.cloud/entity/Q44506	http://www.wikidata.org/entity/Q2395847
https://ehkultura.wikibase.cloud/entity/Q44542	http://www.wikidata.org/entity/Q3033418
https://ehkultura.wikibase.cloud/entity/Q44617	http://www.wikidata.org/entity/Q3090095
https://ehkultura.wikibase.cloud/entity/Q44562	http://www.wikidata.org/entity/Q3365481
https://ehkultura.wikibase.cloud/entity/Q44640	http://www.wikidata.org/entity/Q3438375
https://ehkultura.wikibase.cloud/entity/Q44668	http://www.wikidata.org/entity/Q3927862
https://ehkultura.wikibase.cloud/entity/Q44577	http://www.wikidata.org/entity/Q4583382
https://ehkultura.wikibase.cloud/entity/Q44503	http://www.wikidata.org/entity/Q5400373
https://ehkultura.wikibase.cloud/entity/Q44626	http://www.wikidata.org/entity/Q5621487
https://ehkultura.wikibase.cloud/entity/Q44723	http://www.wikidata.org/entity/Q5700345
https://ehkultura.wikibase.cloud/entity/Q44462	http://www.wikidata.org/entity/Q5919986
https://ehkultura.wikibase.cloud/entity/Q44523	http://www.wikidata.org/entity/Q5932757
https://ehkultura.wikibase.cloud/entity/Q44510	http://www.wikidata.org/entity/Q6185991
https://ehkultura.wikibase.cloud/entity/Q44484	http://www.wikidata.org/entity/Q6781083
https://ehkultura.wikibase.cloud/entity/Q44488	http://www.wikidata.org/entity/Q8351787
https://ehkultura.wikibase.cloud/entity/Q44575	http://www.wikidata.org/entity/Q11705063
https://ehkultura.wikibase.cloud/entity/Q44344	http://www.wikidata.org/entity/Q11933657
https://ehkultura.wikibase.cloud/entity/Q44413	http://www.wikidata.org/entity/Q13528356
https://ehkultura.wikibase.cloud/entity/Q44691	http://www.wikidata.org/entity/Q15696621
https://ehkultura.wikibase.cloud/entity/Q44610	http://www.wikidata.org/entity/Q16517245
https://ehkultura.wikibase.cloud/entity/Q44682	http://www.wikidata.org/entity/Q16614835
https://ehkultura.wikibase.cloud/entity/Q44620	http://www.wikidata.org/entity/Q16733818
https://ehkultura.wikibase.cloud/entity/Q44501	http://www.wikidata.org/entity/Q19594393
https://ehkultura.wikibase.cloud/entity/Q44386	http://www.wikidata.org/entity/Q19665343
https://ehkultura.wikibase.cloud/entity/Q44393	http://www.wikidata.org/entity/Q22930364
https://ehkultura.wikibase.cloud/entity/Q44517	http://www.wikidata.org/entity/Q29344980
https://ehkultura.wikibase.cloud/entity/Q44507	http://www.wikidata.org/entity/Q41635676
https://ehkultura.wikibase.cloud/entity/Q44522	http://www.wikidata.org/entity/Q43132190
https://ehkultura.wikibase.cloud/entity/Q44349	http://www.wikidata.org/entity/Q50649981
https://ehkultura.wikibase.cloud/entity/Q44403	http://www.wikidata.org/entity/Q55687271
https://ehkultura.wikibase.cloud/entity/Q44734	http://www.wikidata.org/entity/Q55988518
https://ehkultura.wikibase.cloud/entity/Q44389	http://www.wikidata.org/entity/Q56236197
https://ehkultura.wikibase.cloud/entity/Q44314	http://www.wikidata.org/entity/Q57454095
https://ehkultura.wikibase.cloud/entity/Q44635	http://www.wikidata.org/entity/Q60053777
https://ehkultura.wikibase.cloud/entity/Q44375	http://www.wikidata.org/entity/Q64759370
https://ehkultura.wikibase.cloud/entity/Q44714	http://www.wikidata.org/entity/Q75886007
https://ehkultura.wikibase.cloud/entity/Q44391	http://www.wikidata.org/entity/Q76109843
https://ehkultura.wikibase.cloud/entity/Q44702	http://www.wikidata.org/entity/Q80484744
https://ehkultura.wikibase.cloud/entity/Q44750	http://www.wikidata.org/entity/Q88770306
https://ehkultura.wikibase.cloud/entity/Q44310	http://www.wikidata.org/entity/Q93372962
https://ehkultura.wikibase.cloud/entity/Q44348	http://www.wikidata.org/entity/Q93432132
https://ehkultura.wikibase.cloud/entity/Q44442	http://www.wikidata.org/entity/Q93412931
https://ehkultura.wikibase.cloud/entity/Q44572	http://www.wikidata.org/entity/Q93387463
https://ehkultura.wikibase.cloud/entity/Q44541	http://www.wikidata.org/entity/Q93435816
https://ehkultura.wikibase.cloud/entity/Q44469	http://www.wikidata.org/entity/Q94403924
https://ehkultura.wikibase.cloud/entity/Q44737	http://www.wikidata.org/entity/Q95672338
https://ehkultura.wikibase.cloud/entity/Q44607	http://www.wikidata.org/entity/Q95819130
https://ehkultura.wikibase.cloud/entity/Q44550	http://www.wikidata.org/entity/Q105969667
https://ehkultura.wikibase.cloud/entity/Q44511	http://www.wikidata.org/entity/Q108791295
https://ehkultura.wikibase.cloud/entity/Q44453	http://www.wikidata.org/entity/Q112438871
https://ehkultura.wikibase.cloud/entity/Q44437	http://www.wikidata.org/entity/Q112473488
https://ehkultura.wikibase.cloud/entity/Q44619	http://www.wikidata.org/entity/Q115122733
https://ehkultura.wikibase.cloud/entity/Q44741	http://www.wikidata.org/entity/Q115218487
https://ehkultura.wikibase.cloud/entity/Q44665	http://www.wikidata.org/entity/Q117352533
https://ehkultura.wikibase.cloud/entity/Q44346	http://www.wikidata.org/entity/Q118829000
https://ehkultura.wikibase.cloud/entity/Q44671	http://www.wikidata.org/entity/Q118818235
https://ehkultura.wikibase.cloud/entity/Q44423	http://www.wikidata.org/entity/Q121315119
https://ehkultura.wikibase.cloud/entity/Q44521	http://www.wikidata.org/entity/Q123503679
https://ehkultura.wikibase.cloud/entity/Q42237	http://www.wikidata.org/entity/Q44331
https://ehkultura.wikibase.cloud/entity/Q42340	http://www.wikidata.org/entity/Q41555
https://ehkultura.wikibase.cloud/entity/Q42734	http://www.wikidata.org/entity/Q297
https://ehkultura.wikibase.cloud/entity/Q44468	http://www.wikidata.org/entity/Q125296708
https://ehkultura.wikibase.cloud/entity/Q44713	http://www.wikidata.org/entity/Q131694081
https://ehkultura.wikibase.cloud/entity/Q44388	http://www.wikidata.org/entity/Q4247
https://ehkultura.wikibase.cloud/entity/Q44636	http://www.wikidata.org/entity/Q2022
https://ehkultura.wikibase.cloud/entity/Q42219	http://www.wikidata.org/entity/Q78491
https://ehkultura.wikibase.cloud/entity/Q42173	http://www.wikidata.org/entity/Q116039
https://ehkultura.wikibase.cloud/entity/Q42285	http://www.wikidata.org/entity/Q109084
https://ehkultura.wikibase.cloud/entity/Q42354	http://www.wikidata.org/entity/Q102321
https://ehkultura.wikibase.cloud/entity/Q42361	http://www.wikidata.org/entity/Q119546
https://ehkultura.wikibase.cloud/entity/Q42312	http://www.wikidata.org/entity/Q269585
https://ehkultura.wikibase.cloud/entity/Q42278	http://www.wikidata.org/entity/Q311068
https://ehkultura.wikibase.cloud/entity/Q42134	http://www.wikidata.org/entity/Q353820
https://ehkultura.wikibase.cloud/entity/Q42351	http://www.wikidata.org/entity/Q320877
https://ehkultura.wikibase.cloud/entity/Q42751	http://www.wikidata.org/entity/Q241112
https://ehkultura.wikibase.cloud/entity/Q42753	http://www.wikidata.org/entity/Q292125
https://ehkultura.wikibase.cloud/entity/Q42719	http://www.wikidata.org/entity/Q311428
https://ehkultura.wikibase.cloud/entity/Q42220	http://www.wikidata.org/entity/Q457511
https://ehkultura.wikibase.cloud/entity/Q42229	http://www.wikidata.org/entity/Q568319
https://ehkultura.wikibase.cloud/entity/Q42767	http://www.wikidata.org/entity/Q459431
https://ehkultura.wikibase.cloud/entity/Q42726	http://www.wikidata.org/entity/Q545445
https://ehkultura.wikibase.cloud/entity/Q42121	http://www.wikidata.org/entity/Q763218
https://ehkultura.wikibase.cloud/entity/Q42335	http://www.wikidata.org/entity/Q728489
https://ehkultura.wikibase.cloud/entity/Q42380	http://www.wikidata.org/entity/Q739537
https://ehkultura.wikibase.cloud/entity/Q42760	http://www.wikidata.org/entity/Q828959
https://ehkultura.wikibase.cloud/entity/Q42336	http://www.wikidata.org/entity/Q946250
https://ehkultura.wikibase.cloud/entity/Q42696	http://www.wikidata.org/entity/Q957078
https://ehkultura.wikibase.cloud/entity/Q42366	http://www.wikidata.org/entity/Q1089074
https://ehkultura.wikibase.cloud/entity/Q42429	http://www.wikidata.org/entity/Q1221494
https://ehkultura.wikibase.cloud/entity/Q42290	http://www.wikidata.org/entity/Q1314693
https://ehkultura.wikibase.cloud/entity/Q42283	http://www.wikidata.org/entity/Q1377404
https://ehkultura.wikibase.cloud/entity/Q42289	http://www.wikidata.org/entity/Q1669618
https://ehkultura.wikibase.cloud/entity/Q42637	http://www.wikidata.org/entity/Q1729565
https://ehkultura.wikibase.cloud/entity/Q42576	http://www.wikidata.org/entity/Q2381437
https://ehkultura.wikibase.cloud/entity/Q42713	http://www.wikidata.org/entity/Q2357153
https://ehkultura.wikibase.cloud/entity/Q42357	http://www.wikidata.org/entity/Q2591844
https://ehkultura.wikibase.cloud/entity/Q42327	http://www.wikidata.org/entity/Q2723428
https://ehkultura.wikibase.cloud/entity/Q42347	http://www.wikidata.org/entity/Q2892939
https://ehkultura.wikibase.cloud/entity/Q42569	http://www.wikidata.org/entity/Q2890334
https://ehkultura.wikibase.cloud/entity/Q42255	http://www.wikidata.org/entity/Q3099933
https://ehkultura.wikibase.cloud/entity/Q42739	http://www.wikidata.org/entity/Q3122005
https://ehkultura.wikibase.cloud/entity/Q42606	http://www.wikidata.org/entity/Q3219542
https://ehkultura.wikibase.cloud/entity/Q42234	http://www.wikidata.org/entity/Q3318860
https://ehkultura.wikibase.cloud/entity/Q42188	http://www.wikidata.org/entity/Q3426882
https://ehkultura.wikibase.cloud/entity/Q42326	http://www.wikidata.org/entity/Q3724202
https://ehkultura.wikibase.cloud/entity/Q42508	http://www.wikidata.org/entity/Q3856778
https://ehkultura.wikibase.cloud/entity/Q42490	http://www.wikidata.org/entity/Q5423877
https://ehkultura.wikibase.cloud/entity/Q42221	http://www.wikidata.org/entity/Q5668822
https://ehkultura.wikibase.cloud/entity/Q42510	http://www.wikidata.org/entity/Q5673864
https://ehkultura.wikibase.cloud/entity/Q42568	http://www.wikidata.org/entity/Q5750236
https://ehkultura.wikibase.cloud/entity/Q42748	http://www.wikidata.org/entity/Q5726119
https://ehkultura.wikibase.cloud/entity/Q42590	http://www.wikidata.org/entity/Q5796312
https://ehkultura.wikibase.cloud/entity/Q42560	http://www.wikidata.org/entity/Q6169140
https://ehkultura.wikibase.cloud/entity/Q42498	http://www.wikidata.org/entity/Q6291245
https://ehkultura.wikibase.cloud/entity/Q42302	http://www.wikidata.org/entity/Q6743656
https://ehkultura.wikibase.cloud/entity/Q42570	http://www.wikidata.org/entity/Q7328145
https://ehkultura.wikibase.cloud/entity/Q42725	http://www.wikidata.org/entity/Q7352666
https://ehkultura.wikibase.cloud/entity/Q42149	http://www.wikidata.org/entity/Q7519510
https://ehkultura.wikibase.cloud/entity/Q42678	http://www.wikidata.org/entity/Q8777386
https://ehkultura.wikibase.cloud/entity/Q42174	http://www.wikidata.org/entity/Q9023267
https://ehkultura.wikibase.cloud/entity/Q42636	http://www.wikidata.org/entity/Q9077226
https://ehkultura.wikibase.cloud/entity/Q42373	http://www.wikidata.org/entity/Q11935534
https://ehkultura.wikibase.cloud/entity/Q42360	http://www.wikidata.org/entity/Q11951595
https://ehkultura.wikibase.cloud/entity/Q42406	http://www.wikidata.org/entity/Q12261127
https://ehkultura.wikibase.cloud/entity/Q42673	http://www.wikidata.org/entity/Q15864149
https://ehkultura.wikibase.cloud/entity/Q42512	http://www.wikidata.org/entity/Q16168017
https://ehkultura.wikibase.cloud/entity/Q42337	http://www.wikidata.org/entity/Q16981315
https://ehkultura.wikibase.cloud/entity/Q42141	http://www.wikidata.org/entity/Q19753908
https://ehkultura.wikibase.cloud/entity/Q42355	http://www.wikidata.org/entity/Q19753916
https://ehkultura.wikibase.cloud/entity/Q42470	http://www.wikidata.org/entity/Q20535027
https://ehkultura.wikibase.cloud/entity/Q42537	http://www.wikidata.org/entity/Q24934400
https://ehkultura.wikibase.cloud/entity/Q42601	http://www.wikidata.org/entity/Q27966064
https://ehkultura.wikibase.cloud/entity/Q42749	http://www.wikidata.org/entity/Q29054300
https://ehkultura.wikibase.cloud/entity/Q42356	http://www.wikidata.org/entity/Q30110125
https://ehkultura.wikibase.cloud/entity/Q42494	http://www.wikidata.org/entity/Q30243190
https://ehkultura.wikibase.cloud/entity/Q42443	http://www.wikidata.org/entity/Q33145596
https://ehkultura.wikibase.cloud/entity/Q42625	http://www.wikidata.org/entity/Q33210007
https://ehkultura.wikibase.cloud/entity/Q42129	http://www.wikidata.org/entity/Q35847835
https://ehkultura.wikibase.cloud/entity/Q42389	http://www.wikidata.org/entity/Q55946100
https://ehkultura.wikibase.cloud/entity/Q42789	http://www.wikidata.org/entity/Q59052960
https://ehkultura.wikibase.cloud/entity/Q42362	http://www.wikidata.org/entity/Q62765710
https://ehkultura.wikibase.cloud/entity/Q42747	http://www.wikidata.org/entity/Q64667262
https://ehkultura.wikibase.cloud/entity/Q42130	http://www.wikidata.org/entity/Q77496293
https://ehkultura.wikibase.cloud/entity/Q42377	http://www.wikidata.org/entity/Q93427932
https://ehkultura.wikibase.cloud/entity/Q42363	http://www.wikidata.org/entity/Q95005063
https://ehkultura.wikibase.cloud/entity/Q42454	http://www.wikidata.org/entity/Q99968321
https://ehkultura.wikibase.cloud/entity/Q42684	http://www.wikidata.org/entity/Q104102636
https://ehkultura.wikibase.cloud/entity/Q42765	http://www.wikidata.org/entity/Q108392729
https://ehkultura.wikibase.cloud/entity/Q42431	http://www.wikidata.org/entity/Q109498402
https://ehkultura.wikibase.cloud/entity/Q42721	http://www.wikidata.org/entity/Q111134615
https://ehkultura.wikibase.cloud/entity/Q42657	http://www.wikidata.org/entity/Q112517744
https://ehkultura.wikibase.cloud/entity/Q42493	http://www.wikidata.org/entity/Q112704615
https://ehkultura.wikibase.cloud/entity/Q42728	http://www.wikidata.org/entity/Q115945614
https://ehkultura.wikibase.cloud/entity/Q42607	http://www.wikidata.org/entity/Q117768627
https://ehkultura.wikibase.cloud/entity/Q42142	http://www.wikidata.org/entity/Q118817912
https://ehkultura.wikibase.cloud/entity/Q42263	http://www.wikidata.org/entity/Q118830238
https://ehkultura.wikibase.cloud/entity/Q42259	http://www.wikidata.org/entity/Q120610502
https://ehkultura.wikibase.cloud/entity/Q42365	http://www.wikidata.org/entity/Q130404343
https://ehkultura.wikibase.cloud/entity/Q42600	http://www.wikidata.org/entity/Q130564294
https://ehkultura.wikibase.cloud/entity/Q42252	http://www.wikidata.org/entity/Q504
https://ehkultura.wikibase.cloud/entity/Q42341	http://www.wikidata.org/entity/Q1178
https://ehkultura.wikibase.cloud/entity/Q27764	http://www.wikidata.org/entity/Q105756
https://ehkultura.wikibase.cloud/entity/Q27576	http://www.wikidata.org/entity/Q154770
https://ehkultura.wikibase.cloud/entity/Q28069	http://www.wikidata.org/entity/Q115243
https://ehkultura.wikibase.cloud/entity/Q27367	http://www.wikidata.org/entity/Q363870
https://ehkultura.wikibase.cloud/entity/Q27371	http://www.wikidata.org/entity/Q388714
https://ehkultura.wikibase.cloud/entity/Q28176	http://www.wikidata.org/entity/Q201538
https://ehkultura.wikibase.cloud/entity/Q27246	http://www.wikidata.org/entity/Q450728
https://ehkultura.wikibase.cloud/entity/Q27448	http://www.wikidata.org/entity/Q435086
https://ehkultura.wikibase.cloud/entity/Q27852	http://www.wikidata.org/entity/Q364959
https://ehkultura.wikibase.cloud/entity/Q28132	http://www.wikidata.org/entity/Q320696
https://ehkultura.wikibase.cloud/entity/Q28171	http://www.wikidata.org/entity/Q312015
https://ehkultura.wikibase.cloud/entity/Q27888	http://www.wikidata.org/entity/Q385415
https://ehkultura.wikibase.cloud/entity/Q28191	http://www.wikidata.org/entity/Q318029
https://ehkultura.wikibase.cloud/entity/Q27170	http://www.wikidata.org/entity/Q566047
https://ehkultura.wikibase.cloud/entity/Q27366	http://www.wikidata.org/entity/Q548860
https://ehkultura.wikibase.cloud/entity/Q27568	http://www.wikidata.org/entity/Q506973
https://ehkultura.wikibase.cloud/entity/Q27477	http://www.wikidata.org/entity/Q540764
https://ehkultura.wikibase.cloud/entity/Q27457	http://www.wikidata.org/entity/Q618470
https://ehkultura.wikibase.cloud/entity/Q28206	http://www.wikidata.org/entity/Q445984
https://ehkultura.wikibase.cloud/entity/Q28182	http://www.wikidata.org/entity/Q452254
https://ehkultura.wikibase.cloud/entity/Q27945	http://www.wikidata.org/entity/Q575443
https://ehkultura.wikibase.cloud/entity/Q27959	http://www.wikidata.org/entity/Q642995
https://ehkultura.wikibase.cloud/entity/Q28250	http://www.wikidata.org/entity/Q662257
https://ehkultura.wikibase.cloud/entity/Q27501	http://www.wikidata.org/entity/Q965109
https://ehkultura.wikibase.cloud/entity/Q27502	http://www.wikidata.org/entity/Q1374080
https://ehkultura.wikibase.cloud/entity/Q27960	http://www.wikidata.org/entity/Q1279315
https://ehkultura.wikibase.cloud/entity/Q27470	http://www.wikidata.org/entity/Q2736997
https://ehkultura.wikibase.cloud/entity/Q28093	http://www.wikidata.org/entity/Q2722796
https://ehkultura.wikibase.cloud/entity/Q27235	http://www.wikidata.org/entity/Q3347269
https://ehkultura.wikibase.cloud/entity/Q27569	http://www.wikidata.org/entity/Q3750910
https://ehkultura.wikibase.cloud/entity/Q27010	http://www.wikidata.org/entity/Q4198459
https://ehkultura.wikibase.cloud/entity/Q27728	http://www.wikidata.org/entity/Q4084007
https://ehkultura.wikibase.cloud/entity/Q27740	http://www.wikidata.org/entity/Q4894162
https://ehkultura.wikibase.cloud/entity/Q27587	http://www.wikidata.org/entity/Q5295008
https://ehkultura.wikibase.cloud/entity/Q27445	http://www.wikidata.org/entity/Q5404429
https://ehkultura.wikibase.cloud/entity/Q27190	http://www.wikidata.org/entity/Q6108327
https://ehkultura.wikibase.cloud/entity/Q28105	http://www.wikidata.org/entity/Q5927256
https://ehkultura.wikibase.cloud/entity/Q27806	http://www.wikidata.org/entity/Q6069179
https://ehkultura.wikibase.cloud/entity/Q27832	http://www.wikidata.org/entity/Q6107381
https://ehkultura.wikibase.cloud/entity/Q27642	http://www.wikidata.org/entity/Q6215569
https://ehkultura.wikibase.cloud/entity/Q26692	http://www.wikidata.org/entity/Q6456576
https://ehkultura.wikibase.cloud/entity/Q27482	http://www.wikidata.org/entity/Q6264411
https://ehkultura.wikibase.cloud/entity/Q28162	http://www.wikidata.org/entity/Q6156944
https://ehkultura.wikibase.cloud/entity/Q28039	http://www.wikidata.org/entity/Q6384989
https://ehkultura.wikibase.cloud/entity/Q28006	http://www.wikidata.org/entity/Q6458691
https://ehkultura.wikibase.cloud/entity/Q28178	http://www.wikidata.org/entity/Q7350286
https://ehkultura.wikibase.cloud/entity/Q27456	http://www.wikidata.org/entity/Q9012158
https://ehkultura.wikibase.cloud/entity/Q27533	http://www.wikidata.org/entity/Q12406466
https://ehkultura.wikibase.cloud/entity/Q27551	http://www.wikidata.org/entity/Q15233979
https://ehkultura.wikibase.cloud/entity/Q27598	http://www.wikidata.org/entity/Q15626906
https://ehkultura.wikibase.cloud/entity/Q26808	http://www.wikidata.org/entity/Q16028254
https://ehkultura.wikibase.cloud/entity/Q27511	http://www.wikidata.org/entity/Q16187649
https://ehkultura.wikibase.cloud/entity/Q27984	http://www.wikidata.org/entity/Q18224548
https://ehkultura.wikibase.cloud/entity/Q28001	http://www.wikidata.org/entity/Q19628752
https://ehkultura.wikibase.cloud/entity/Q27753	http://www.wikidata.org/entity/Q19999816
https://ehkultura.wikibase.cloud/entity/Q27811	http://www.wikidata.org/entity/Q20198865
https://ehkultura.wikibase.cloud/entity/Q28243	http://www.wikidata.org/entity/Q21095589
https://ehkultura.wikibase.cloud/entity/Q27319	http://www.wikidata.org/entity/Q21406867
https://ehkultura.wikibase.cloud/entity/Q27493	http://www.wikidata.org/entity/Q21573125
https://ehkultura.wikibase.cloud/entity/Q27495	http://www.wikidata.org/entity/Q22114547
https://ehkultura.wikibase.cloud/entity/Q27705	http://www.wikidata.org/entity/Q23661621
https://ehkultura.wikibase.cloud/entity/Q27899	http://www.wikidata.org/entity/Q23759778
https://ehkultura.wikibase.cloud/entity/Q27234	http://www.wikidata.org/entity/Q24937131
https://ehkultura.wikibase.cloud/entity/Q27534	http://www.wikidata.org/entity/Q28790078
https://ehkultura.wikibase.cloud/entity/Q26783	http://www.wikidata.org/entity/Q30527403
https://ehkultura.wikibase.cloud/entity/Q27437	http://www.wikidata.org/entity/Q51564419
https://ehkultura.wikibase.cloud/entity/Q27003	http://www.wikidata.org/entity/Q54858196
https://ehkultura.wikibase.cloud/entity/Q26704	http://www.wikidata.org/entity/Q59524767
https://ehkultura.wikibase.cloud/entity/Q27704	http://www.wikidata.org/entity/Q63075191
https://ehkultura.wikibase.cloud/entity/Q26794	http://www.wikidata.org/entity/Q87674539
https://ehkultura.wikibase.cloud/entity/Q26641	http://www.wikidata.org/entity/Q93241104
https://ehkultura.wikibase.cloud/entity/Q26676	http://www.wikidata.org/entity/Q93238779
https://ehkultura.wikibase.cloud/entity/Q26813	http://www.wikidata.org/entity/Q93249436
https://ehkultura.wikibase.cloud/entity/Q26836	http://www.wikidata.org/entity/Q93370237
https://ehkultura.wikibase.cloud/entity/Q28102	http://www.wikidata.org/entity/Q93238713
https://ehkultura.wikibase.cloud/entity/Q28015	http://www.wikidata.org/entity/Q93270438
https://ehkultura.wikibase.cloud/entity/Q27528	http://www.wikidata.org/entity/Q93387486
https://ehkultura.wikibase.cloud/entity/Q27789	http://www.wikidata.org/entity/Q93413788
https://ehkultura.wikibase.cloud/entity/Q27824	http://www.wikidata.org/entity/Q93427303
https://ehkultura.wikibase.cloud/entity/Q27866	http://www.wikidata.org/entity/Q93431435
https://ehkultura.wikibase.cloud/entity/Q27980	http://www.wikidata.org/entity/Q93414995
https://ehkultura.wikibase.cloud/entity/Q27881	http://www.wikidata.org/entity/Q94628576
https://ehkultura.wikibase.cloud/entity/Q27938	http://www.wikidata.org/entity/Q95237665
https://ehkultura.wikibase.cloud/entity/Q27067	http://www.wikidata.org/entity/Q95858708
https://ehkultura.wikibase.cloud/entity/Q26942	http://www.wikidata.org/entity/Q101445610
https://ehkultura.wikibase.cloud/entity/Q26626	http://www.wikidata.org/entity/Q107426331
https://ehkultura.wikibase.cloud/entity/Q27937	http://www.wikidata.org/entity/Q112449968
https://ehkultura.wikibase.cloud/entity/Q27770	http://www.wikidata.org/entity/Q112495196
https://ehkultura.wikibase.cloud/entity/Q27992	http://www.wikidata.org/entity/Q112521540
https://ehkultura.wikibase.cloud/entity/Q27702	http://www.wikidata.org/entity/Q117537277
https://ehkultura.wikibase.cloud/entity/Q26616	http://www.wikidata.org/entity/Q125746065
https://ehkultura.wikibase.cloud/entity/Q26880	http://www.wikidata.org/entity/Q133736752
https://ehkultura.wikibase.cloud/entity/Q27413	http://www.wikidata.org/entity/Q4934
https://ehkultura.wikibase.cloud/entity/Q27507	http://www.wikidata.org/entity/Q1233
https://ehkultura.wikibase.cloud/entity/Q27873	http://www.wikidata.org/entity/Q4985
https://ehkultura.wikibase.cloud/entity/Q27714	http://www.wikidata.org/entity/Q58586
https://ehkultura.wikibase.cloud/entity/Q38589	http://www.wikidata.org/entity/Q85218
https://ehkultura.wikibase.cloud/entity/Q38631	http://www.wikidata.org/entity/Q129079
https://ehkultura.wikibase.cloud/entity/Q38730	http://www.wikidata.org/entity/Q119348
https://ehkultura.wikibase.cloud/entity/Q38864	http://www.wikidata.org/entity/Q169984
https://ehkultura.wikibase.cloud/entity/Q33629	http://www.wikidata.org/entity/Q125220
https://ehkultura.wikibase.cloud/entity/Q33544	http://www.wikidata.org/entity/Q167414
https://ehkultura.wikibase.cloud/entity/Q33519	http://www.wikidata.org/entity/Q203401
https://ehkultura.wikibase.cloud/entity/Q33847	http://www.wikidata.org/entity/Q121903
https://ehkultura.wikibase.cloud/entity/Q33626	http://www.wikidata.org/entity/Q229272
https://ehkultura.wikibase.cloud/entity/Q33448	http://www.wikidata.org/entity/Q325664
https://ehkultura.wikibase.cloud/entity/Q33866	http://www.wikidata.org/entity/Q346988
https://ehkultura.wikibase.cloud/entity/Q33468	http://www.wikidata.org/entity/Q528682
https://ehkultura.wikibase.cloud/entity/Q33523	http://www.wikidata.org/entity/Q524358
https://ehkultura.wikibase.cloud/entity/Q33758	http://www.wikidata.org/entity/Q465342
https://ehkultura.wikibase.cloud/entity/Q33648	http://www.wikidata.org/entity/Q513374
https://ehkultura.wikibase.cloud/entity/Q33855	http://www.wikidata.org/entity/Q640936
https://ehkultura.wikibase.cloud/entity/Q33651	http://www.wikidata.org/entity/Q699793
https://ehkultura.wikibase.cloud/entity/Q33882	http://www.wikidata.org/entity/Q712996
https://ehkultura.wikibase.cloud/entity/Q33865	http://www.wikidata.org/entity/Q736847
https://ehkultura.wikibase.cloud/entity/Q33654	http://www.wikidata.org/entity/Q805704
https://ehkultura.wikibase.cloud/entity/Q33507	http://www.wikidata.org/entity/Q878513
https://ehkultura.wikibase.cloud/entity/Q33572	http://www.wikidata.org/entity/Q881693
https://ehkultura.wikibase.cloud/entity/Q33829	http://www.wikidata.org/entity/Q998392
https://ehkultura.wikibase.cloud/entity/Q33588	http://www.wikidata.org/entity/Q1091015
https://ehkultura.wikibase.cloud/entity/Q33597	http://www.wikidata.org/entity/Q1233367
https://ehkultura.wikibase.cloud/entity/Q33580	http://www.wikidata.org/entity/Q1342974
https://ehkultura.wikibase.cloud/entity/Q33956	http://www.wikidata.org/entity/Q1353731
https://ehkultura.wikibase.cloud/entity/Q33470	http://www.wikidata.org/entity/Q1580650
https://ehkultura.wikibase.cloud/entity/Q33735	http://www.wikidata.org/entity/Q1544128
https://ehkultura.wikibase.cloud/entity/Q33611	http://www.wikidata.org/entity/Q2040059
https://ehkultura.wikibase.cloud/entity/Q33734	http://www.wikidata.org/entity/Q2066779
https://ehkultura.wikibase.cloud/entity/Q33869	http://www.wikidata.org/entity/Q2061086
https://ehkultura.wikibase.cloud/entity/Q33825	http://www.wikidata.org/entity/Q2209967
https://ehkultura.wikibase.cloud/entity/Q33954	http://www.wikidata.org/entity/Q2848097
https://ehkultura.wikibase.cloud/entity/Q33743	http://www.wikidata.org/entity/Q3081882
https://ehkultura.wikibase.cloud/entity/Q33820	http://www.wikidata.org/entity/Q3196533
https://ehkultura.wikibase.cloud/entity/Q33722	http://www.wikidata.org/entity/Q3436186
https://ehkultura.wikibase.cloud/entity/Q33632	http://www.wikidata.org/entity/Q4245987
https://ehkultura.wikibase.cloud/entity/Q33781	http://www.wikidata.org/entity/Q4257645
https://ehkultura.wikibase.cloud/entity/Q33540	http://www.wikidata.org/entity/Q4502697
https://ehkultura.wikibase.cloud/entity/Q33871	http://www.wikidata.org/entity/Q4795306
https://ehkultura.wikibase.cloud/entity/Q33733	http://www.wikidata.org/entity/Q5582289
https://ehkultura.wikibase.cloud/entity/Q33925	http://www.wikidata.org/entity/Q5878419
https://ehkultura.wikibase.cloud/entity/Q33672	http://www.wikidata.org/entity/Q5948569
https://ehkultura.wikibase.cloud/entity/Q33715	http://www.wikidata.org/entity/Q6117762
https://ehkultura.wikibase.cloud/entity/Q33874	http://www.wikidata.org/entity/Q6100683
https://ehkultura.wikibase.cloud/entity/Q33883	http://www.wikidata.org/entity/Q6120970
https://ehkultura.wikibase.cloud/entity/Q33696	http://www.wikidata.org/entity/Q8014975
https://ehkultura.wikibase.cloud/entity/Q33541	http://www.wikidata.org/entity/Q8776047
https://ehkultura.wikibase.cloud/entity/Q33832	http://www.wikidata.org/entity/Q9098315
https://ehkultura.wikibase.cloud/entity/Q33854	http://www.wikidata.org/entity/Q10444417
https://ehkultura.wikibase.cloud/entity/Q33720	http://www.wikidata.org/entity/Q11684795
https://ehkultura.wikibase.cloud/entity/Q33769	http://www.wikidata.org/entity/Q11927836
https://ehkultura.wikibase.cloud/entity/Q33752	http://www.wikidata.org/entity/Q11946799
https://ehkultura.wikibase.cloud/entity/Q33515	http://www.wikidata.org/entity/Q12261057
https://ehkultura.wikibase.cloud/entity/Q33821	http://www.wikidata.org/entity/Q12253710
https://ehkultura.wikibase.cloud/entity/Q33537	http://www.wikidata.org/entity/Q15434366
https://ehkultura.wikibase.cloud/entity/Q33643	http://www.wikidata.org/entity/Q15820747
https://ehkultura.wikibase.cloud/entity/Q33727	http://www.wikidata.org/entity/Q16581479
https://ehkultura.wikibase.cloud/entity/Q33453	http://www.wikidata.org/entity/Q16861853
https://ehkultura.wikibase.cloud/entity/Q33686	http://www.wikidata.org/entity/Q16861868
https://ehkultura.wikibase.cloud/entity/Q33773	http://www.wikidata.org/entity/Q17209666
https://ehkultura.wikibase.cloud/entity/Q33692	http://www.wikidata.org/entity/Q21396024
https://ehkultura.wikibase.cloud/entity/Q33690	http://www.wikidata.org/entity/Q22236107
https://ehkultura.wikibase.cloud/entity/Q33704	http://www.wikidata.org/entity/Q22236871
https://ehkultura.wikibase.cloud/entity/Q33549	http://www.wikidata.org/entity/Q23765856
https://ehkultura.wikibase.cloud/entity/Q33614	http://www.wikidata.org/entity/Q41329080
https://ehkultura.wikibase.cloud/entity/Q33944	http://www.wikidata.org/entity/Q42728860
https://ehkultura.wikibase.cloud/entity/Q33864	http://www.wikidata.org/entity/Q49654936
https://ehkultura.wikibase.cloud/entity/Q33899	http://www.wikidata.org/entity/Q51371569
https://ehkultura.wikibase.cloud/entity/Q33525	http://www.wikidata.org/entity/Q52008100
https://ehkultura.wikibase.cloud/entity/Q33677	http://www.wikidata.org/entity/Q55948013
https://ehkultura.wikibase.cloud/entity/Q33744	http://www.wikidata.org/entity/Q55946252
https://ehkultura.wikibase.cloud/entity/Q33904	http://www.wikidata.org/entity/Q57235225
https://ehkultura.wikibase.cloud/entity/Q33553	http://www.wikidata.org/entity/Q64066895
https://ehkultura.wikibase.cloud/entity/Q33624	http://www.wikidata.org/entity/Q64759579
https://ehkultura.wikibase.cloud/entity/Q33900	http://www.wikidata.org/entity/Q91717372
https://ehkultura.wikibase.cloud/entity/Q33475	http://www.wikidata.org/entity/Q93240330
https://ehkultura.wikibase.cloud/entity/Q33538	http://www.wikidata.org/entity/Q93433847
https://ehkultura.wikibase.cloud/entity/Q33916	http://www.wikidata.org/entity/Q93433164
https://ehkultura.wikibase.cloud/entity/Q33932	http://www.wikidata.org/entity/Q94295011
https://ehkultura.wikibase.cloud/entity/Q33839	http://www.wikidata.org/entity/Q105301997
https://ehkultura.wikibase.cloud/entity/Q33808	http://www.wikidata.org/entity/Q111610067
https://ehkultura.wikibase.cloud/entity/Q33702	http://www.wikidata.org/entity/Q112127959
https://ehkultura.wikibase.cloud/entity/Q33602	http://www.wikidata.org/entity/Q112419950
https://ehkultura.wikibase.cloud/entity/Q33737	http://www.wikidata.org/entity/Q112404363
https://ehkultura.wikibase.cloud/entity/Q33824	http://www.wikidata.org/entity/Q112440921
https://ehkultura.wikibase.cloud/entity/Q33718	http://www.wikidata.org/entity/Q112489632
https://ehkultura.wikibase.cloud/entity/Q33479	http://www.wikidata.org/entity/Q112564083
https://ehkultura.wikibase.cloud/entity/Q33465	http://www.wikidata.org/entity/Q112763948
https://ehkultura.wikibase.cloud/entity/Q33530	http://www.wikidata.org/entity/Q116919707
https://ehkultura.wikibase.cloud/entity/Q33598	http://www.wikidata.org/entity/Q117462344
https://ehkultura.wikibase.cloud/entity/Q33458	http://www.wikidata.org/entity/Q123052228
https://ehkultura.wikibase.cloud/entity/Q33456	http://www.wikidata.org/entity/Q124416917
https://ehkultura.wikibase.cloud/entity/Q33934	http://www.wikidata.org/entity/Q124570969
https://ehkultura.wikibase.cloud/entity/Q33937	http://www.wikidata.org/entity/Q124570970
https://ehkultura.wikibase.cloud/entity/Q33850	http://www.wikidata.org/entity/Q125266963
https://ehkultura.wikibase.cloud/entity/Q33469	http://www.wikidata.org/entity/Q130766190
https://ehkultura.wikibase.cloud/entity/Q33587	http://www.wikidata.org/entity/Q55207
https://ehkultura.wikibase.cloud/entity/Q33604	http://www.wikidata.org/entity/Q57247
https://ehkultura.wikibase.cloud/entity/Q33653	http://www.wikidata.org/entity/Q64111
https://ehkultura.wikibase.cloud/entity/Q27321	http://www.wikidata.org/entity/Q67762
https://ehkultura.wikibase.cloud/entity/Q27492	http://www.wikidata.org/entity/Q93024
https://ehkultura.wikibase.cloud/entity/Q27414	http://www.wikidata.org/entity/Q166405
https://ehkultura.wikibase.cloud/entity/Q38632	http://www.wikidata.org/entity/Q246321
https://ehkultura.wikibase.cloud/entity/Q38642	http://www.wikidata.org/entity/Q299565
https://ehkultura.wikibase.cloud/entity/Q38784	http://www.wikidata.org/entity/Q338612
https://ehkultura.wikibase.cloud/entity/Q39055	http://www.wikidata.org/entity/Q384866
https://ehkultura.wikibase.cloud/entity/Q38923	http://www.wikidata.org/entity/Q447149
https://ehkultura.wikibase.cloud/entity/Q38814	http://www.wikidata.org/entity/Q549307
https://ehkultura.wikibase.cloud/entity/Q39071	http://www.wikidata.org/entity/Q679718
https://ehkultura.wikibase.cloud/entity/Q38945	http://www.wikidata.org/entity/Q727525
https://ehkultura.wikibase.cloud/entity/Q38678	http://www.wikidata.org/entity/Q1065491
https://ehkultura.wikibase.cloud/entity/Q38703	http://www.wikidata.org/entity/Q1094507
https://ehkultura.wikibase.cloud/entity/Q38646	http://www.wikidata.org/entity/Q1290210
https://ehkultura.wikibase.cloud/entity/Q38829	http://www.wikidata.org/entity/Q1353516
https://ehkultura.wikibase.cloud/entity/Q38842	http://www.wikidata.org/entity/Q1468956
https://ehkultura.wikibase.cloud/entity/Q38708	http://www.wikidata.org/entity/Q1680720
https://ehkultura.wikibase.cloud/entity/Q38789	http://www.wikidata.org/entity/Q1712887
https://ehkultura.wikibase.cloud/entity/Q39038	http://www.wikidata.org/entity/Q1690821
https://ehkultura.wikibase.cloud/entity/Q38747	http://www.wikidata.org/entity/Q3156789
https://ehkultura.wikibase.cloud/entity/Q38709	http://www.wikidata.org/entity/Q3359995
https://ehkultura.wikibase.cloud/entity/Q39091	http://www.wikidata.org/entity/Q3367616
https://ehkultura.wikibase.cloud/entity/Q38573	http://www.wikidata.org/entity/Q3502346
https://ehkultura.wikibase.cloud/entity/Q38615	http://www.wikidata.org/entity/Q3499260
https://ehkultura.wikibase.cloud/entity/Q38947	http://www.wikidata.org/entity/Q3420178
https://ehkultura.wikibase.cloud/entity/Q38930	http://www.wikidata.org/entity/Q3476923
https://ehkultura.wikibase.cloud/entity/Q38706	http://www.wikidata.org/entity/Q3804424
https://ehkultura.wikibase.cloud/entity/Q38716	http://www.wikidata.org/entity/Q3807739
https://ehkultura.wikibase.cloud/entity/Q38859	http://www.wikidata.org/entity/Q4242440
https://ehkultura.wikibase.cloud/entity/Q38748	http://www.wikidata.org/entity/Q4678301
https://ehkultura.wikibase.cloud/entity/Q38743	http://www.wikidata.org/entity/Q4748068
https://ehkultura.wikibase.cloud/entity/Q38757	http://www.wikidata.org/entity/Q5213698
https://ehkultura.wikibase.cloud/entity/Q38749	http://www.wikidata.org/entity/Q5565440
https://ehkultura.wikibase.cloud/entity/Q38619	http://www.wikidata.org/entity/Q6014694
https://ehkultura.wikibase.cloud/entity/Q38654	http://www.wikidata.org/entity/Q6087534
https://ehkultura.wikibase.cloud/entity/Q39070	http://www.wikidata.org/entity/Q6015029
https://ehkultura.wikibase.cloud/entity/Q38931	http://www.wikidata.org/entity/Q6176270
https://ehkultura.wikibase.cloud/entity/Q39097	http://www.wikidata.org/entity/Q6297552
https://ehkultura.wikibase.cloud/entity/Q39085	http://www.wikidata.org/entity/Q6873677
https://ehkultura.wikibase.cloud/entity/Q38739	http://www.wikidata.org/entity/Q8201111
https://ehkultura.wikibase.cloud/entity/Q39016	http://www.wikidata.org/entity/Q8353153
https://ehkultura.wikibase.cloud/entity/Q39018	http://www.wikidata.org/entity/Q11413441
https://ehkultura.wikibase.cloud/entity/Q39017	http://www.wikidata.org/entity/Q11604259
https://ehkultura.wikibase.cloud/entity/Q38617	http://www.wikidata.org/entity/Q12253152
https://ehkultura.wikibase.cloud/entity/Q38713	http://www.wikidata.org/entity/Q12663854
https://ehkultura.wikibase.cloud/entity/Q39113	http://www.wikidata.org/entity/Q16885676
https://ehkultura.wikibase.cloud/entity/Q38825	http://www.wikidata.org/entity/Q18043585
https://ehkultura.wikibase.cloud/entity/Q38673	http://www.wikidata.org/entity/Q18225565
https://ehkultura.wikibase.cloud/entity/Q38699	http://www.wikidata.org/entity/Q19277169
https://ehkultura.wikibase.cloud/entity/Q38804	http://www.wikidata.org/entity/Q19564463
https://ehkultura.wikibase.cloud/entity/Q38810	http://www.wikidata.org/entity/Q20919661
https://ehkultura.wikibase.cloud/entity/Q39078	http://www.wikidata.org/entity/Q20908826
https://ehkultura.wikibase.cloud/entity/Q39010	http://www.wikidata.org/entity/Q22954803
https://ehkultura.wikibase.cloud/entity/Q38972	http://www.wikidata.org/entity/Q23309404
https://ehkultura.wikibase.cloud/entity/Q39039	http://www.wikidata.org/entity/Q23769269
https://ehkultura.wikibase.cloud/entity/Q38893	http://www.wikidata.org/entity/Q27881343
https://ehkultura.wikibase.cloud/entity/Q39086	http://www.wikidata.org/entity/Q28858124
https://ehkultura.wikibase.cloud/entity/Q38635	http://www.wikidata.org/entity/Q29575231
https://ehkultura.wikibase.cloud/entity/Q38592	http://www.wikidata.org/entity/Q50192000
https://ehkultura.wikibase.cloud/entity/Q39102	http://www.wikidata.org/entity/Q50821538
https://ehkultura.wikibase.cloud/entity/Q39103	http://www.wikidata.org/entity/Q55772828
https://ehkultura.wikibase.cloud/entity/Q38834	http://www.wikidata.org/entity/Q59525983
https://ehkultura.wikibase.cloud/entity/Q38915	http://www.wikidata.org/entity/Q59533131
https://ehkultura.wikibase.cloud/entity/Q39063	http://www.wikidata.org/entity/Q61049951
https://ehkultura.wikibase.cloud/entity/Q38571	http://www.wikidata.org/entity/Q63284100
https://ehkultura.wikibase.cloud/entity/Q38851	http://www.wikidata.org/entity/Q65963614
https://ehkultura.wikibase.cloud/entity/Q38847	http://www.wikidata.org/entity/Q69030683
https://ehkultura.wikibase.cloud/entity/Q38701	http://www.wikidata.org/entity/Q75431121
https://ehkultura.wikibase.cloud/entity/Q38862	http://www.wikidata.org/entity/Q84824205
https://ehkultura.wikibase.cloud/entity/Q38677	http://www.wikidata.org/entity/Q94369144
https://ehkultura.wikibase.cloud/entity/Q38973	http://www.wikidata.org/entity/Q94358607
https://ehkultura.wikibase.cloud/entity/Q38983	http://www.wikidata.org/entity/Q94902137
https://ehkultura.wikibase.cloud/entity/Q38626	http://www.wikidata.org/entity/Q95190991
https://ehkultura.wikibase.cloud/entity/Q38790	http://www.wikidata.org/entity/Q95222307
https://ehkultura.wikibase.cloud/entity/Q38681	http://www.wikidata.org/entity/Q95323204
https://ehkultura.wikibase.cloud/entity/Q38627	http://www.wikidata.org/entity/Q95756500
https://ehkultura.wikibase.cloud/entity/Q39112	http://www.wikidata.org/entity/Q95684702
https://ehkultura.wikibase.cloud/entity/Q38768	http://www.wikidata.org/entity/Q98761162
https://ehkultura.wikibase.cloud/entity/Q38795	http://www.wikidata.org/entity/Q99196849
https://ehkultura.wikibase.cloud/entity/Q38958	http://www.wikidata.org/entity/Q99494650
https://ehkultura.wikibase.cloud/entity/Q38905	http://www.wikidata.org/entity/Q102152773
https://ehkultura.wikibase.cloud/entity/Q38700	http://www.wikidata.org/entity/Q107547659
https://ehkultura.wikibase.cloud/entity/Q38762	http://www.wikidata.org/entity/Q108478021
https://ehkultura.wikibase.cloud/entity/Q38843	http://www.wikidata.org/entity/Q112376708
https://ehkultura.wikibase.cloud/entity/Q39116	http://www.wikidata.org/entity/Q112435854
https://ehkultura.wikibase.cloud/entity/Q39107	http://www.wikidata.org/entity/Q112438690
https://ehkultura.wikibase.cloud/entity/Q38978	http://www.wikidata.org/entity/Q112550279
https://ehkultura.wikibase.cloud/entity/Q38787	http://www.wikidata.org/entity/Q113780836
https://ehkultura.wikibase.cloud/entity/Q38581	http://www.wikidata.org/entity/Q115310227
https://ehkultura.wikibase.cloud/entity/Q38579	http://www.wikidata.org/entity/Q115596008
https://ehkultura.wikibase.cloud/entity/Q38733	http://www.wikidata.org/entity/Q115870687
https://ehkultura.wikibase.cloud/entity/Q38717	http://www.wikidata.org/entity/Q116005925
https://ehkultura.wikibase.cloud/entity/Q38557	http://www.wikidata.org/entity/Q118830186
https://ehkultura.wikibase.cloud/entity/Q39009	http://www.wikidata.org/entity/Q124857382
https://ehkultura.wikibase.cloud/entity/Q38903	http://www.wikidata.org/entity/Q125297145
https://ehkultura.wikibase.cloud/entity/Q39064	http://www.wikidata.org/entity/Q125300750
https://ehkultura.wikibase.cloud/entity/Q38986	http://www.wikidata.org/entity/Q129196506
https://ehkultura.wikibase.cloud/entity/Q38850	http://www.wikidata.org/entity/Q130795988
https://ehkultura.wikibase.cloud/entity/Q38777	http://www.wikidata.org/entity/Q930
https://ehkultura.wikibase.cloud/entity/Q25248	http://www.wikidata.org/entity/Q106774
https://ehkultura.wikibase.cloud/entity/Q25370	http://www.wikidata.org/entity/Q180819
https://ehkultura.wikibase.cloud/entity/Q25295	http://www.wikidata.org/entity/Q216748
https://ehkultura.wikibase.cloud/entity/Q25409	http://www.wikidata.org/entity/Q191966
https://ehkultura.wikibase.cloud/entity/Q25447	http://www.wikidata.org/entity/Q187364
https://ehkultura.wikibase.cloud/entity/Q26196	http://www.wikidata.org/entity/Q78509
https://ehkultura.wikibase.cloud/entity/Q25134	http://www.wikidata.org/entity/Q323516
https://ehkultura.wikibase.cloud/entity/Q25324	http://www.wikidata.org/entity/Q291672
https://ehkultura.wikibase.cloud/entity/Q25252	http://www.wikidata.org/entity/Q312853
https://ehkultura.wikibase.cloud/entity/Q25975	http://www.wikidata.org/entity/Q170510
https://ehkultura.wikibase.cloud/entity/Q25438	http://www.wikidata.org/entity/Q291141
https://ehkultura.wikibase.cloud/entity/Q26506	http://www.wikidata.org/entity/Q76952
https://ehkultura.wikibase.cloud/entity/Q25242	http://www.wikidata.org/entity/Q364421
https://ehkultura.wikibase.cloud/entity/Q26513	http://www.wikidata.org/entity/Q103114
https://ehkultura.wikibase.cloud/entity/Q26203	http://www.wikidata.org/entity/Q225852
https://ehkultura.wikibase.cloud/entity/Q26414	http://www.wikidata.org/entity/Q203674
https://ehkultura.wikibase.cloud/entity/Q25420	http://www.wikidata.org/entity/Q457269
https://ehkultura.wikibase.cloud/entity/Q26435	http://www.wikidata.org/entity/Q247501
https://ehkultura.wikibase.cloud/entity/Q26440	http://www.wikidata.org/entity/Q343893
https://ehkultura.wikibase.cloud/entity/Q25398	http://www.wikidata.org/entity/Q567366
https://ehkultura.wikibase.cloud/entity/Q25207	http://www.wikidata.org/entity/Q630981
https://ehkultura.wikibase.cloud/entity/Q25200	http://www.wikidata.org/entity/Q722135
https://ehkultura.wikibase.cloud/entity/Q25197	http://www.wikidata.org/entity/Q956114
https://ehkultura.wikibase.cloud/entity/Q25389	http://www.wikidata.org/entity/Q953753
https://ehkultura.wikibase.cloud/entity/Q25340	http://www.wikidata.org/entity/Q984418
https://ehkultura.wikibase.cloud/entity/Q25257	http://www.wikidata.org/entity/Q1252187
https://ehkultura.wikibase.cloud/entity/Q25177	http://www.wikidata.org/entity/Q1354081
https://ehkultura.wikibase.cloud/entity/Q25140	http://www.wikidata.org/entity/Q1388109
https://ehkultura.wikibase.cloud/entity/Q25160	http://www.wikidata.org/entity/Q1395146
https://ehkultura.wikibase.cloud/entity/Q25263	http://www.wikidata.org/entity/Q1380505
https://ehkultura.wikibase.cloud/entity/Q25314	http://www.wikidata.org/entity/Q1371555
https://ehkultura.wikibase.cloud/entity/Q25382	http://www.wikidata.org/entity/Q2301025
https://ehkultura.wikibase.cloud/entity/Q26184	http://www.wikidata.org/entity/Q2399329
https://ehkultura.wikibase.cloud/entity/Q25367	http://www.wikidata.org/entity/Q2831626
https://ehkultura.wikibase.cloud/entity/Q25335	http://www.wikidata.org/entity/Q3131538
https://ehkultura.wikibase.cloud/entity/Q25199	http://www.wikidata.org/entity/Q3195086
https://ehkultura.wikibase.cloud/entity/Q25205	http://www.wikidata.org/entity/Q3514240
https://ehkultura.wikibase.cloud/entity/Q25425	http://www.wikidata.org/entity/Q3572659
https://ehkultura.wikibase.cloud/entity/Q25436	http://www.wikidata.org/entity/Q3816775
https://ehkultura.wikibase.cloud/entity/Q25419	http://www.wikidata.org/entity/Q4974091
https://ehkultura.wikibase.cloud/entity/Q25273	http://www.wikidata.org/entity/Q5445006
https://ehkultura.wikibase.cloud/entity/Q25385	http://www.wikidata.org/entity/Q5490189
https://ehkultura.wikibase.cloud/entity/Q26499	http://www.wikidata.org/entity/Q5697659
https://ehkultura.wikibase.cloud/entity/Q25422	http://www.wikidata.org/entity/Q6771529
https://ehkultura.wikibase.cloud/entity/Q25437	http://www.wikidata.org/entity/Q9096486
https://ehkultura.wikibase.cloud/entity/Q25190	http://www.wikidata.org/entity/Q12260681
https://ehkultura.wikibase.cloud/entity/Q25320	http://www.wikidata.org/entity/Q15069802
https://ehkultura.wikibase.cloud/entity/Q26226	http://www.wikidata.org/entity/Q15623582
https://ehkultura.wikibase.cloud/entity/Q25339	http://www.wikidata.org/entity/Q16302305
https://ehkultura.wikibase.cloud/entity/Q25325	http://www.wikidata.org/entity/Q16976707
https://ehkultura.wikibase.cloud/entity/Q25194	http://www.wikidata.org/entity/Q19621490
https://ehkultura.wikibase.cloud/entity/Q25349	http://www.wikidata.org/entity/Q19842453
https://ehkultura.wikibase.cloud/entity/Q25440	http://www.wikidata.org/entity/Q21002998
https://ehkultura.wikibase.cloud/entity/Q25313	http://www.wikidata.org/entity/Q25706670
https://ehkultura.wikibase.cloud/entity/Q25305	http://www.wikidata.org/entity/Q55219004
https://ehkultura.wikibase.cloud/entity/Q25405	http://www.wikidata.org/entity/Q55988389
https://ehkultura.wikibase.cloud/entity/Q25146	http://www.wikidata.org/entity/Q58816644
https://ehkultura.wikibase.cloud/entity/Q25279	http://www.wikidata.org/entity/Q59531821
https://ehkultura.wikibase.cloud/entity/Q26423	http://www.wikidata.org/entity/Q61959566
https://ehkultura.wikibase.cloud/entity/Q26400	http://www.wikidata.org/entity/Q65931719
https://ehkultura.wikibase.cloud/entity/Q25421	http://www.wikidata.org/entity/Q74101224
https://ehkultura.wikibase.cloud/entity/Q25286	http://www.wikidata.org/entity/Q78630355
https://ehkultura.wikibase.cloud/entity/Q25272	http://www.wikidata.org/entity/Q84081158
https://ehkultura.wikibase.cloud/entity/Q25306	http://www.wikidata.org/entity/Q88868649
https://ehkultura.wikibase.cloud/entity/Q25400	http://www.wikidata.org/entity/Q93430118
https://ehkultura.wikibase.cloud/entity/Q25406	http://www.wikidata.org/entity/Q93431275
https://ehkultura.wikibase.cloud/entity/Q26512	http://www.wikidata.org/entity/Q93431401
https://ehkultura.wikibase.cloud/entity/Q26564	http://www.wikidata.org/entity/Q93435625
https://ehkultura.wikibase.cloud/entity/Q26548	http://www.wikidata.org/entity/Q95312758
https://ehkultura.wikibase.cloud/entity/Q25240	http://www.wikidata.org/entity/Q96756798
https://ehkultura.wikibase.cloud/entity/Q25395	http://www.wikidata.org/entity/Q100394759
https://ehkultura.wikibase.cloud/entity/Q25297	http://www.wikidata.org/entity/Q104833190
https://ehkultura.wikibase.cloud/entity/Q25264	http://www.wikidata.org/entity/Q105798425
https://ehkultura.wikibase.cloud/entity/Q25137	http://www.wikidata.org/entity/Q106643837
https://ehkultura.wikibase.cloud/entity/Q25416	http://www.wikidata.org/entity/Q106727862
https://ehkultura.wikibase.cloud/entity/Q26527	http://www.wikidata.org/entity/Q107629365
https://ehkultura.wikibase.cloud/entity/Q25443	http://www.wikidata.org/entity/Q110377528
https://ehkultura.wikibase.cloud/entity/Q25300	http://www.wikidata.org/entity/Q112414019
https://ehkultura.wikibase.cloud/entity/Q25231	http://www.wikidata.org/entity/Q112464891
https://ehkultura.wikibase.cloud/entity/Q26531	http://www.wikidata.org/entity/Q112271394
https://ehkultura.wikibase.cloud/entity/Q25404	http://www.wikidata.org/entity/Q112557714
https://ehkultura.wikibase.cloud/entity/Q26240	http://www.wikidata.org/entity/Q112421154
https://ehkultura.wikibase.cloud/entity/Q26256	http://www.wikidata.org/entity/Q112425231
https://ehkultura.wikibase.cloud/entity/Q25308	http://www.wikidata.org/entity/Q113629221
https://ehkultura.wikibase.cloud/entity/Q25259	http://www.wikidata.org/entity/Q113777186
https://ehkultura.wikibase.cloud/entity/Q26482	http://www.wikidata.org/entity/Q114917202
https://ehkultura.wikibase.cloud/entity/Q25291	http://www.wikidata.org/entity/Q115544143
https://ehkultura.wikibase.cloud/entity/Q26518	http://www.wikidata.org/entity/Q115282566
https://ehkultura.wikibase.cloud/entity/Q26259	http://www.wikidata.org/entity/Q116209730
https://ehkultura.wikibase.cloud/entity/Q25288	http://www.wikidata.org/entity/Q116738000
https://ehkultura.wikibase.cloud/entity/Q25179	http://www.wikidata.org/entity/Q116990607
https://ehkultura.wikibase.cloud/entity/Q25154	http://www.wikidata.org/entity/Q117191086
https://ehkultura.wikibase.cloud/entity/Q25168	http://www.wikidata.org/entity/Q118811981
https://ehkultura.wikibase.cloud/entity/Q25430	http://www.wikidata.org/entity/Q125213109
https://ehkultura.wikibase.cloud/entity/Q25411	http://www.wikidata.org/entity/Q126851083
https://ehkultura.wikibase.cloud/entity/Q26574	http://www.wikidata.org/entity/Q138795171
https://ehkultura.wikibase.cloud/entity/Q25245	http://www.wikidata.org/entity/Q7439
https://ehkultura.wikibase.cloud/entity/Q25396	http://www.wikidata.org/entity/Q9387
https://ehkultura.wikibase.cloud/entity/Q26160	http://www.wikidata.org/entity/Q55199
https://ehkultura.wikibase.cloud/entity/Q24782	http://www.wikidata.org/entity/Q159347
https://ehkultura.wikibase.cloud/entity/Q24878	http://www.wikidata.org/entity/Q144164
https://ehkultura.wikibase.cloud/entity/Q25132	http://www.wikidata.org/entity/Q77365
https://ehkultura.wikibase.cloud/entity/Q24893	http://www.wikidata.org/entity/Q185846
https://ehkultura.wikibase.cloud/entity/Q25042	http://www.wikidata.org/entity/Q275402
https://ehkultura.wikibase.cloud/entity/Q25043	http://www.wikidata.org/entity/Q286890
https://ehkultura.wikibase.cloud/entity/Q25078	http://www.wikidata.org/entity/Q353019
https://ehkultura.wikibase.cloud/entity/Q25059	http://www.wikidata.org/entity/Q380272
https://ehkultura.wikibase.cloud/entity/Q24895	http://www.wikidata.org/entity/Q436693
https://ehkultura.wikibase.cloud/entity/Q24899	http://www.wikidata.org/entity/Q498430
https://ehkultura.wikibase.cloud/entity/Q24944	http://www.wikidata.org/entity/Q544016
https://ehkultura.wikibase.cloud/entity/Q25077	http://www.wikidata.org/entity/Q524278
https://ehkultura.wikibase.cloud/entity/Q24781	http://www.wikidata.org/entity/Q611672
https://ehkultura.wikibase.cloud/entity/Q24992	http://www.wikidata.org/entity/Q601971
https://ehkultura.wikibase.cloud/entity/Q25079	http://www.wikidata.org/entity/Q694877
https://ehkultura.wikibase.cloud/entity/Q24795	http://www.wikidata.org/entity/Q808673
https://ehkultura.wikibase.cloud/entity/Q25053	http://www.wikidata.org/entity/Q944763
https://ehkultura.wikibase.cloud/entity/Q24796	http://www.wikidata.org/entity/Q1709345
https://ehkultura.wikibase.cloud/entity/Q24708	http://www.wikidata.org/entity/Q1771440
https://ehkultura.wikibase.cloud/entity/Q24978	http://www.wikidata.org/entity/Q1998209
https://ehkultura.wikibase.cloud/entity/Q24773	http://www.wikidata.org/entity/Q2939397
https://ehkultura.wikibase.cloud/entity/Q25073	http://www.wikidata.org/entity/Q2939245
https://ehkultura.wikibase.cloud/entity/Q25010	http://www.wikidata.org/entity/Q3081638
https://ehkultura.wikibase.cloud/entity/Q24908	http://www.wikidata.org/entity/Q3194804
https://ehkultura.wikibase.cloud/entity/Q24750	http://www.wikidata.org/entity/Q3289205
https://ehkultura.wikibase.cloud/entity/Q24890	http://www.wikidata.org/entity/Q3342570
https://ehkultura.wikibase.cloud/entity/Q24809	http://www.wikidata.org/entity/Q3380393
https://ehkultura.wikibase.cloud/entity/Q24811	http://www.wikidata.org/entity/Q3767755
https://ehkultura.wikibase.cloud/entity/Q24777	http://www.wikidata.org/entity/Q5237283
https://ehkultura.wikibase.cloud/entity/Q25023	http://www.wikidata.org/entity/Q5726138
https://ehkultura.wikibase.cloud/entity/Q24931	http://www.wikidata.org/entity/Q5984102
https://ehkultura.wikibase.cloud/entity/Q24847	http://www.wikidata.org/entity/Q6100851
https://ehkultura.wikibase.cloud/entity/Q25018	http://www.wikidata.org/entity/Q7121727
https://ehkultura.wikibase.cloud/entity/Q24804	http://www.wikidata.org/entity/Q7365116
https://ehkultura.wikibase.cloud/entity/Q24918	http://www.wikidata.org/entity/Q10346295
https://ehkultura.wikibase.cloud/entity/Q24849	http://www.wikidata.org/entity/Q11028853
https://ehkultura.wikibase.cloud/entity/Q24909	http://www.wikidata.org/entity/Q11473437
https://ehkultura.wikibase.cloud/entity/Q24774	http://www.wikidata.org/entity/Q11859962
https://ehkultura.wikibase.cloud/entity/Q24783	http://www.wikidata.org/entity/Q12260960
https://ehkultura.wikibase.cloud/entity/Q24905	http://www.wikidata.org/entity/Q12260902
https://ehkultura.wikibase.cloud/entity/Q25107	http://www.wikidata.org/entity/Q12270304
https://ehkultura.wikibase.cloud/entity/Q24859	http://www.wikidata.org/entity/Q15887747
https://ehkultura.wikibase.cloud/entity/Q24887	http://www.wikidata.org/entity/Q16977182
https://ehkultura.wikibase.cloud/entity/Q24808	http://www.wikidata.org/entity/Q19299913
https://ehkultura.wikibase.cloud/entity/Q24991	http://www.wikidata.org/entity/Q20716755
https://ehkultura.wikibase.cloud/entity/Q25094	http://www.wikidata.org/entity/Q21043031
https://ehkultura.wikibase.cloud/entity/Q25126	http://www.wikidata.org/entity/Q21071423
https://ehkultura.wikibase.cloud/entity/Q24841	http://www.wikidata.org/entity/Q24054874
https://ehkultura.wikibase.cloud/entity/Q25090	http://www.wikidata.org/entity/Q50184845
https://ehkultura.wikibase.cloud/entity/Q24984	http://www.wikidata.org/entity/Q55723334
https://ehkultura.wikibase.cloud/entity/Q25065	http://www.wikidata.org/entity/Q55998414
https://ehkultura.wikibase.cloud/entity/Q25015	http://www.wikidata.org/entity/Q56509853
https://ehkultura.wikibase.cloud/entity/Q25127	http://www.wikidata.org/entity/Q57008270
https://ehkultura.wikibase.cloud/entity/Q24759	http://www.wikidata.org/entity/Q58490657
https://ehkultura.wikibase.cloud/entity/Q24869	http://www.wikidata.org/entity/Q64744670
https://ehkultura.wikibase.cloud/entity/Q24975	http://www.wikidata.org/entity/Q76048785
https://ehkultura.wikibase.cloud/entity/Q24724	http://www.wikidata.org/entity/Q80823457
https://ehkultura.wikibase.cloud/entity/Q24921	http://www.wikidata.org/entity/Q85100972
https://ehkultura.wikibase.cloud/entity/Q24829	http://www.wikidata.org/entity/Q91373659
https://ehkultura.wikibase.cloud/entity/Q24753	http://www.wikidata.org/entity/Q91541101
https://ehkultura.wikibase.cloud/entity/Q24801	http://www.wikidata.org/entity/Q93222209
https://ehkultura.wikibase.cloud/entity/Q24754	http://www.wikidata.org/entity/Q93428874
https://ehkultura.wikibase.cloud/entity/Q24833	http://www.wikidata.org/entity/Q93434399
https://ehkultura.wikibase.cloud/entity/Q25088	http://www.wikidata.org/entity/Q93431342
https://ehkultura.wikibase.cloud/entity/Q24704	http://www.wikidata.org/entity/Q98997347
https://ehkultura.wikibase.cloud/entity/Q24946	http://www.wikidata.org/entity/Q99491599
https://ehkultura.wikibase.cloud/entity/Q24989	http://www.wikidata.org/entity/Q102239233
https://ehkultura.wikibase.cloud/entity/Q24926	http://www.wikidata.org/entity/Q102347060
https://ehkultura.wikibase.cloud/entity/Q25014	http://www.wikidata.org/entity/Q105063571
https://ehkultura.wikibase.cloud/entity/Q24715	http://www.wikidata.org/entity/Q107304930
https://ehkultura.wikibase.cloud/entity/Q25119	http://www.wikidata.org/entity/Q108682951
https://ehkultura.wikibase.cloud/entity/Q24951	http://www.wikidata.org/entity/Q110551908
https://ehkultura.wikibase.cloud/entity/Q24746	http://www.wikidata.org/entity/Q111901514
https://ehkultura.wikibase.cloud/entity/Q24700	http://www.wikidata.org/entity/Q112384189
https://ehkultura.wikibase.cloud/entity/Q24856	http://www.wikidata.org/entity/Q112389120
https://ehkultura.wikibase.cloud/entity/Q24838	http://www.wikidata.org/entity/Q112413538
https://ehkultura.wikibase.cloud/entity/Q24791	http://www.wikidata.org/entity/Q112438824
https://ehkultura.wikibase.cloud/entity/Q24850	http://www.wikidata.org/entity/Q112445782
https://ehkultura.wikibase.cloud/entity/Q24934	http://www.wikidata.org/entity/Q112506810
https://ehkultura.wikibase.cloud/entity/Q25009	http://www.wikidata.org/entity/Q112506753
https://ehkultura.wikibase.cloud/entity/Q24881	http://www.wikidata.org/entity/Q112549612
https://ehkultura.wikibase.cloud/entity/Q24897	http://www.wikidata.org/entity/Q112688987
https://ehkultura.wikibase.cloud/entity/Q25055	http://www.wikidata.org/entity/Q113136725
https://ehkultura.wikibase.cloud/entity/Q24907	http://www.wikidata.org/entity/Q113613003
https://ehkultura.wikibase.cloud/entity/Q24701	http://www.wikidata.org/entity/Q115965161
https://ehkultura.wikibase.cloud/entity/Q24912	http://www.wikidata.org/entity/Q120643150
https://ehkultura.wikibase.cloud/entity/Q24748	http://www.wikidata.org/entity/Q122947247
https://ehkultura.wikibase.cloud/entity/Q25128	http://www.wikidata.org/entity/Q122982472
https://ehkultura.wikibase.cloud/entity/Q24743	http://www.wikidata.org/entity/Q124636594
https://ehkultura.wikibase.cloud/entity/Q24997	http://www.wikidata.org/entity/Q124605862
https://ehkultura.wikibase.cloud/entity/Q25021	http://www.wikidata.org/entity/Q124746894
https://ehkultura.wikibase.cloud/entity/Q24867	http://www.wikidata.org/entity/Q125217390
https://ehkultura.wikibase.cloud/entity/Q24706	http://www.wikidata.org/entity/Q125304643
https://ehkultura.wikibase.cloud/entity/Q24749	http://www.wikidata.org/entity/Q125898891
https://ehkultura.wikibase.cloud/entity/Q24894	http://www.wikidata.org/entity/Q128840877
https://ehkultura.wikibase.cloud/entity/Q24970	http://www.wikidata.org/entity/Q131553397
https://ehkultura.wikibase.cloud/entity/Q24879	http://www.wikidata.org/entity/Q57395
https://ehkultura.wikibase.cloud/entity/Q34479	http://www.wikidata.org/entity/Q183528
https://ehkultura.wikibase.cloud/entity/Q34617	http://www.wikidata.org/entity/Q156128
https://ehkultura.wikibase.cloud/entity/Q34625	http://www.wikidata.org/entity/Q156386
https://ehkultura.wikibase.cloud/entity/Q34781	http://www.wikidata.org/entity/Q134262
https://ehkultura.wikibase.cloud/entity/Q34997	http://www.wikidata.org/entity/Q103754
https://ehkultura.wikibase.cloud/entity/Q35063	http://www.wikidata.org/entity/Q100233
https://ehkultura.wikibase.cloud/entity/Q35060	http://www.wikidata.org/entity/Q124990
https://ehkultura.wikibase.cloud/entity/Q34893	http://www.wikidata.org/entity/Q166585
https://ehkultura.wikibase.cloud/entity/Q34989	http://www.wikidata.org/entity/Q164562
https://ehkultura.wikibase.cloud/entity/Q34729	http://www.wikidata.org/entity/Q271187
https://ehkultura.wikibase.cloud/entity/Q34994	http://www.wikidata.org/entity/Q212990
https://ehkultura.wikibase.cloud/entity/Q34652	http://www.wikidata.org/entity/Q333509
https://ehkultura.wikibase.cloud/entity/Q34764	http://www.wikidata.org/entity/Q313758
https://ehkultura.wikibase.cloud/entity/Q34856	http://www.wikidata.org/entity/Q374760
https://ehkultura.wikibase.cloud/entity/Q34946	http://www.wikidata.org/entity/Q378157
https://ehkultura.wikibase.cloud/entity/Q35049	http://www.wikidata.org/entity/Q371337
https://ehkultura.wikibase.cloud/entity/Q34795	http://www.wikidata.org/entity/Q436782
https://ehkultura.wikibase.cloud/entity/Q34871	http://www.wikidata.org/entity/Q430804
https://ehkultura.wikibase.cloud/entity/Q35085	http://www.wikidata.org/entity/Q504150
https://ehkultura.wikibase.cloud/entity/Q34676	http://www.wikidata.org/entity/Q602798
https://ehkultura.wikibase.cloud/entity/Q34914	http://www.wikidata.org/entity/Q554406
https://ehkultura.wikibase.cloud/entity/Q35048	http://www.wikidata.org/entity/Q552700
https://ehkultura.wikibase.cloud/entity/Q34932	http://www.wikidata.org/entity/Q712095
https://ehkultura.wikibase.cloud/entity/Q34804	http://www.wikidata.org/entity/Q827228
https://ehkultura.wikibase.cloud/entity/Q34894	http://www.wikidata.org/entity/Q979226
https://ehkultura.wikibase.cloud/entity/Q34826	http://www.wikidata.org/entity/Q1132008
https://ehkultura.wikibase.cloud/entity/Q34951	http://www.wikidata.org/entity/Q1243754
https://ehkultura.wikibase.cloud/entity/Q34695	http://www.wikidata.org/entity/Q1340172
https://ehkultura.wikibase.cloud/entity/Q34803	http://www.wikidata.org/entity/Q1348839
https://ehkultura.wikibase.cloud/entity/Q34853	http://www.wikidata.org/entity/Q1384227
https://ehkultura.wikibase.cloud/entity/Q34668	http://www.wikidata.org/entity/Q1448739
https://ehkultura.wikibase.cloud/entity/Q34806	http://www.wikidata.org/entity/Q1437317
https://ehkultura.wikibase.cloud/entity/Q34715	http://www.wikidata.org/entity/Q2314462
https://ehkultura.wikibase.cloud/entity/Q34682	http://www.wikidata.org/entity/Q2344742
https://ehkultura.wikibase.cloud/entity/Q34765	http://www.wikidata.org/entity/Q2527217
https://ehkultura.wikibase.cloud/entity/Q34874	http://www.wikidata.org/entity/Q2617109
https://ehkultura.wikibase.cloud/entity/Q34549	http://www.wikidata.org/entity/Q2904994
https://ehkultura.wikibase.cloud/entity/Q34750	http://www.wikidata.org/entity/Q3118678
https://ehkultura.wikibase.cloud/entity/Q34940	http://www.wikidata.org/entity/Q3124537
https://ehkultura.wikibase.cloud/entity/Q34607	http://www.wikidata.org/entity/Q4961021
https://ehkultura.wikibase.cloud/entity/Q34916	http://www.wikidata.org/entity/Q5393705
https://ehkultura.wikibase.cloud/entity/Q34896	http://www.wikidata.org/entity/Q5549473
https://ehkultura.wikibase.cloud/entity/Q34649	http://www.wikidata.org/entity/Q5723221
https://ehkultura.wikibase.cloud/entity/Q34517	http://www.wikidata.org/entity/Q6014558
https://ehkultura.wikibase.cloud/entity/Q34618	http://www.wikidata.org/entity/Q6205370
https://ehkultura.wikibase.cloud/entity/Q38148	http://www.wikidata.org/entity/Q5943079
https://ehkultura.wikibase.cloud/entity/Q34783	http://www.wikidata.org/entity/Q6803177
https://ehkultura.wikibase.cloud/entity/Q35046	http://www.wikidata.org/entity/Q6834082
https://ehkultura.wikibase.cloud/entity/Q34644	http://www.wikidata.org/entity/Q7176406
https://ehkultura.wikibase.cloud/entity/Q34805	http://www.wikidata.org/entity/Q8559864
https://ehkultura.wikibase.cloud/entity/Q35090	http://www.wikidata.org/entity/Q11720951
https://ehkultura.wikibase.cloud/entity/Q35058	http://www.wikidata.org/entity/Q11890312
https://ehkultura.wikibase.cloud/entity/Q34590	http://www.wikidata.org/entity/Q15204849
https://ehkultura.wikibase.cloud/entity/Q34509	http://www.wikidata.org/entity/Q15993647
https://ehkultura.wikibase.cloud/entity/Q34688	http://www.wikidata.org/entity/Q15979014
https://ehkultura.wikibase.cloud/entity/Q34819	http://www.wikidata.org/entity/Q16176248
https://ehkultura.wikibase.cloud/entity/Q34820	http://www.wikidata.org/entity/Q16943469
https://ehkultura.wikibase.cloud/entity/Q35068	http://www.wikidata.org/entity/Q18386358
https://ehkultura.wikibase.cloud/entity/Q34704	http://www.wikidata.org/entity/Q18629036
https://ehkultura.wikibase.cloud/entity/Q34633	http://www.wikidata.org/entity/Q20003329
https://ehkultura.wikibase.cloud/entity/Q34830	http://www.wikidata.org/entity/Q20903150
https://ehkultura.wikibase.cloud/entity/Q34832	http://www.wikidata.org/entity/Q21063581
https://ehkultura.wikibase.cloud/entity/Q34554	http://www.wikidata.org/entity/Q30156283
https://ehkultura.wikibase.cloud/entity/Q34551	http://www.wikidata.org/entity/Q33122317
https://ehkultura.wikibase.cloud/entity/Q34634	http://www.wikidata.org/entity/Q42314621
https://ehkultura.wikibase.cloud/entity/Q34884	http://www.wikidata.org/entity/Q55937759
https://ehkultura.wikibase.cloud/entity/Q34917	http://www.wikidata.org/entity/Q55949860
https://ehkultura.wikibase.cloud/entity/Q34927	http://www.wikidata.org/entity/Q55949393
https://ehkultura.wikibase.cloud/entity/Q34596	http://www.wikidata.org/entity/Q57659961
https://ehkultura.wikibase.cloud/entity/Q34657	http://www.wikidata.org/entity/Q58346125
https://ehkultura.wikibase.cloud/entity/Q35033	http://www.wikidata.org/entity/Q61837234
https://ehkultura.wikibase.cloud/entity/Q34739	http://www.wikidata.org/entity/Q63254022
https://ehkultura.wikibase.cloud/entity/Q34716	http://www.wikidata.org/entity/Q70873079
https://ehkultura.wikibase.cloud/entity/Q34651	http://www.wikidata.org/entity/Q76063397
https://ehkultura.wikibase.cloud/entity/Q34488	http://www.wikidata.org/entity/Q76133505
https://ehkultura.wikibase.cloud/entity/Q34713	http://www.wikidata.org/entity/Q85101501
https://ehkultura.wikibase.cloud/entity/Q35089	http://www.wikidata.org/entity/Q90752009
https://ehkultura.wikibase.cloud/entity/Q34523	http://www.wikidata.org/entity/Q93269453
https://ehkultura.wikibase.cloud/entity/Q34906	http://www.wikidata.org/entity/Q93239402
https://ehkultura.wikibase.cloud/entity/Q34718	http://www.wikidata.org/entity/Q93433776
https://ehkultura.wikibase.cloud/entity/Q34992	http://www.wikidata.org/entity/Q94296615
https://ehkultura.wikibase.cloud/entity/Q34712	http://www.wikidata.org/entity/Q95208201
https://ehkultura.wikibase.cloud/entity/Q34778	http://www.wikidata.org/entity/Q96351186
https://ehkultura.wikibase.cloud/entity/Q35050	http://www.wikidata.org/entity/Q102413304
https://ehkultura.wikibase.cloud/entity/Q34647	http://www.wikidata.org/entity/Q105613598
https://ehkultura.wikibase.cloud/entity/Q34584	http://www.wikidata.org/entity/Q108705928
https://ehkultura.wikibase.cloud/entity/Q34646	http://www.wikidata.org/entity/Q112460847
https://ehkultura.wikibase.cloud/entity/Q34793	http://www.wikidata.org/entity/Q112445664
https://ehkultura.wikibase.cloud/entity/Q34539	http://www.wikidata.org/entity/Q112511791
https://ehkultura.wikibase.cloud/entity/Q34876	http://www.wikidata.org/entity/Q117794044
https://ehkultura.wikibase.cloud/entity/Q34571	http://www.wikidata.org/entity/Q118818984
https://ehkultura.wikibase.cloud/entity/Q34557	http://www.wikidata.org/entity/Q124856195
https://ehkultura.wikibase.cloud/entity/Q35055	http://www.wikidata.org/entity/Q130768085
https://ehkultura.wikibase.cloud/entity/Q34505	http://www.wikidata.org/entity/Q59204
https://ehkultura.wikibase.cloud/entity/Q34620	http://www.wikidata.org/entity/Q45723
https://ehkultura.wikibase.cloud/entity/Q34910	http://www.wikidata.org/entity/Q1512
https://ehkultura.wikibase.cloud/entity/Q34855	http://www.wikidata.org/entity/Q43773
https://ehkultura.wikibase.cloud/entity/Q39703	http://www.wikidata.org/entity/Q90743
https://ehkultura.wikibase.cloud/entity/Q40120	http://www.wikidata.org/entity/Q76729
https://ehkultura.wikibase.cloud/entity/Q40134	http://www.wikidata.org/entity/Q160435
https://ehkultura.wikibase.cloud/entity/Q39850	http://www.wikidata.org/entity/Q235165
https://ehkultura.wikibase.cloud/entity/Q39880	http://www.wikidata.org/entity/Q261397
https://ehkultura.wikibase.cloud/entity/Q39911	http://www.wikidata.org/entity/Q274246
https://ehkultura.wikibase.cloud/entity/Q39770	http://www.wikidata.org/entity/Q312859
https://ehkultura.wikibase.cloud/entity/Q39900	http://www.wikidata.org/entity/Q315647
https://ehkultura.wikibase.cloud/entity/Q40229	http://www.wikidata.org/entity/Q253350
https://ehkultura.wikibase.cloud/entity/Q39832	http://www.wikidata.org/entity/Q355265
https://ehkultura.wikibase.cloud/entity/Q40160	http://www.wikidata.org/entity/Q321099
https://ehkultura.wikibase.cloud/entity/Q39945	http://www.wikidata.org/entity/Q453839
https://ehkultura.wikibase.cloud/entity/Q39967	http://www.wikidata.org/entity/Q453775
https://ehkultura.wikibase.cloud/entity/Q39975	http://www.wikidata.org/entity/Q459041
https://ehkultura.wikibase.cloud/entity/Q40228	http://www.wikidata.org/entity/Q543809
https://ehkultura.wikibase.cloud/entity/Q39827	http://www.wikidata.org/entity/Q711906
https://ehkultura.wikibase.cloud/entity/Q39788	http://www.wikidata.org/entity/Q1384403
https://ehkultura.wikibase.cloud/entity/Q40034	http://www.wikidata.org/entity/Q1377687
https://ehkultura.wikibase.cloud/entity/Q40239	http://www.wikidata.org/entity/Q1442093
https://ehkultura.wikibase.cloud/entity/Q39779	http://www.wikidata.org/entity/Q1601076
https://ehkultura.wikibase.cloud/entity/Q39807	http://www.wikidata.org/entity/Q1631980
https://ehkultura.wikibase.cloud/entity/Q40069	http://www.wikidata.org/entity/Q1716484
https://ehkultura.wikibase.cloud/entity/Q40078	http://www.wikidata.org/entity/Q2150582
https://ehkultura.wikibase.cloud/entity/Q39685	http://www.wikidata.org/entity/Q2504557
https://ehkultura.wikibase.cloud/entity/Q39724	http://www.wikidata.org/entity/Q2743181
https://ehkultura.wikibase.cloud/entity/Q39918	http://www.wikidata.org/entity/Q3047600
https://ehkultura.wikibase.cloud/entity/Q39917	http://www.wikidata.org/entity/Q3133025
https://ehkultura.wikibase.cloud/entity/Q39822	http://www.wikidata.org/entity/Q3694262
https://ehkultura.wikibase.cloud/entity/Q39694	http://www.wikidata.org/entity/Q3894598
https://ehkultura.wikibase.cloud/entity/Q39976	http://www.wikidata.org/entity/Q3939143
https://ehkultura.wikibase.cloud/entity/Q39692	http://www.wikidata.org/entity/Q4813388
https://ehkultura.wikibase.cloud/entity/Q40172	http://www.wikidata.org/entity/Q4707949
https://ehkultura.wikibase.cloud/entity/Q40085	http://www.wikidata.org/entity/Q5200846
https://ehkultura.wikibase.cloud/entity/Q39691	http://www.wikidata.org/entity/Q5364859
https://ehkultura.wikibase.cloud/entity/Q40177	http://www.wikidata.org/entity/Q5340705
https://ehkultura.wikibase.cloud/entity/Q39801	http://www.wikidata.org/entity/Q5663448
https://ehkultura.wikibase.cloud/entity/Q39879	http://www.wikidata.org/entity/Q5658352
https://ehkultura.wikibase.cloud/entity/Q39999	http://www.wikidata.org/entity/Q5650777
https://ehkultura.wikibase.cloud/entity/Q40158	http://www.wikidata.org/entity/Q5833975
https://ehkultura.wikibase.cloud/entity/Q40040	http://www.wikidata.org/entity/Q5990110
https://ehkultura.wikibase.cloud/entity/Q39875	http://www.wikidata.org/entity/Q6100511
https://ehkultura.wikibase.cloud/entity/Q39707	http://www.wikidata.org/entity/Q6229522
https://ehkultura.wikibase.cloud/entity/Q39826	http://www.wikidata.org/entity/Q6405154
https://ehkultura.wikibase.cloud/entity/Q39687	http://www.wikidata.org/entity/Q6456000
https://ehkultura.wikibase.cloud/entity/Q39993	http://www.wikidata.org/entity/Q6962876
https://ehkultura.wikibase.cloud/entity/Q39784	http://www.wikidata.org/entity/Q7267877
https://ehkultura.wikibase.cloud/entity/Q39841	http://www.wikidata.org/entity/Q7367426
https://ehkultura.wikibase.cloud/entity/Q39706	http://www.wikidata.org/entity/Q9023549
https://ehkultura.wikibase.cloud/entity/Q40138	http://www.wikidata.org/entity/Q11756473
https://ehkultura.wikibase.cloud/entity/Q40101	http://www.wikidata.org/entity/Q12262700
https://ehkultura.wikibase.cloud/entity/Q40206	http://www.wikidata.org/entity/Q15842933
https://ehkultura.wikibase.cloud/entity/Q40145	http://www.wikidata.org/entity/Q16165783
https://ehkultura.wikibase.cloud/entity/Q40222	http://www.wikidata.org/entity/Q16499833
https://ehkultura.wikibase.cloud/entity/Q40140	http://www.wikidata.org/entity/Q17035145
https://ehkultura.wikibase.cloud/entity/Q40070	http://www.wikidata.org/entity/Q18346337
https://ehkultura.wikibase.cloud/entity/Q39750	http://www.wikidata.org/entity/Q19267790
https://ehkultura.wikibase.cloud/entity/Q39766	http://www.wikidata.org/entity/Q19291040
https://ehkultura.wikibase.cloud/entity/Q40141	http://www.wikidata.org/entity/Q20101690
https://ehkultura.wikibase.cloud/entity/Q40143	http://www.wikidata.org/entity/Q20101676
https://ehkultura.wikibase.cloud/entity/Q39704	http://www.wikidata.org/entity/Q28165107
https://ehkultura.wikibase.cloud/entity/Q39872	http://www.wikidata.org/entity/Q28791291
https://ehkultura.wikibase.cloud/entity/Q39721	http://www.wikidata.org/entity/Q40998854
https://ehkultura.wikibase.cloud/entity/Q39867	http://www.wikidata.org/entity/Q55991979
https://ehkultura.wikibase.cloud/entity/Q40117	http://www.wikidata.org/entity/Q56000870
https://ehkultura.wikibase.cloud/entity/Q40083	http://www.wikidata.org/entity/Q59610169
https://ehkultura.wikibase.cloud/entity/Q39857	http://www.wikidata.org/entity/Q61041711
https://ehkultura.wikibase.cloud/entity/Q39912	http://www.wikidata.org/entity/Q63349139
https://ehkultura.wikibase.cloud/entity/Q39939	http://www.wikidata.org/entity/Q64767752
https://ehkultura.wikibase.cloud/entity/Q39746	http://www.wikidata.org/entity/Q86465732
https://ehkultura.wikibase.cloud/entity/Q40137	http://www.wikidata.org/entity/Q86739924
https://ehkultura.wikibase.cloud/entity/Q39955	http://www.wikidata.org/entity/Q91779296
https://ehkultura.wikibase.cloud/entity/Q39910	http://www.wikidata.org/entity/Q93237733
https://ehkultura.wikibase.cloud/entity/Q39874	http://www.wikidata.org/entity/Q95263276
https://ehkultura.wikibase.cloud/entity/Q39739	http://www.wikidata.org/entity/Q96066785
https://ehkultura.wikibase.cloud/entity/Q40248	http://www.wikidata.org/entity/Q98250979
https://ehkultura.wikibase.cloud/entity/Q40039	http://www.wikidata.org/entity/Q102527794
https://ehkultura.wikibase.cloud/entity/Q40029	http://www.wikidata.org/entity/Q106511721
https://ehkultura.wikibase.cloud/entity/Q39853	http://www.wikidata.org/entity/Q106882106
https://ehkultura.wikibase.cloud/entity/Q40148	http://www.wikidata.org/entity/Q106822370
https://ehkultura.wikibase.cloud/entity/Q40178	http://www.wikidata.org/entity/Q106941110
https://ehkultura.wikibase.cloud/entity/Q40096	http://www.wikidata.org/entity/Q108586406
https://ehkultura.wikibase.cloud/entity/Q39802	http://www.wikidata.org/entity/Q111709529
https://ehkultura.wikibase.cloud/entity/Q39736	http://www.wikidata.org/entity/Q112468580
https://ehkultura.wikibase.cloud/entity/Q39908	http://www.wikidata.org/entity/Q112469399
https://ehkultura.wikibase.cloud/entity/Q39825	http://www.wikidata.org/entity/Q112540806
https://ehkultura.wikibase.cloud/entity/Q39936	http://www.wikidata.org/entity/Q112519681
https://ehkultura.wikibase.cloud/entity/Q40260	http://www.wikidata.org/entity/Q112481060
https://ehkultura.wikibase.cloud/entity/Q40103	http://www.wikidata.org/entity/Q112523315
https://ehkultura.wikibase.cloud/entity/Q39980	http://www.wikidata.org/entity/Q114837499
https://ehkultura.wikibase.cloud/entity/Q39671	http://www.wikidata.org/entity/Q117121652
https://ehkultura.wikibase.cloud/entity/Q39785	http://www.wikidata.org/entity/Q118811281
https://ehkultura.wikibase.cloud/entity/Q40258	http://www.wikidata.org/entity/Q124850007
https://ehkultura.wikibase.cloud/entity/Q40062	http://www.wikidata.org/entity/Q125208664
https://ehkultura.wikibase.cloud/entity/Q40211	http://www.wikidata.org/entity/Q130775941
https://ehkultura.wikibase.cloud/entity/Q39757	http://www.wikidata.org/entity/Q24150
https://ehkultura.wikibase.cloud/entity/Q39723	http://www.wikidata.org/entity/Q50049
https://ehkultura.wikibase.cloud/entity/Q39984	http://www.wikidata.org/entity/Q30755
https://ehkultura.wikibase.cloud/entity/Q40021	http://www.wikidata.org/entity/Q44252
https://ehkultura.wikibase.cloud/entity/Q41715	http://www.wikidata.org/entity/Q84312
https://ehkultura.wikibase.cloud/entity/Q41774	http://www.wikidata.org/entity/Q76112
https://ehkultura.wikibase.cloud/entity/Q41816	http://www.wikidata.org/entity/Q76853
https://ehkultura.wikibase.cloud/entity/Q41839	http://www.wikidata.org/entity/Q101640
https://ehkultura.wikibase.cloud/entity/Q41924	http://www.wikidata.org/entity/Q82778
https://ehkultura.wikibase.cloud/entity/Q42018	http://www.wikidata.org/entity/Q97713
https://ehkultura.wikibase.cloud/entity/Q41987	http://www.wikidata.org/entity/Q193803
https://ehkultura.wikibase.cloud/entity/Q41881	http://www.wikidata.org/entity/Q240253
https://ehkultura.wikibase.cloud/entity/Q41922	http://www.wikidata.org/entity/Q238702
https://ehkultura.wikibase.cloud/entity/Q41796	http://www.wikidata.org/entity/Q315059
https://ehkultura.wikibase.cloud/entity/Q41741	http://www.wikidata.org/entity/Q449821
https://ehkultura.wikibase.cloud/entity/Q41956	http://www.wikidata.org/entity/Q435920
https://ehkultura.wikibase.cloud/entity/Q41854	http://www.wikidata.org/entity/Q460109
https://ehkultura.wikibase.cloud/entity/Q40770	http://www.wikidata.org/entity/Q17037716
https://ehkultura.wikibase.cloud/entity/Q40623	http://www.wikidata.org/entity/Q17277299
https://ehkultura.wikibase.cloud/entity/Q40779	http://www.wikidata.org/entity/Q17466036
https://ehkultura.wikibase.cloud/entity/Q40410	http://www.wikidata.org/entity/Q18649897
https://ehkultura.wikibase.cloud/entity/Q40715	http://www.wikidata.org/entity/Q19594545
https://ehkultura.wikibase.cloud/entity/Q40720	http://www.wikidata.org/entity/Q19877022
https://ehkultura.wikibase.cloud/entity/Q40439	http://www.wikidata.org/entity/Q20856127
https://ehkultura.wikibase.cloud/entity/Q40398	http://www.wikidata.org/entity/Q21547385
https://ehkultura.wikibase.cloud/entity/Q40373	http://www.wikidata.org/entity/Q21849447
https://ehkultura.wikibase.cloud/entity/Q40403	http://www.wikidata.org/entity/Q22082538
https://ehkultura.wikibase.cloud/entity/Q40872	http://www.wikidata.org/entity/Q23059266
https://ehkultura.wikibase.cloud/entity/Q40903	http://www.wikidata.org/entity/Q25931345
https://ehkultura.wikibase.cloud/entity/Q40588	http://www.wikidata.org/entity/Q28119480
https://ehkultura.wikibase.cloud/entity/Q40570	http://www.wikidata.org/entity/Q28604525
https://ehkultura.wikibase.cloud/entity/Q40510	http://www.wikidata.org/entity/Q29043210
https://ehkultura.wikibase.cloud/entity/Q40420	http://www.wikidata.org/entity/Q29310032
https://ehkultura.wikibase.cloud/entity/Q40683	http://www.wikidata.org/entity/Q31281937
https://ehkultura.wikibase.cloud/entity/Q40433	http://www.wikidata.org/entity/Q47183728
https://ehkultura.wikibase.cloud/entity/Q40755	http://www.wikidata.org/entity/Q55220019
https://ehkultura.wikibase.cloud/entity/Q40890	http://www.wikidata.org/entity/Q55219683
https://ehkultura.wikibase.cloud/entity/Q40893	http://www.wikidata.org/entity/Q55946325
https://ehkultura.wikibase.cloud/entity/Q40742	http://www.wikidata.org/entity/Q57083333
https://ehkultura.wikibase.cloud/entity/Q40811	http://www.wikidata.org/entity/Q57078445
https://ehkultura.wikibase.cloud/entity/Q40273	http://www.wikidata.org/entity/Q59857956
https://ehkultura.wikibase.cloud/entity/Q40840	http://www.wikidata.org/entity/Q60829186
https://ehkultura.wikibase.cloud/entity/Q40317	http://www.wikidata.org/entity/Q67540105
https://ehkultura.wikibase.cloud/entity/Q40794	http://www.wikidata.org/entity/Q75521569
https://ehkultura.wikibase.cloud/entity/Q40874	http://www.wikidata.org/entity/Q75672278
https://ehkultura.wikibase.cloud/entity/Q40272	http://www.wikidata.org/entity/Q82646565
https://ehkultura.wikibase.cloud/entity/Q40389	http://www.wikidata.org/entity/Q86726079
https://ehkultura.wikibase.cloud/entity/Q40633	http://www.wikidata.org/entity/Q93431870
https://ehkultura.wikibase.cloud/entity/Q40885	http://www.wikidata.org/entity/Q95751745
https://ehkultura.wikibase.cloud/entity/Q40301	http://www.wikidata.org/entity/Q96756787
https://ehkultura.wikibase.cloud/entity/Q40842	http://www.wikidata.org/entity/Q100949159
https://ehkultura.wikibase.cloud/entity/Q40857	http://www.wikidata.org/entity/Q104583519
https://ehkultura.wikibase.cloud/entity/Q40537	http://www.wikidata.org/entity/Q106308111
https://ehkultura.wikibase.cloud/entity/Q40271	http://www.wikidata.org/entity/Q111033195
https://ehkultura.wikibase.cloud/entity/Q40397	http://www.wikidata.org/entity/Q111995015
https://ehkultura.wikibase.cloud/entity/Q40776	http://www.wikidata.org/entity/Q112074745
https://ehkultura.wikibase.cloud/entity/Q40726	http://www.wikidata.org/entity/Q112409495
https://ehkultura.wikibase.cloud/entity/Q40655	http://www.wikidata.org/entity/Q112427387
https://ehkultura.wikibase.cloud/entity/Q40732	http://www.wikidata.org/entity/Q112431567
https://ehkultura.wikibase.cloud/entity/Q40774	http://www.wikidata.org/entity/Q112442409
https://ehkultura.wikibase.cloud/entity/Q40758	http://www.wikidata.org/entity/Q112467455
https://ehkultura.wikibase.cloud/entity/Q40859	http://www.wikidata.org/entity/Q113500780
https://ehkultura.wikibase.cloud/entity/Q40710	http://www.wikidata.org/entity/Q113823670
https://ehkultura.wikibase.cloud/entity/Q40825	http://www.wikidata.org/entity/Q114062892
https://ehkultura.wikibase.cloud/entity/Q40405	http://www.wikidata.org/entity/Q114413355
https://ehkultura.wikibase.cloud/entity/Q40340	http://www.wikidata.org/entity/Q118830250
https://ehkultura.wikibase.cloud/entity/Q40470	http://www.wikidata.org/entity/Q124052098
https://ehkultura.wikibase.cloud/entity/Q40698	http://www.wikidata.org/entity/Q124643754
https://ehkultura.wikibase.cloud/entity/Q40388	http://www.wikidata.org/entity/Q124846307
https://ehkultura.wikibase.cloud/entity/Q40416	http://www.wikidata.org/entity/Q124850599
https://ehkultura.wikibase.cloud/entity/Q40584	http://www.wikidata.org/entity/Q125297352
https://ehkultura.wikibase.cloud/entity/Q40891	http://www.wikidata.org/entity/Q125299803
https://ehkultura.wikibase.cloud/entity/Q41721	http://www.wikidata.org/entity/Q543559
https://ehkultura.wikibase.cloud/entity/Q41815	http://www.wikidata.org/entity/Q574843
https://ehkultura.wikibase.cloud/entity/Q41925	http://www.wikidata.org/entity/Q551710
https://ehkultura.wikibase.cloud/entity/Q42099	http://www.wikidata.org/entity/Q514859
https://ehkultura.wikibase.cloud/entity/Q41931	http://www.wikidata.org/entity/Q584128
https://ehkultura.wikibase.cloud/entity/Q42114	http://www.wikidata.org/entity/Q566684
https://ehkultura.wikibase.cloud/entity/Q41717	http://www.wikidata.org/entity/Q663351
https://ehkultura.wikibase.cloud/entity/Q41920	http://www.wikidata.org/entity/Q1329421
https://ehkultura.wikibase.cloud/entity/Q41707	http://www.wikidata.org/entity/Q1403573
https://ehkultura.wikibase.cloud/entity/Q41884	http://www.wikidata.org/entity/Q1422563
https://ehkultura.wikibase.cloud/entity/Q41754	http://www.wikidata.org/entity/Q1454098
https://ehkultura.wikibase.cloud/entity/Q41833	http://www.wikidata.org/entity/Q1931121
https://ehkultura.wikibase.cloud/entity/Q42089	http://www.wikidata.org/entity/Q2227382
https://ehkultura.wikibase.cloud/entity/Q41795	http://www.wikidata.org/entity/Q2578761
https://ehkultura.wikibase.cloud/entity/Q41807	http://www.wikidata.org/entity/Q2628226
https://ehkultura.wikibase.cloud/entity/Q41716	http://www.wikidata.org/entity/Q2857569
https://ehkultura.wikibase.cloud/entity/Q41827	http://www.wikidata.org/entity/Q4700337
https://ehkultura.wikibase.cloud/entity/Q41702	http://www.wikidata.org/entity/Q4960717
https://ehkultura.wikibase.cloud/entity/Q42083	http://www.wikidata.org/entity/Q5531153
https://ehkultura.wikibase.cloud/entity/Q42042	http://www.wikidata.org/entity/Q5831237
https://ehkultura.wikibase.cloud/entity/Q41706	http://www.wikidata.org/entity/Q6792238
https://ehkultura.wikibase.cloud/entity/Q41748	http://www.wikidata.org/entity/Q11168589
https://ehkultura.wikibase.cloud/entity/Q42080	http://www.wikidata.org/entity/Q11935401
https://ehkultura.wikibase.cloud/entity/Q41752	http://www.wikidata.org/entity/Q16492091
https://ehkultura.wikibase.cloud/entity/Q41932	http://www.wikidata.org/entity/Q16766257
https://ehkultura.wikibase.cloud/entity/Q41930	http://www.wikidata.org/entity/Q16885768
https://ehkultura.wikibase.cloud/entity/Q42097	http://www.wikidata.org/entity/Q20003595
https://ehkultura.wikibase.cloud/entity/Q41718	http://www.wikidata.org/entity/Q20966490
https://ehkultura.wikibase.cloud/entity/Q41744	http://www.wikidata.org/entity/Q24053770
https://ehkultura.wikibase.cloud/entity/Q41828	http://www.wikidata.org/entity/Q27452180
https://ehkultura.wikibase.cloud/entity/Q41883	http://www.wikidata.org/entity/Q29220820
https://ehkultura.wikibase.cloud/entity/Q41866	http://www.wikidata.org/entity/Q30914854
https://ehkultura.wikibase.cloud/entity/Q42059	http://www.wikidata.org/entity/Q55725640
https://ehkultura.wikibase.cloud/entity/Q41860	http://www.wikidata.org/entity/Q56310073
https://ehkultura.wikibase.cloud/entity/Q41947	http://www.wikidata.org/entity/Q59610523
https://ehkultura.wikibase.cloud/entity/Q41849	http://www.wikidata.org/entity/Q59689612
https://ehkultura.wikibase.cloud/entity/Q41914	http://www.wikidata.org/entity/Q77041012
https://ehkultura.wikibase.cloud/entity/Q42084	http://www.wikidata.org/entity/Q85842242
https://ehkultura.wikibase.cloud/entity/Q41971	http://www.wikidata.org/entity/Q93240171
https://ehkultura.wikibase.cloud/entity/Q41751	http://www.wikidata.org/entity/Q93371830
https://ehkultura.wikibase.cloud/entity/Q41713	http://www.wikidata.org/entity/Q93415012
https://ehkultura.wikibase.cloud/entity/Q41850	http://www.wikidata.org/entity/Q93434179
https://ehkultura.wikibase.cloud/entity/Q41819	http://www.wikidata.org/entity/Q106160423
https://ehkultura.wikibase.cloud/entity/Q41701	http://www.wikidata.org/entity/Q106843478
https://ehkultura.wikibase.cloud/entity/Q41895	http://www.wikidata.org/entity/Q109389274
https://ehkultura.wikibase.cloud/entity/Q41780	http://www.wikidata.org/entity/Q110056463
https://ehkultura.wikibase.cloud/entity/Q41769	http://www.wikidata.org/entity/Q110165093
https://ehkultura.wikibase.cloud/entity/Q41710	http://www.wikidata.org/entity/Q112446267
https://ehkultura.wikibase.cloud/entity/Q41743	http://www.wikidata.org/entity/Q112459378
https://ehkultura.wikibase.cloud/entity/Q41940	http://www.wikidata.org/entity/Q112501381
https://ehkultura.wikibase.cloud/entity/Q41722	http://www.wikidata.org/entity/Q117222083
https://ehkultura.wikibase.cloud/entity/Q41851	http://www.wikidata.org/entity/Q117215153
https://ehkultura.wikibase.cloud/entity/Q42030	http://www.wikidata.org/entity/Q117319825
https://ehkultura.wikibase.cloud/entity/Q41927	http://www.wikidata.org/entity/Q125209264
https://ehkultura.wikibase.cloud/entity/Q41939	http://www.wikidata.org/entity/Q136540139
https://ehkultura.wikibase.cloud/entity/Q41826	http://www.wikidata.org/entity/Q28189
https://ehkultura.wikibase.cloud/entity/Q41918	http://www.wikidata.org/entity/Q6515
https://ehkultura.wikibase.cloud/entity/Q42072	http://www.wikidata.org/entity/Q7243
https://ehkultura.wikibase.cloud/entity/Q39315	http://www.wikidata.org/entity/Q84207
https://ehkultura.wikibase.cloud/entity/Q39294	http://www.wikidata.org/entity/Q91852
https://ehkultura.wikibase.cloud/entity/Q39304	http://www.wikidata.org/entity/Q97830
https://ehkultura.wikibase.cloud/entity/Q39351	http://www.wikidata.org/entity/Q224029
https://ehkultura.wikibase.cloud/entity/Q39625	http://www.wikidata.org/entity/Q167821
https://ehkultura.wikibase.cloud/entity/Q39404	http://www.wikidata.org/entity/Q273572
https://ehkultura.wikibase.cloud/entity/Q39616	http://www.wikidata.org/entity/Q229351
https://ehkultura.wikibase.cloud/entity/Q39572	http://www.wikidata.org/entity/Q243240
https://ehkultura.wikibase.cloud/entity/Q39554	http://www.wikidata.org/entity/Q298814
https://ehkultura.wikibase.cloud/entity/Q39383	http://www.wikidata.org/entity/Q381044
https://ehkultura.wikibase.cloud/entity/Q39160	http://www.wikidata.org/entity/Q467337
https://ehkultura.wikibase.cloud/entity/Q39358	http://www.wikidata.org/entity/Q460183
https://ehkultura.wikibase.cloud/entity/Q39464	http://www.wikidata.org/entity/Q447070
https://ehkultura.wikibase.cloud/entity/Q39438	http://www.wikidata.org/entity/Q454010
https://ehkultura.wikibase.cloud/entity/Q39249	http://www.wikidata.org/entity/Q522879
https://ehkultura.wikibase.cloud/entity/Q39172	http://www.wikidata.org/entity/Q683876
https://ehkultura.wikibase.cloud/entity/Q39571	http://www.wikidata.org/entity/Q723234
https://ehkultura.wikibase.cloud/entity/Q39262	http://www.wikidata.org/entity/Q924426
https://ehkultura.wikibase.cloud/entity/Q39626	http://www.wikidata.org/entity/Q956533
https://ehkultura.wikibase.cloud/entity/Q39663	http://www.wikidata.org/entity/Q1066309
https://ehkultura.wikibase.cloud/entity/Q39151	http://www.wikidata.org/entity/Q1506089
https://ehkultura.wikibase.cloud/entity/Q39343	http://www.wikidata.org/entity/Q1684581
https://ehkultura.wikibase.cloud/entity/Q39243	http://www.wikidata.org/entity/Q2268627
https://ehkultura.wikibase.cloud/entity/Q39254	http://www.wikidata.org/entity/Q2504534
https://ehkultura.wikibase.cloud/entity/Q39636	http://www.wikidata.org/entity/Q2546883
https://ehkultura.wikibase.cloud/entity/Q39272	http://www.wikidata.org/entity/Q2752780
https://ehkultura.wikibase.cloud/entity/Q39298	http://www.wikidata.org/entity/Q2830359
https://ehkultura.wikibase.cloud/entity/Q39130	http://www.wikidata.org/entity/Q3341140
https://ehkultura.wikibase.cloud/entity/Q39430	http://www.wikidata.org/entity/Q3335603
https://ehkultura.wikibase.cloud/entity/Q39537	http://www.wikidata.org/entity/Q3387246
https://ehkultura.wikibase.cloud/entity/Q39247	http://www.wikidata.org/entity/Q3567320
https://ehkultura.wikibase.cloud/entity/Q39222	http://www.wikidata.org/entity/Q3742984
https://ehkultura.wikibase.cloud/entity/Q39423	http://www.wikidata.org/entity/Q3779494
https://ehkultura.wikibase.cloud/entity/Q39633	http://www.wikidata.org/entity/Q3753238
https://ehkultura.wikibase.cloud/entity/Q39119	http://www.wikidata.org/entity/Q5006342
https://ehkultura.wikibase.cloud/entity/Q39380	http://www.wikidata.org/entity/Q5052747
https://ehkultura.wikibase.cloud/entity/Q39575	http://www.wikidata.org/entity/Q5082331
https://ehkultura.wikibase.cloud/entity/Q39546	http://www.wikidata.org/entity/Q5112716
https://ehkultura.wikibase.cloud/entity/Q39187	http://www.wikidata.org/entity/Q5591569
https://ehkultura.wikibase.cloud/entity/Q39350	http://www.wikidata.org/entity/Q5699531
https://ehkultura.wikibase.cloud/entity/Q39566	http://www.wikidata.org/entity/Q5802668
https://ehkultura.wikibase.cloud/entity/Q39363	http://www.wikidata.org/entity/Q5993564
https://ehkultura.wikibase.cloud/entity/Q39485	http://www.wikidata.org/entity/Q5977532
https://ehkultura.wikibase.cloud/entity/Q39192	http://www.wikidata.org/entity/Q6099838
https://ehkultura.wikibase.cloud/entity/Q39194	http://www.wikidata.org/entity/Q6361330
https://ehkultura.wikibase.cloud/entity/Q39316	http://www.wikidata.org/entity/Q6780855
https://ehkultura.wikibase.cloud/entity/Q39286	http://www.wikidata.org/entity/Q6834695
https://ehkultura.wikibase.cloud/entity/Q39518	http://www.wikidata.org/entity/Q7063917
https://ehkultura.wikibase.cloud/entity/Q39219	http://www.wikidata.org/entity/Q8245240
https://ehkultura.wikibase.cloud/entity/Q39217	http://www.wikidata.org/entity/Q8353111
https://ehkultura.wikibase.cloud/entity/Q39122	http://www.wikidata.org/entity/Q9011964
https://ehkultura.wikibase.cloud/entity/Q39564	http://www.wikidata.org/entity/Q8963706
https://ehkultura.wikibase.cloud/entity/Q39425	http://www.wikidata.org/entity/Q10882215
https://ehkultura.wikibase.cloud/entity/Q39256	http://www.wikidata.org/entity/Q11461242
https://ehkultura.wikibase.cloud/entity/Q39542	http://www.wikidata.org/entity/Q12266465
https://ehkultura.wikibase.cloud/entity/Q39408	http://www.wikidata.org/entity/Q12305501
https://ehkultura.wikibase.cloud/entity/Q39618	http://www.wikidata.org/entity/Q12257808
https://ehkultura.wikibase.cloud/entity/Q39410	http://www.wikidata.org/entity/Q12322023
https://ehkultura.wikibase.cloud/entity/Q39305	http://www.wikidata.org/entity/Q15449525
https://ehkultura.wikibase.cloud/entity/Q39508	http://www.wikidata.org/entity/Q16605380
https://ehkultura.wikibase.cloud/entity/Q39396	http://www.wikidata.org/entity/Q16943541
https://ehkultura.wikibase.cloud/entity/Q39560	http://www.wikidata.org/entity/Q17350650
https://ehkultura.wikibase.cloud/entity/Q39657	http://www.wikidata.org/entity/Q19668517
https://ehkultura.wikibase.cloud/entity/Q39223	http://www.wikidata.org/entity/Q19997590
https://ehkultura.wikibase.cloud/entity/Q39656	http://www.wikidata.org/entity/Q23776021
https://ehkultura.wikibase.cloud/entity/Q39549	http://www.wikidata.org/entity/Q27988229
https://ehkultura.wikibase.cloud/entity/Q39139	http://www.wikidata.org/entity/Q29652627
https://ehkultura.wikibase.cloud/entity/Q39401	http://www.wikidata.org/entity/Q30529090
https://ehkultura.wikibase.cloud/entity/Q39271	http://www.wikidata.org/entity/Q33114284
https://ehkultura.wikibase.cloud/entity/Q39290	http://www.wikidata.org/entity/Q33116792
https://ehkultura.wikibase.cloud/entity/Q39585	http://www.wikidata.org/entity/Q55403779
https://ehkultura.wikibase.cloud/entity/Q39220	http://www.wikidata.org/entity/Q59527533
https://ehkultura.wikibase.cloud/entity/Q39612	http://www.wikidata.org/entity/Q62392913
https://ehkultura.wikibase.cloud/entity/Q39435	http://www.wikidata.org/entity/Q63918441
https://ehkultura.wikibase.cloud/entity/Q39159	http://www.wikidata.org/entity/Q64746182
https://ehkultura.wikibase.cloud/entity/Q39306	http://www.wikidata.org/entity/Q68224555
https://ehkultura.wikibase.cloud/entity/Q39532	http://www.wikidata.org/entity/Q82277916
https://ehkultura.wikibase.cloud/entity/Q39570	http://www.wikidata.org/entity/Q87401530
https://ehkultura.wikibase.cloud/entity/Q39527	http://www.wikidata.org/entity/Q90666679
https://ehkultura.wikibase.cloud/entity/Q39433	http://www.wikidata.org/entity/Q91014243
https://ehkultura.wikibase.cloud/entity/Q39666	http://www.wikidata.org/entity/Q94508061
https://ehkultura.wikibase.cloud/entity/Q39274	http://www.wikidata.org/entity/Q96945623
https://ehkultura.wikibase.cloud/entity/Q39278	http://www.wikidata.org/entity/Q99479463
https://ehkultura.wikibase.cloud/entity/Q39579	http://www.wikidata.org/entity/Q102265187
https://ehkultura.wikibase.cloud/entity/Q39613	http://www.wikidata.org/entity/Q105459814
https://ehkultura.wikibase.cloud/entity/Q39607	http://www.wikidata.org/entity/Q108533237
https://ehkultura.wikibase.cloud/entity/Q39372	http://www.wikidata.org/entity/Q111694341
https://ehkultura.wikibase.cloud/entity/Q39353	http://www.wikidata.org/entity/Q112477636
https://ehkultura.wikibase.cloud/entity/Q39548	http://www.wikidata.org/entity/Q112545373
https://ehkultura.wikibase.cloud/entity/Q39275	http://www.wikidata.org/entity/Q112663780
https://ehkultura.wikibase.cloud/entity/Q39381	http://www.wikidata.org/entity/Q117043847
https://ehkultura.wikibase.cloud/entity/Q39136	http://www.wikidata.org/entity/Q117120416
https://ehkultura.wikibase.cloud/entity/Q39138	http://www.wikidata.org/entity/Q117120691
https://ehkultura.wikibase.cloud/entity/Q39590	http://www.wikidata.org/entity/Q117274399
https://ehkultura.wikibase.cloud/entity/Q39162	http://www.wikidata.org/entity/Q124692344
https://ehkultura.wikibase.cloud/entity/Q39195	http://www.wikidata.org/entity/Q124846227
https://ehkultura.wikibase.cloud/entity/Q39238	http://www.wikidata.org/entity/Q124849810
https://ehkultura.wikibase.cloud/entity/Q39528	http://www.wikidata.org/entity/Q124856278
https://ehkultura.wikibase.cloud/entity/Q39631	http://www.wikidata.org/entity/Q139444116
https://ehkultura.wikibase.cloud/entity/Q40374	http://www.wikidata.org/entity/Q71467
https://ehkultura.wikibase.cloud/entity/Q40367	http://www.wikidata.org/entity/Q78511
https://ehkultura.wikibase.cloud/entity/Q40286	http://www.wikidata.org/entity/Q167073
https://ehkultura.wikibase.cloud/entity/Q40494	http://www.wikidata.org/entity/Q365637
https://ehkultura.wikibase.cloud/entity/Q40688	http://www.wikidata.org/entity/Q600456
https://ehkultura.wikibase.cloud/entity/Q40818	http://www.wikidata.org/entity/Q583814
https://ehkultura.wikibase.cloud/entity/Q40268	http://www.wikidata.org/entity/Q732526
https://ehkultura.wikibase.cloud/entity/Q40369	http://www.wikidata.org/entity/Q785136
https://ehkultura.wikibase.cloud/entity/Q40592	http://www.wikidata.org/entity/Q966279
https://ehkultura.wikibase.cloud/entity/Q40434	http://www.wikidata.org/entity/Q1792925
https://ehkultura.wikibase.cloud/entity/Q40678	http://www.wikidata.org/entity/Q2263497
https://ehkultura.wikibase.cloud/entity/Q40359	http://www.wikidata.org/entity/Q2343934
https://ehkultura.wikibase.cloud/entity/Q40889	http://www.wikidata.org/entity/Q2269625
https://ehkultura.wikibase.cloud/entity/Q40554	http://www.wikidata.org/entity/Q2528904
https://ehkultura.wikibase.cloud/entity/Q40864	http://www.wikidata.org/entity/Q2545625
https://ehkultura.wikibase.cloud/entity/Q40915	http://www.wikidata.org/entity/Q2589897
https://ehkultura.wikibase.cloud/entity/Q40358	http://www.wikidata.org/entity/Q2749325
https://ehkultura.wikibase.cloud/entity/Q40321	http://www.wikidata.org/entity/Q2851301
https://ehkultura.wikibase.cloud/entity/Q40800	http://www.wikidata.org/entity/Q2898165
https://ehkultura.wikibase.cloud/entity/Q40790	http://www.wikidata.org/entity/Q3289344
https://ehkultura.wikibase.cloud/entity/Q40682	http://www.wikidata.org/entity/Q3398742
https://ehkultura.wikibase.cloud/entity/Q40795	http://www.wikidata.org/entity/Q3380482
https://ehkultura.wikibase.cloud/entity/Q40355	http://www.wikidata.org/entity/Q3623003
https://ehkultura.wikibase.cloud/entity/Q40407	http://www.wikidata.org/entity/Q4286542
https://ehkultura.wikibase.cloud/entity/Q40296	http://www.wikidata.org/entity/Q4717866
https://ehkultura.wikibase.cloud/entity/Q40556	http://www.wikidata.org/entity/Q5505013
https://ehkultura.wikibase.cloud/entity/Q40647	http://www.wikidata.org/entity/Q5535812
https://ehkultura.wikibase.cloud/entity/Q40823	http://www.wikidata.org/entity/Q5819627
https://ehkultura.wikibase.cloud/entity/Q40482	http://www.wikidata.org/entity/Q5895984
https://ehkultura.wikibase.cloud/entity/Q40627	http://www.wikidata.org/entity/Q5944171
https://ehkultura.wikibase.cloud/entity/Q40820	http://www.wikidata.org/entity/Q5984328
https://ehkultura.wikibase.cloud/entity/Q40599	http://www.wikidata.org/entity/Q6097442
https://ehkultura.wikibase.cloud/entity/Q40573	http://www.wikidata.org/entity/Q7144042
https://ehkultura.wikibase.cloud/entity/Q40536	http://www.wikidata.org/entity/Q7154764
https://ehkultura.wikibase.cloud/entity/Q40644	http://www.wikidata.org/entity/Q7152955
https://ehkultura.wikibase.cloud/entity/Q40495	http://www.wikidata.org/entity/Q7794266
https://ehkultura.wikibase.cloud/entity/Q40572	http://www.wikidata.org/entity/Q7926455
https://ehkultura.wikibase.cloud/entity/Q40597	http://www.wikidata.org/entity/Q8963211
https://ehkultura.wikibase.cloud/entity/Q40850	http://www.wikidata.org/entity/Q10309841
https://ehkultura.wikibase.cloud/entity/Q40543	http://www.wikidata.org/entity/Q11923065
https://ehkultura.wikibase.cloud/entity/Q40441	http://www.wikidata.org/entity/Q15458043
https://ehkultura.wikibase.cloud/entity/Q40917	http://www.wikidata.org/entity/Q16523054
https://ehkultura.wikibase.cloud/entity/Q40689	http://www.wikidata.org/entity/Q16887737
https://ehkultura.wikibase.cloud/entity/Q41651	http://www.wikidata.org/entity/Q81078
https://ehkultura.wikibase.cloud/entity/Q41224	http://www.wikidata.org/entity/Q191716
https://ehkultura.wikibase.cloud/entity/Q40996	http://www.wikidata.org/entity/Q254379
https://ehkultura.wikibase.cloud/entity/Q41579	http://www.wikidata.org/entity/Q154538
https://ehkultura.wikibase.cloud/entity/Q41003	http://www.wikidata.org/entity/Q315484
https://ehkultura.wikibase.cloud/entity/Q41237	http://www.wikidata.org/entity/Q275707
https://ehkultura.wikibase.cloud/entity/Q41075	http://www.wikidata.org/entity/Q380426
https://ehkultura.wikibase.cloud/entity/Q41189	http://www.wikidata.org/entity/Q463661
https://ehkultura.wikibase.cloud/entity/Q41557	http://www.wikidata.org/entity/Q378757
https://ehkultura.wikibase.cloud/entity/Q41613	http://www.wikidata.org/entity/Q429817
https://ehkultura.wikibase.cloud/entity/Q41443	http://www.wikidata.org/entity/Q476192
https://ehkultura.wikibase.cloud/entity/Q41477	http://www.wikidata.org/entity/Q471402
https://ehkultura.wikibase.cloud/entity/Q41181	http://www.wikidata.org/entity/Q575886
https://ehkultura.wikibase.cloud/entity/Q41279	http://www.wikidata.org/entity/Q573167
https://ehkultura.wikibase.cloud/entity/Q41529	http://www.wikidata.org/entity/Q565472
https://ehkultura.wikibase.cloud/entity/Q41686	http://www.wikidata.org/entity/Q552135
https://ehkultura.wikibase.cloud/entity/Q40943	http://www.wikidata.org/entity/Q980355
https://ehkultura.wikibase.cloud/entity/Q41110	http://www.wikidata.org/entity/Q957711
https://ehkultura.wikibase.cloud/entity/Q41355	http://www.wikidata.org/entity/Q1346819
https://ehkultura.wikibase.cloud/entity/Q41547	http://www.wikidata.org/entity/Q1452440
https://ehkultura.wikibase.cloud/entity/Q41650	http://www.wikidata.org/entity/Q1502565
https://ehkultura.wikibase.cloud/entity/Q41480	http://www.wikidata.org/entity/Q1670958
https://ehkultura.wikibase.cloud/entity/Q41368	http://www.wikidata.org/entity/Q2087781
https://ehkultura.wikibase.cloud/entity/Q41642	http://www.wikidata.org/entity/Q2159629
https://ehkultura.wikibase.cloud/entity/Q40965	http://www.wikidata.org/entity/Q2416907
https://ehkultura.wikibase.cloud/entity/Q40953	http://www.wikidata.org/entity/Q2474874
https://ehkultura.wikibase.cloud/entity/Q41282	http://www.wikidata.org/entity/Q2520789
https://ehkultura.wikibase.cloud/entity/Q41053	http://www.wikidata.org/entity/Q2599716
https://ehkultura.wikibase.cloud/entity/Q40958	http://www.wikidata.org/entity/Q2858179
https://ehkultura.wikibase.cloud/entity/Q41663	http://www.wikidata.org/entity/Q2898183
https://ehkultura.wikibase.cloud/entity/Q41363	http://www.wikidata.org/entity/Q3067023
https://ehkultura.wikibase.cloud/entity/Q41421	http://www.wikidata.org/entity/Q3105795
https://ehkultura.wikibase.cloud/entity/Q41684	http://www.wikidata.org/entity/Q3089963
https://ehkultura.wikibase.cloud/entity/Q41553	http://www.wikidata.org/entity/Q3134070
https://ehkultura.wikibase.cloud/entity/Q41365	http://www.wikidata.org/entity/Q3301258
https://ehkultura.wikibase.cloud/entity/Q41689	http://www.wikidata.org/entity/Q3269189
https://ehkultura.wikibase.cloud/entity/Q41039	http://www.wikidata.org/entity/Q3824157
https://ehkultura.wikibase.cloud/entity/Q41317	http://www.wikidata.org/entity/Q4500198
https://ehkultura.wikibase.cloud/entity/Q41331	http://www.wikidata.org/entity/Q4768663
https://ehkultura.wikibase.cloud/entity/Q41586	http://www.wikidata.org/entity/Q4888856
https://ehkultura.wikibase.cloud/entity/Q40945	http://www.wikidata.org/entity/Q5483885
https://ehkultura.wikibase.cloud/entity/Q41361	http://www.wikidata.org/entity/Q7145363
https://ehkultura.wikibase.cloud/entity/Q41217	http://www.wikidata.org/entity/Q7358574
https://ehkultura.wikibase.cloud/entity/Q40922	http://www.wikidata.org/entity/Q9014688
https://ehkultura.wikibase.cloud/entity/Q41133	http://www.wikidata.org/entity/Q12022009
https://ehkultura.wikibase.cloud/entity/Q41527	http://www.wikidata.org/entity/Q11941418
https://ehkultura.wikibase.cloud/entity/Q41407	http://www.wikidata.org/entity/Q12013202
https://ehkultura.wikibase.cloud/entity/Q41426	http://www.wikidata.org/entity/Q12810663
https://ehkultura.wikibase.cloud/entity/Q41204	http://www.wikidata.org/entity/Q13077262
https://ehkultura.wikibase.cloud/entity/Q40977	http://www.wikidata.org/entity/Q13539263
https://ehkultura.wikibase.cloud/entity/Q41545	http://www.wikidata.org/entity/Q15235288
https://ehkultura.wikibase.cloud/entity/Q40944	http://www.wikidata.org/entity/Q15627801
https://ehkultura.wikibase.cloud/entity/Q41521	http://www.wikidata.org/entity/Q16945890
https://ehkultura.wikibase.cloud/entity/Q41629	http://www.wikidata.org/entity/Q17582627
https://ehkultura.wikibase.cloud/entity/Q41493	http://www.wikidata.org/entity/Q19291189
https://ehkultura.wikibase.cloud/entity/Q40969	http://www.wikidata.org/entity/Q21132727
https://ehkultura.wikibase.cloud/entity/Q41188	http://www.wikidata.org/entity/Q21091613
https://ehkultura.wikibase.cloud/entity/Q41051	http://www.wikidata.org/entity/Q21467751
https://ehkultura.wikibase.cloud/entity/Q41100	http://www.wikidata.org/entity/Q21547392
https://ehkultura.wikibase.cloud/entity/Q41089	http://www.wikidata.org/entity/Q21550183
https://ehkultura.wikibase.cloud/entity/Q41568	http://www.wikidata.org/entity/Q21598333
https://ehkultura.wikibase.cloud/entity/Q41212	http://www.wikidata.org/entity/Q22976217
https://ehkultura.wikibase.cloud/entity/Q41066	http://www.wikidata.org/entity/Q23696517
https://ehkultura.wikibase.cloud/entity/Q41377	http://www.wikidata.org/entity/Q23926558
https://ehkultura.wikibase.cloud/entity/Q41062	http://www.wikidata.org/entity/Q27229528
https://ehkultura.wikibase.cloud/entity/Q41320	http://www.wikidata.org/entity/Q33126475
https://ehkultura.wikibase.cloud/entity/Q41093	http://www.wikidata.org/entity/Q38112225
https://ehkultura.wikibase.cloud/entity/Q41123	http://www.wikidata.org/entity/Q40740446
https://ehkultura.wikibase.cloud/entity/Q41036	http://www.wikidata.org/entity/Q44738751
https://ehkultura.wikibase.cloud/entity/Q40925	http://www.wikidata.org/entity/Q55229432
https://ehkultura.wikibase.cloud/entity/Q41147	http://www.wikidata.org/entity/Q55938625
https://ehkultura.wikibase.cloud/entity/Q41577	http://www.wikidata.org/entity/Q57298878
https://ehkultura.wikibase.cloud/entity/Q41606	http://www.wikidata.org/entity/Q84054549
https://ehkultura.wikibase.cloud/entity/Q41243	http://www.wikidata.org/entity/Q93237099
https://ehkultura.wikibase.cloud/entity/Q41184	http://www.wikidata.org/entity/Q93373042
https://ehkultura.wikibase.cloud/entity/Q41312	http://www.wikidata.org/entity/Q93371050
https://ehkultura.wikibase.cloud/entity/Q41162	http://www.wikidata.org/entity/Q93429681
https://ehkultura.wikibase.cloud/entity/Q40967	http://www.wikidata.org/entity/Q95191802
https://ehkultura.wikibase.cloud/entity/Q41518	http://www.wikidata.org/entity/Q95233316
https://ehkultura.wikibase.cloud/entity/Q41126	http://www.wikidata.org/entity/Q99395695
https://ehkultura.wikibase.cloud/entity/Q41399	http://www.wikidata.org/entity/Q102078290
https://ehkultura.wikibase.cloud/entity/Q41419	http://www.wikidata.org/entity/Q103856246
https://ehkultura.wikibase.cloud/entity/Q41609	http://www.wikidata.org/entity/Q106693231
https://ehkultura.wikibase.cloud/entity/Q41404	http://www.wikidata.org/entity/Q108478010
https://ehkultura.wikibase.cloud/entity/Q41381	http://www.wikidata.org/entity/Q110056355
https://ehkultura.wikibase.cloud/entity/Q41196	http://www.wikidata.org/entity/Q110125618
https://ehkultura.wikibase.cloud/entity/Q41510	http://www.wikidata.org/entity/Q110137316
https://ehkultura.wikibase.cloud/entity/Q41072	http://www.wikidata.org/entity/Q111602694
https://ehkultura.wikibase.cloud/entity/Q41076	http://www.wikidata.org/entity/Q112462308
https://ehkultura.wikibase.cloud/entity/Q41511	http://www.wikidata.org/entity/Q117356298
https://ehkultura.wikibase.cloud/entity/Q41649	http://www.wikidata.org/entity/Q118817554
https://ehkultura.wikibase.cloud/entity/Q41200	http://www.wikidata.org/entity/Q123139906
https://ehkultura.wikibase.cloud/entity/Q41233	http://www.wikidata.org/entity/Q125305081
https://ehkultura.wikibase.cloud/entity/Q41096	http://www.wikidata.org/entity/Q130769570
https://ehkultura.wikibase.cloud/entity/Q41610	http://www.wikidata.org/entity/Q130771597
https://ehkultura.wikibase.cloud/entity/Q41494	http://www.wikidata.org/entity/Q132528266
https://ehkultura.wikibase.cloud/entity/Q41587	http://www.wikidata.org/entity/Q46868
